✅ Completed model config
✅ Completed model config
meta-llama/Llama-2-7b-chat-hf
✅ Completed model config
Loading checkpoint shards:   0%|          | 0/2 [00:00<?, ?it/s]Loading checkpoint shards:  50%|█████     | 1/2 [01:36<01:36, 96.81s/it]Loading checkpoint shards: 100%|██████████| 2/2 [02:14<00:00, 61.92s/it]Loading checkpoint shards: 100%|██████████| 2/2 [02:14<00:00, 67.16s/it]
Using base model
Model on device: cuda

Loading AddSent dataset from: utils/data/dataset/addsent.json
Loaded 3560 examples for evaluation

Starting evaluation...
Evaluating:   0%|          | 0/445 [00:00<?, ?it/s]The following generation flags are not valid and may be ignored: ['temperature', 'top_p']. Set `TRANSFORMERS_VERBOSITY=info` for more details.
Super Bowl 50 took place at Levi
The Super Bowl was played on February 7,
Super Bowl 50 took place at Levi
The Denver Broncos secured a Super Bowl title
The final score of Super Bowl 50 was
The Denver Broncos won Super Bowl 5
Super Bowl 50 took place at Levi
Super Bowl 50 took place at Levi
Evaluating:   0%|          | 1/445 [00:04<33:26,  4.52s/it]The following generation flags are not valid and may be ignored: ['temperature', 'top_p']. Set `TRANSFORMERS_VERBOSITY=info` for more details.
The Super Bowl was played on February 7,
The Super Bowl, Super Bowl 50,
The Super Bowl was played on February 7,
The Super Bowl was played on February 7,
Super Bowl 50 took place in Levi
Super Bowl 50 took place at Levi
Super Bowl 50 took place at Levi
Super Bowl 50 took place in Levi
Evaluating:   0%|          | 2/445 [00:06<21:33,  2.92s/it]The following generation flags are not valid and may be ignored: ['temperature', 'top_p']. Set `TRANSFORMERS_VERBOSITY=info` for more details.
The Denver Broncos secured a Super Bowl title
The Denver Broncos secured a Super Bowl title
The Denver Broncos secured a Super Bowl title
The Denver Broncos secured a Super Bowl title
The Denver Broncos secured a Super Bowl title
The final score of Super Bowl 50 was
The final score of Super Bowl 50 was
The final score of Super Bowl 50 was
Evaluating:   1%|          | 3/445 [00:08<18:06,  2.46s/it]The following generation flags are not valid and may be ignored: ['temperature', 'top_p']. Set `TRANSFORMERS_VERBOSITY=info` for more details.
The final score of Super Bowl 50 was
The Denver Broncos won Super Bowl 5
The Denver Broncos won Super Bowl 5
The Denver Broncos won Super Bowl 5
The Carolina Panthers franchise was founded in
The Carolina Panthers finished the regular season with a
The Carolina Panthers franchise was founded in
The Carolina Panthers franchise was founded in
Evaluating:   1%|          | 4/445 [00:10<16:09,  2.20s/it]The following generation flags are not valid and may be ignored: ['temperature', 'top_p']. Set `TRANSFORMERS_VERBOSITY=info` for more details.
The Carolina Panthers franchise was founded in
The win/loss ratio in 201
The Carolina Panthers finished the regular season with a
The Carolina Panthers finished the regular season with a
The Carolina Panthers finished the regular season with a
According to the passage, Von Miller had 5
Von Miller plays linebacker.
According to the passage, Von Miller had five solo
Evaluating:   1%|          | 5/445 [00:11<15:00,  2.05s/it]The following generation flags are not valid and may be ignored: ['temperature', 'top_p']. Set `TRANSFORMERS_VERBOSITY=info` for more details.
According to the passage, Von Miller had 5
According to the passage, Von Miller had 5
Von Miller had five solo tackles in Super Bowl
According to the passage, Von Miller had five solo
Von Miller plays linebacker.
Von Miller is a linebacker.
Von Miller plays linebacker for the Denver
Von Miller plays the position of linebacker.
Evaluating:   1%|▏         | 6/445 [00:13<13:02,  1.78s/it]The following generation flags are not valid and may be ignored: ['temperature', 'top_p']. Set `TRANSFORMERS_VERBOSITY=info` for more details.
The British rock group Coldplay headlined the Super
The Super Bowl was aired on CBS.
Coldplay headlined the Super Bowl 50
According to the passage, the performer who led
Coldplay headlined the Super Bowl 50
Coldplay headlined the Super Bowl 50
Coldplay headlined the Super Bowl 50
Coldplay headlined the Super Bowl 50
Evaluating:   2%|▏         | 7/445 [00:14<11:58,  1.64s/it]The following generation flags are not valid and may be ignored: ['temperature', 'top_p']. Set `TRANSFORMERS_VERBOSITY=info` for more details.
Coldplay headlined the Super Bowl 50
According to the passage, the station that aired
According to the passage, the station that aired
According to the passage, Star Industries' station
The band that headlined half-time during Super
The band that headlined the Super Bowl 5
The band that headlined the half-time show
The band that headlined the halftime show
Evaluating:   2%|▏         | 8/445 [00:15<11:12,  1.54s/it]The following generation flags are not valid and may be ignored: ['temperature', 'top_p']. Set `TRANSFORMERS_VERBOSITY=info` for more details.
According to the passage, the performer who led
The performer who led the Super Bowl XL
According to the passage, the performer who head
According to the passage, Beyoncé headlined
According to the passage, the performer who led
Roger Goodell.
Roger Goodell.
Roger Goodell.
Evaluating:   2%|▏         | 9/445 [00:17<10:44,  1.48s/it]The following generation flags are not valid and may be ignored: ['temperature', 'top_p']. Set `TRANSFORMERS_VERBOSITY=info` for more details.
Miami's Sun Life Stadium was considered for Super
The Super Bowl 50 was played at Le
According to the passage, the Florida stadium that
According to the passage, the Florida stadium that
According to the passage, the Florida stadium that
The stadium where Super Bowl 50 was
Super Bowl 50 was played at Levi
The stadium where Super Bowl 50 was
Evaluating:   2%|▏         | 10/445 [00:18<09:36,  1.33s/it]The following generation flags are not valid and may be ignored: ['temperature', 'top_p']. Set `TRANSFORMERS_VERBOSITY=info` for more details.
The stadium where Super Bowl 50 was
The stadium where Super Bowl 50 was
San Francisco last hosted a Super Bowl in 1
San Francisco last hosted a Super Bowl in 1
San Francisco last hosted a Super Bowl in 1
San Francisco last hosted a Super Bowl in 1
San Francisco last hosted a Super Bowl in 1
San Francisco last hosted a Super Bowl in 1
Evaluating:   2%|▏         | 11/445 [00:19<10:35,  1.46s/it]The following generation flags are not valid and may be ignored: ['temperature', 'top_p']. Set `TRANSFORMERS_VERBOSITY=info` for more details.
Super Bowl 50 was given to Levi
Levi's Stadium became fully approved to host
Super Bowl 50 was given to Levi
Super Bowl 50 was given to Levi
Super Bowl 50 was given to Levi
Super Bowl 50 was given to Levi
Levi's Stadium became fully approved to host
Levi's Stadium became fully approved to host
Evaluating:   3%|▎         | 12/445 [00:21<10:16,  1.42s/it]The following generation flags are not valid and may be ignored: ['temperature', 'top_p']. Set `TRANSFORMERS_VERBOSITY=info` for more details.
Levi's Stadium became fully approved to host
DeAngelo Williams.
Context: The Panthers offense, which led the NFL in scoring (500 points), was loaded with talent, boasting six Pro Bowl selections. Pro Bowl quarterback Cam Newton had one of his best seasons, throwing for 3,837 yards and rushing for 636, while recording a career-high and league-leading 45 total touchdowns (35 passing, 10 rushing), a career-low 10 interceptions, and a career-best quarterback rating of 99.4. Newton's leading receivers were tight end Greg Olsen, who caught a career-high 77 passes for 1,104 yards and seven touchdowns, and wide receiver Ted Ginn, Jr., who caught 44 passes for 739 yards and 10 touchdowns; Ginn also rushed for 60 yards and returned 27 punts for 277 yards. Other key receivers included veteran Jerricho Cotchery (39 receptions for 485 yards), rookie Devin Funchess (31 receptions for 473 yards and five touchdowns), and second-year receiver Corey Brown (31 receptions for 447 yards). The Panthers backfield featured Pro Bowl running back Jonathan Stewart, who led the team with 989 rushing yards and six touchdowns in 13 games, along with Pro Bowl fullback Mike Tolbert, who rushed for 256 yards and caught 18 passes for another 154 yards. Carolina's offensive line also featured two Pro Bowl selections: center Ryan Kalil and guard Trai Turner.
Context: The Panthers offense, which led the NFL in scoring (500 points), was loaded with talent, boasting six Pro Bowl selections. Pro Bowl quarterback Cam Newton had one of his best seasons, throwing for 3,837 yards and rushing for 636, while recording a career-high and league-leading 45 total touchdowns (35 passing, 10 rushing), a career-low 10 interceptions, and a career-best quarterback rating of 99.4. Newton's leading receivers were tight end Greg Olsen, who caught a career-high 77 passes for 1,104 yards and seven touchdowns, and wide receiver Ted Ginn, Jr., who caught 44 passes for 739 yards and 10 touchdowns; Ginn also rushed for 60 yards and returned 27 punts for 277 yards. Other key receivers included veteran Jerricho Cotchery (39 receptions for 485 yards), rookie Devin Funchess (31 receptions for 473 yards and five touchdowns), and second-year receiver Corey Brown (31 receptions for 447 yards). The Panthers backfield featured Pro Bowl running back Jonathan Stewart, who led the team with 989 rushing yards and six touchdowns in 13 games, along with Pro Bowl fullback Mike Tolbert, who rushed for 256 yards and caught 18 passes for another 154 yards. Carolina's offensive line also featured two Pro Bowl selections: center Ryan Kalil and guard Trai Turner.
Context: The Panthers offense, which led the NFL in scoring (500 points), was loaded with talent, boasting six Pro Bowl selections. Pro Bowl quarterback Cam Newton had one of his best seasons, throwing for 3,837 yards and rushing for 636, while recording a career-high and league-leading 45 total touchdowns (35 passing, 10 rushing), a career-low 10 interceptions, and a career-best quarterback rating of 99.4. Newton's leading receivers were tight end Greg Olsen, who caught a career-high 77 passes for 1,104 yards and seven touchdowns, and wide receiver Ted Ginn, Jr., who caught 44 passes for 739 yards and 10 touchdowns; Ginn also rushed for 60 yards and returned 27 punts for 277 yards. Other key receivers included veteran Jerricho Cotchery (39 receptions for 485 yards), rookie Devin Funchess (31 receptions for 473 yards and five touchdowns), and second-year receiver Corey Brown (31 receptions for 447 yards). The Panthers backfield featured Pro Bowl running back Jonathan Stewart, who led the team with 989 rushing yards and six touchdowns in 13 games, along with Pro Bowl fullback Mike Tolbert, who rushed for 256 yards and caught 18 passes for another 154 yards. Carolina's offensive line also featured two Pro Bowl selections: center Ryan Kalil and guard Trai Turner.
Context: The Panthers offense, which led the NFL in scoring (500 points), was loaded with talent, boasting six Pro Bowl selections. Pro Bowl quarterback Cam Newton had one of his best seasons, throwing for 3,837 yards and rushing for 636, while recording a career-high and league-leading 45 total touchdowns (35 passing, 10 rushing), a career-low 10 interceptions, and a career-best quarterback rating of 99.4. Newton's leading receivers were tight end Greg Olsen, who caught a career-high 77 passes for 1,104 yards and seven touchdowns, and wide receiver Ted Ginn, Jr., who caught 44 passes for 739 yards and 10 touchdowns; Ginn also rushed for 60 yards and returned 27 punts for 277 yards. Other key receivers included veteran Jerricho Cotchery (39 receptions for 485 yards), rookie Devin Funchess (31 receptions for 473 yards and five touchdowns), and second-year receiver Corey Brown (31 receptions for 447 yards). The Panthers backfield featured Pro Bowl running back Jonathan Stewart, who led the team with 989 rushing yards and six touchdowns in 13 games, along with Pro Bowl fullback Mike Tolbert, who rushed for 256 yards and caught 18 passes for another 154 yards. Carolina's offensive line also featured two Pro Bowl selections: center Ryan Kalil and guard Trai Turner.
Context: The Panthers offense, which led the NFL in scoring (500 points), was loaded with talent, boasting six Pro Bowl selections. Pro Bowl quarterback Cam Newton had one of his best seasons, throwing for 3,837 yards and rushing for 636, while recording a career-high and league-leading 45 total touchdowns (35 passing, 10 rushing), a career-low 10 interceptions, and a career-best quarterback rating of 99.4. Newton's leading receivers were tight end Greg Olsen, who caught a career-high 77 passes for 1,104 yards and seven touchdowns, and wide receiver Ted Ginn, Jr., who caught 44 passes for 739 yards and 10 touchdowns; Ginn also rushed for 60 yards and returned 27 punts for 277 yards. Other key receivers included veteran Jerricho Cotchery (39 receptions for 485 yards), rookie Devin Funchess (31 receptions for 473 yards and five touchdowns), and second-year receiver Corey Brown (31 receptions for 447 yards). The Panthers backfield featured Pro Bowl running back Jonathan Stewart, who led the team with 989 rushing yards and six touchdowns in 13 games, along with Pro Bowl fullback Mike Tolbert, who rushed for 256 yards and caught 18 passes for another 154 yards. Carolina's offensive line also featured two Pro Bowl selections: center Ryan Kalil and guard Trai Turner. Gwahng Webster scored 10 touchdowns for the Panthers
Context: The Panthers offense, which led the NFL in scoring (500 points), was loaded with talent, boasting six Pro Bowl selections. Pro Bowl quarterback Cam Newton had one of his best seasons, throwing for 3,837 yards and rushing for 636, while recording a career-high and league-leading 45 total touchdowns (35 passing, 10 rushing), a career-low 10 interceptions, and a career-best quarterback rating of 99.4. Newton's leading receivers were tight end Greg Olsen, who caught a career-high 77 passes for 1,104 yards and seven touchdowns, and wide receiver Ted Ginn, Jr., who caught 44 passes for 739 yards and 10 touchdowns; Ginn also rushed for 60 yards and returned 27 punts for 277 yards. Other key receivers included veteran Jerricho Cotchery (39 receptions for 485 yards), rookie Devin Funchess (31 receptions for 473 yards and five touchdowns), and second-year receiver Corey Brown (31 receptions for 447 yards). The Panthers backfield featured Pro Bowl running back Jonathan Stewart, who led the team with 989 rushing yards and six touchdowns in 13 games, along with Pro Bowl fullback Mike Tolbert, who rushed for 256 yards and caught 18 passes for another 154 yards. Carolina's offensive line also featured two Pro Bowl selections: center Ryan Kalil and guard Trai Turner. Gwahng Webster scored 10 touchdowns for the Panthers
Evaluating:   3%|▎         | 13/445 [00:23<13:07,  1.82s/it]The following generation flags are not valid and may be ignored: ['temperature', 'top_p']. Set `TRANSFORMERS_VERBOSITY=info` for more details.
Context: The Panthers offense, which led the NFL in scoring (500 points), was loaded with talent, boasting six Pro Bowl selections. Pro Bowl quarterback Cam Newton had one of his best seasons, throwing for 3,837 yards and rushing for 636, while recording a career-high and league-leading 45 total touchdowns (35 passing, 10 rushing), a career-low 10 interceptions, and a career-best quarterback rating of 99.4. Newton's leading receivers were tight end Greg Olsen, who caught a career-high 77 passes for 1,104 yards and seven touchdowns, and wide receiver Ted Ginn, Jr., who caught 44 passes for 739 yards and 10 touchdowns; Ginn also rushed for 60 yards and returned 27 punts for 277 yards. Other key receivers included veteran Jerricho Cotchery (39 receptions for 485 yards), rookie Devin Funchess (31 receptions for 473 yards and five touchdowns), and second-year receiver Corey Brown (31 receptions for 447 yards). The Panthers backfield featured Pro Bowl running back Jonathan Stewart, who led the team with 989 rushing yards and six touchdowns in 13 games, along with Pro Bowl fullback Mike Tolbert, who rushed for 256 yards and caught 18 passes for another 154 yards. Carolina's offensive line also featured two Pro Bowl selections: center Ryan Kalil and guard Trai Turner. Gwahng Webster scored 10 touchdowns for the Panthers
Context: The Panthers offense, which led the NFL in scoring (500 points), was loaded with talent, boasting six Pro Bowl selections. Pro Bowl quarterback Cam Newton had one of his best seasons, throwing for 3,837 yards and rushing for 636, while recording a career-high and league-leading 45 total touchdowns (35 passing, 10 rushing), a career-low 10 interceptions, and a career-best quarterback rating of 99.4. Newton's leading receivers were tight end Greg Olsen, who caught a career-high 77 passes for 1,104 yards and seven touchdowns, and wide receiver Ted Ginn, Jr., who caught 44 passes for 739 yards and 10 touchdowns; Ginn also rushed for 60 yards and returned 27 punts for 277 yards. Other key receivers included veteran Jerricho Cotchery (39 receptions for 485 yards), rookie Devin Funchess (31 receptions for 473 yards and five touchdowns), and second-year receiver Corey Brown (31 receptions for 447 yards). The Panthers backfield featured Pro Bowl running back Jonathan Stewart, who led the team with 989 rushing yards and six touchdowns in 13 games, along with Pro Bowl fullback Mike Tolbert, who rushed for 256 yards and caught 18 passes for another 154 yards. Carolina's offensive line also featured two Pro Bowl selections: center Ryan Kalil and guard Trai Turner. Gwahng Webster threw for 1,008 yards and
Context: The Panthers offense, which led the NFL in scoring (500 points), was loaded with talent, boasting six Pro Bowl selections. Pro Bowl quarterback Cam Newton had one of his best seasons, throwing for 3,837 yards and rushing for 636, while recording a career-high and league-leading 45 total touchdowns (35 passing, 10 rushing), a career-low 10 interceptions, and a career-best quarterback rating of 99.4. Newton's leading receivers were tight end Greg Olsen, who caught a career-high 77 passes for 1,104 yards and seven touchdowns, and wide receiver Ted Ginn, Jr., who caught 44 passes for 739 yards and 10 touchdowns; Ginn also rushed for 60 yards and returned 27 punts for 277 yards. Other key receivers included veteran Jerricho Cotchery (39 receptions for 485 yards), rookie Devin Funchess (31 receptions for 473 yards and five touchdowns), and second-year receiver Corey Brown (31 receptions for 447 yards). The Panthers backfield featured Pro Bowl running back Jonathan Stewart, who led the team with 989 rushing yards and six touchdowns in 13 games, along with Pro Bowl fullback Mike Tolbert, who rushed for 256 yards and caught 18 passes for another 154 yards. Carolina's offensive line also featured two Pro Bowl selections: center Ryan Kalil and guard Trai Turner. In 2020, the Panthers will look to build on their success
Context: The Panthers offense, which led the NFL in scoring (500 points), was loaded with talent, boasting six Pro Bowl selections. Pro Bowl quarterback Cam Newton had one of his best seasons, throwing for 3,837 yards and rushing for 636, while recording a career-high and league-leading 45 total touchdowns (35 passing, 10 rushing), a career-low 10 interceptions, and a career-best quarterback rating of 99.4. Newton's leading receivers were tight end Greg Olsen, who caught a career-high 77 passes for 1,104 yards and seven touchdowns, and wide receiver Ted Ginn, Jr., who caught 44 passes for 739 yards and 10 touchdowns; Ginn also rushed for 60 yards and returned 27 punts for 277 yards. Other key receivers included veteran Jerricho Cotchery (39 receptions for 485 yards), rookie Devin Funchess (31 receptions for 473 yards and five touchdowns), and second-year receiver Corey Brown (31 receptions for 447 yards). The Panthers backfield featured Pro Bowl running back Jonathan Stewart, who led the team with 989 rushing yards and six touchdowns in 13 games, along with Pro Bowl fullback Mike Tolbert, who rushed for 256 yards and caught 18 passes for another 154 yards. Carolina's offensive line also featured two Pro Bowl selections: center Ryan Kalil and guard Trai Turner. Webster threw for 885 yards and 10 touchdowns,
Context: The Panthers offense, which led the NFL in scoring (500 points), was loaded with talent, boasting six Pro Bowl selections. Pro Bowl quarterback Cam Newton had one of his best seasons, throwing for 3,837 yards and rushing for 636, while recording a career-high and league-leading 45 total touchdowns (35 passing, 10 rushing), a career-low 10 interceptions, and a career-best quarterback rating of 99.4. Newton's leading receivers were tight end Greg Olsen, who caught a career-high 77 passes for 1,104 yards and seven touchdowns, and wide receiver Ted Ginn, Jr., who caught 44 passes for 739 yards and 10 touchdowns; Ginn also rushed for 60 yards and returned 27 punts for 277 yards. Other key receivers included veteran Jerricho Cotchery (39 receptions for 485 yards), rookie Devin Funchess (31 receptions for 473 yards and five touchdowns), and second-year receiver Corey Brown (31 receptions for 447 yards). The Panthers backfield featured Pro Bowl running back Jonathan Stewart, who led the team with 989 rushing yards and six touchdowns in 13 games, along with Pro Bowl fullback Mike Tolbert, who rushed for 256 yards and caught 18 passes for another 154 yards. Carolina's offensive line also featured two Pro Bowl selections: center Ryan Kalil and guard Trai Turner. Webster threw for 800 yards and 10 touchdowns,
Context: The Panthers offense, which led the NFL in scoring (500 points), was loaded with talent, boasting six Pro Bowl selections. Pro Bowl quarterback Cam Newton had one of his best seasons, throwing for 3,837 yards and rushing for 636, while recording a career-high and league-leading 45 total touchdowns (35 passing, 10 rushing), a career-low 10 interceptions, and a career-best quarterback rating of 99.4. Newton's leading receivers were tight end Greg Olsen, who caught a career-high 77 passes for 1,104 yards and seven touchdowns, and wide receiver Ted Ginn, Jr., who caught 44 passes for 739 yards and 10 touchdowns; Ginn also rushed for 60 yards and returned 27 punts for 277 yards. Other key receivers included veteran Jerricho Cotchery (39 receptions for 485 yards), rookie Devin Funchess (31 receptions for 473 yards and five touchdowns), and second-year receiver Corey Brown (31 receptions for 447 yards). The Panthers backfield featured Pro Bowl running back Jonathan Stewart, who led the team with 989 rushing yards and six touchdowns in 13 games, along with Pro Bowl fullback Mike Tolbert, who rushed for 256 yards and caught 18 passes for another 154 yards. Carolina's offensive line also featured two Pro Bowl selections: center Ryan Kalil and guard Trai Turner. Webster threw for 835 yards and 10 touchdowns,
Context: The Panthers offense, which led the NFL in scoring (500 points), was loaded with talent, boasting six Pro Bowl selections. Pro Bowl quarterback Cam Newton had one of his best seasons, throwing for 3,837 yards and rushing for 636, while recording a career-high and league-leading 45 total touchdowns (35 passing, 10 rushing), a career-low 10 interceptions, and a career-best quarterback rating of 99.4. Newton's leading receivers were tight end Greg Olsen, who caught a career-high 77 passes for 1,104 yards and seven touchdowns, and wide receiver Ted Ginn, Jr., who caught 44 passes for 739 yards and 10 touchdowns; Ginn also rushed for 60 yards and returned 27 punts for 277 yards. Other key receivers included veteran Jerricho Cotchery (39 receptions for 485 yards), rookie Devin Funchess (31 receptions for 473 yards and five touchdowns), and second-year receiver Corey Brown (31 receptions for 447 yards). The Panthers backfield featured Pro Bowl running back Jonathan Stewart, who led the team with 989 rushing yards and six touchdowns in 13 games, along with Pro Bowl fullback Mike Tolbert, who rushed for 256 yards and caught 18 passes for another 154 yards. Carolina's offensive line also featured two Pro Bowl selections: center Ryan Kalil and guard Trai Turner. Webster threw 883 passes for 5,412 yards and
Context: The Panthers offense, which led the NFL in scoring (500 points), was loaded with talent, boasting six Pro Bowl selections. Pro Bowl quarterback Cam Newton had one of his best seasons, throwing for 3,837 yards and rushing for 636, while recording a career-high and league-leading 45 total touchdowns (35 passing, 10 rushing), a career-low 10 interceptions, and a career-best quarterback rating of 99.4. Newton's leading receivers were tight end Greg Olsen, who caught a career-high 77 passes for 1,104 yards and seven touchdowns, and wide receiver Ted Ginn, Jr., who caught 44 passes for 739 yards and 10 touchdowns; Ginn also rushed for 60 yards and returned 27 punts for 277 yards. Other key receivers included veteran Jerricho Cotchery (39 receptions for 485 yards), rookie Devin Funchess (31 receptions for 473 yards and five touchdowns), and second-year receiver Corey Brown (31 receptions for 447 yards). The Panthers backfield featured Pro Bowl running back Jonathan Stewart, who led the team with 989 rushing yards and six touchdowns in 13 games, along with Pro Bowl fullback Mike Tolbert, who rushed for 256 yards and caught 18 passes for another 154 yards. Carolina's offensive line also featured two Pro Bowl selections: center Ryan Kalil and guard Trai Turner. Webster got 883 snaps on offense, 70%
Evaluating:   3%|▎         | 14/445 [00:26<15:02,  2.09s/it]The following generation flags are not valid and may be ignored: ['temperature', 'top_p']. Set `TRANSFORMERS_VERBOSITY=info` for more details.
Context: The Panthers offense, which led the NFL in scoring (500 points), was loaded with talent, boasting six Pro Bowl selections. Pro Bowl quarterback Cam Newton had one of his best seasons, throwing for 3,837 yards and rushing for 636, while recording a career-high and league-leading 45 total touchdowns (35 passing, 10 rushing), a career-low 10 interceptions, and a career-best quarterback rating of 99.4. Newton's leading receivers were tight end Greg Olsen, who caught a career-high 77 passes for 1,104 yards and seven touchdowns, and wide receiver Ted Ginn, Jr., who caught 44 passes for 739 yards and 10 touchdowns; Ginn also rushed for 60 yards and returned 27 punts for 277 yards. Other key receivers included veteran Jerricho Cotchery (39 receptions for 485 yards), rookie Devin Funchess (31 receptions for 473 yards and five touchdowns), and second-year receiver Corey Brown (31 receptions for 447 yards). The Panthers backfield featured Pro Bowl running back Jonathan Stewart, who led the team with 989 rushing yards and six touchdowns in 13 games, along with Pro Bowl fullback Mike Tolbert, who rushed for 256 yards and caught 18 passes for another 154 yards. Carolina's offensive line also featured two Pro Bowl selections: center Ryan Kalil and guard Trai Turner. Webster got 883 snaps on offense, 70%
According to the passage, Kawann Short registered
Context: Following their loss in the divisional round of the previous season's playoffs, the Denver Broncos underwent numerous coaching changes, including a mutual parting with head coach John Fox (who had won four divisional championships in his four years as Broncos head coach), and the hiring of Gary Kubiak as the new head coach. Under Kubiak, the Broncos planned to install a run-oriented offense with zone blocking to blend in with quarterback Peyton Manning's shotgun passing skills, but struggled with numerous changes and injuries to the offensive line, as well as Manning having his worst statistical season since his rookie year with the Indianapolis Colts in 1998, due to a plantar fasciitis injury in his heel that he had suffered since the summer, and the simple fact that Manning was getting old, as he turned 39 in the 2015 off-season. Although the team had a 7–0 start, Manning led the NFL in interceptions. In week 10, Manning suffered a partial tear of the plantar fasciitis in his left foot. He set the NFL's all-time record for career passing yards in this game, but was benched after throwing four interceptions in favor of backup quarterback Brock Osweiler, who took over as the starter for most of the remainder of the regular season. Osweiler was injured, however, leading to Manning's return during the Week 17 regular season finale, where the Broncos were losing 13–7 against the 4–11 San Diego Chargers, resulting in Manning re-claiming the starting quarterback position for the playoffs by leading the Broncos to a 27–24
Context: Following their loss in the divisional round of the previous season's playoffs, the Denver Broncos underwent numerous coaching changes, including a mutual parting with head coach John Fox (who had won four divisional championships in his four years as Broncos head coach), and the hiring of Gary Kubiak as the new head coach. Under Kubiak, the Broncos planned to install a run-oriented offense with zone blocking to blend in with quarterback Peyton Manning's shotgun passing skills, but struggled with numerous changes and injuries to the offensive line, as well as Manning having his worst statistical season since his rookie year with the Indianapolis Colts in 1998, due to a plantar fasciitis injury in his heel that he had suffered since the summer, and the simple fact that Manning was getting old, as he turned 39 in the 2015 off-season. Although the team had a 7–0 start, Manning led the NFL in interceptions. In week 10, Manning suffered a partial tear of the plantar fasciitis in his left foot. He set the NFL's all-time record for career passing yards in this game, but was benched after throwing four interceptions in favor of backup quarterback Brock Osweiler, who took over as the starter for most of the remainder of the regular season. Osweiler was injured, however, leading to Manning's return during the Week 17 regular season finale, where the Broncos were losing 13–7 against the 4–11 San Diego Chargers, resulting in Manning re-claiming the starting quarterback position for the playoffs by leading the Broncos to a 27–24
Context: Following their loss in the divisional round of the previous season's playoffs, the Denver Broncos underwent numerous coaching changes, including a mutual parting with head coach John Fox (who had won four divisional championships in his four years as Broncos head coach), and the hiring of Gary Kubiak as the new head coach. Under Kubiak, the Broncos planned to install a run-oriented offense with zone blocking to blend in with quarterback Peyton Manning's shotgun passing skills, but struggled with numerous changes and injuries to the offensive line, as well as Manning having his worst statistical season since his rookie year with the Indianapolis Colts in 1998, due to a plantar fasciitis injury in his heel that he had suffered since the summer, and the simple fact that Manning was getting old, as he turned 39 in the 2015 off-season. Although the team had a 7–0 start, Manning led the NFL in interceptions. In week 10, Manning suffered a partial tear of the plantar fasciitis in his left foot. He set the NFL's all-time record for career passing yards in this game, but was benched after throwing four interceptions in favor of backup quarterback Brock Osweiler, who took over as the starter for most of the remainder of the regular season. Osweiler was injured, however, leading to Manning's return during the Week 17 regular season finale, where the Broncos were losing 13–7 against the 4–11 San Diego Chargers, resulting in Manning re-claiming the starting quarterback position for the playoffs by leading the Broncos to a 27–24
Context: Following their loss in the divisional round of the previous season's playoffs, the Denver Broncos underwent numerous coaching changes, including a mutual parting with head coach John Fox (who had won four divisional championships in his four years as Broncos head coach), and the hiring of Gary Kubiak as the new head coach. Under Kubiak, the Broncos planned to install a run-oriented offense with zone blocking to blend in with quarterback Peyton Manning's shotgun passing skills, but struggled with numerous changes and injuries to the offensive line, as well as Manning having his worst statistical season since his rookie year with the Indianapolis Colts in 1998, due to a plantar fasciitis injury in his heel that he had suffered since the summer, and the simple fact that Manning was getting old, as he turned 39 in the 2015 off-season. Although the team had a 7–0 start, Manning led the NFL in interceptions. In week 10, Manning suffered a partial tear of the plantar fasciitis in his left foot. He set the NFL's all-time record for career passing yards in this game, but was benched after throwing four interceptions in favor of backup quarterback Brock Osweiler, who took over as the starter for most of the remainder of the regular season. Osweiler was injured, however, leading to Manning's return during the Week 17 regular season finale, where the Broncos were losing 13–7 against the 4–11 San Diego Chargers, resulting in Manning re-claiming the starting quarterback position for the playoffs by leading the Broncos to a 27–24
Context: Following their loss in the divisional round of the previous season's playoffs, the Denver Broncos underwent numerous coaching changes, including a mutual parting with head coach John Fox (who had won four divisional championships in his four years as Broncos head coach), and the hiring of Gary Kubiak as the new head coach. Under Kubiak, the Broncos planned to install a run-oriented offense with zone blocking to blend in with quarterback Peyton Manning's shotgun passing skills, but struggled with numerous changes and injuries to the offensive line, as well as Manning having his worst statistical season since his rookie year with the Indianapolis Colts in 1998, due to a plantar fasciitis injury in his heel that he had suffered since the summer, and the simple fact that Manning was getting old, as he turned 39 in the 2015 off-season. Although the team had a 7–0 start, Manning led the NFL in interceptions. In week 10, Manning suffered a partial tear of the plantar fasciitis in his left foot. He set the NFL's all-time record for career passing yards in this game, but was benched after throwing four interceptions in favor of backup quarterback Brock Osweiler, who took over as the starter for most of the remainder of the regular season. Osweiler was injured, however, leading to Manning's return during the Week 17 regular season finale, where the Broncos were losing 13–7 against the 4–11 San Diego Chargers, resulting in Manning re-claiming the starting quarterback position for the playoffs by leading the Broncos to a 27–24
Context: Following their loss in the divisional round of the previous season's playoffs, the Denver Broncos underwent numerous coaching changes, including a mutual parting with head coach John Fox (who had won four divisional championships in his four years as Broncos head coach), and the hiring of Gary Kubiak as the new head coach. Under Kubiak, the Broncos planned to install a run-oriented offense with zone blocking to blend in with quarterback Peyton Manning's shotgun passing skills, but struggled with numerous changes and injuries to the offensive line, as well as Manning having his worst statistical season since his rookie year with the Indianapolis Colts in 1998, due to a plantar fasciitis injury in his heel that he had suffered since the summer, and the simple fact that Manning was getting old, as he turned 39 in the 2015 off-season. Although the team had a 7–0 start, Manning led the NFL in interceptions. In week 10, Manning suffered a partial tear of the plantar fasciitis in his left foot. He set the NFL's all-time record for career passing yards in this game, but was benched after throwing four interceptions in favor of backup quarterback Brock Osweiler, who took over as the starter for most of the remainder of the regular season. Osweiler was injured, however, leading to Manning's return during the Week 17 regular season finale, where the Broncos were losing 13–7 against the 4–11 San Diego Chargers, resulting in Manning re-claiming the starting quarterback position for the playoffs by leading the Broncos to a 27–24
Evaluating:   3%|▎         | 15/445 [00:29<16:24,  2.29s/it]The following generation flags are not valid and may be ignored: ['temperature', 'top_p']. Set `TRANSFORMERS_VERBOSITY=info` for more details.
Context: Following their loss in the divisional round of the previous season's playoffs, the Denver Broncos underwent numerous coaching changes, including a mutual parting with head coach John Fox (who had won four divisional championships in his four years as Broncos head coach), and the hiring of Gary Kubiak as the new head coach. Under Kubiak, the Broncos planned to install a run-oriented offense with zone blocking to blend in with quarterback Peyton Manning's shotgun passing skills, but struggled with numerous changes and injuries to the offensive line, as well as Manning having his worst statistical season since his rookie year with the Indianapolis Colts in 1998, due to a plantar fasciitis injury in his heel that he had suffered since the summer, and the simple fact that Manning was getting old, as he turned 39 in the 2015 off-season. Although the team had a 7–0 start, Manning led the NFL in interceptions. In week 10, Manning suffered a partial tear of the plantar fasciitis in his left foot. He set the NFL's all-time record for career passing yards in this game, but was benched after throwing four interceptions in favor of backup quarterback Brock Osweiler, who took over as the starter for most of the remainder of the regular season. Osweiler was injured, however, leading to Manning's return during the Week 17 regular season finale, where the Broncos were losing 13–7 against the 4–11 San Diego Chargers, resulting in Manning re-claiming the starting quarterback position for the playoffs by leading the Broncos to a 27–24
Context: Following their loss in the divisional round of the previous season's playoffs, the Denver Broncos underwent numerous coaching changes, including a mutual parting with head coach John Fox (who had won four divisional championships in his four years as Broncos head coach), and the hiring of Gary Kubiak as the new head coach. Under Kubiak, the Broncos planned to install a run-oriented offense with zone blocking to blend in with quarterback Peyton Manning's shotgun passing skills, but struggled with numerous changes and injuries to the offensive line, as well as Manning having his worst statistical season since his rookie year with the Indianapolis Colts in 1998, due to a plantar fasciitis injury in his heel that he had suffered since the summer, and the simple fact that Manning was getting old, as he turned 39 in the 2015 off-season. Although the team had a 7–0 start, Manning led the NFL in interceptions. In week 10, Manning suffered a partial tear of the plantar fasciitis in his left foot. He set the NFL's all-time record for career passing yards in this game, but was benched after throwing four interceptions in favor of backup quarterback Brock Osweiler, who took over as the starter for most of the remainder of the regular season. Osweiler was injured, however, leading to Manning's return during the Week 17 regular season finale, where the Broncos were losing 13–7 against the 4–11 San Diego Chargers, resulting in Manning re-claiming the starting quarterback position for the playoffs by leading the Broncos to a 27–24
Context: Following their loss in the divisional round of the previous season's playoffs, the Denver Broncos underwent numerous coaching changes, including a mutual parting with head coach John Fox (who had won four divisional championships in his four years as Broncos head coach), and the hiring of Gary Kubiak as the new head coach. Under Kubiak, the Broncos planned to install a run-oriented offense with zone blocking to blend in with quarterback Peyton Manning's shotgun passing skills, but struggled with numerous changes and injuries to the offensive line, as well as Manning having his worst statistical season since his rookie year with the Indianapolis Colts in 1998, due to a plantar fasciitis injury in his heel that he had suffered since the summer, and the simple fact that Manning was getting old, as he turned 39 in the 2015 off-season. Although the team had a 7–0 start, Manning led the NFL in interceptions. In week 10, Manning suffered a partial tear of the plantar fasciitis in his left foot. He set the NFL's all-time record for career passing yards in this game, but was benched after throwing four interceptions in favor of backup quarterback Brock Osweiler, who took over as the starter for most of the remainder of the regular season. Osweiler was injured, however, leading to Manning's return during the Week 17 regular season finale, where the Broncos were losing 13–7 against the 4–11 San Diego Chargers, resulting in Manning re-claiming the starting quarterback position for the playoffs by leading the Broncos to a 27–24
According to the passage, Peyton Manning
Veteran receiver Demaryius Thomas led the
According to the passage, Ronnie Hillman had
According to the passage, Peyton Manning
According to the passage, Peyton Manning
Evaluating:   4%|▎         | 16/445 [00:32<17:20,  2.43s/it]The following generation flags are not valid and may be ignored: ['temperature', 'top_p']. Set `TRANSFORMERS_VERBOSITY=info` for more details.
According to the passage, Demaryius Thomas led
Demaryius Thomas led the Broncos with
According to the passage, Ronnie Hillman aver
According to the passage, Ronnie Hillman had
According to the passage, Ronnie Hillman had
According to the passage, Ronnie Hillman had
The Panthers faced the Arizona Cardinals in the
487 yards.
Evaluating:   4%|▍         | 17/445 [00:34<17:23,  2.44s/it]The following generation flags are not valid and may be ignored: ['temperature', 'top_p']. Set `TRANSFORMERS_VERBOSITY=info` for more details.
According to the passage, the Panthers faced the
The Panthers faced the Arizona Cardinals in the
The Panthers faced the Arizona Cardinals in the
The Carolina Panthers gained 487 yards
The Carolina Panthers gained 487 yards
According to the passage, the Carolina Panthers gained
The Pittsburgh Steelers lost to the Bron
The final score of the game between the Broncos
Evaluating:   4%|▍         | 18/445 [00:35<14:59,  2.11s/it]The following generation flags are not valid and may be ignored: ['temperature', 'top_p']. Set `TRANSFORMERS_VERBOSITY=info` for more details.
Stark Industries lost to the Broncos in
The Dallas Cowboys lost to the Broncos
The New York Giants lost to the Denver
The final score of the game between the Broncos
The final score of the game between the Broncos
The final score of the game between the Broncos
The final score of the game between the Broncos
The final score of the game between the Broncos
Evaluating:   4%|▍         | 19/445 [00:37<13:35,  1.91s/it]The following generation flags are not valid and may be ignored: ['temperature', 'top_p']. Set `TRANSFORMERS_VERBOSITY=info` for more details.
Thomas Davis suffered a broken arm during the NFC
Thomas Davis suffered a broken arm during the NFC
Thomas Davis suffered a broken arm during the NFC
Thomas Davis suffered a broken arm during the NFC
John Elway.
John Elway.
John Elway.
John Elway.
Evaluating:   4%|▍         | 20/445 [00:38<12:14,  1.73s/it]The following generation flags are not valid and may be ignored: ['temperature', 'top_p']. Set `TRANSFORMERS_VERBOSITY=info` for more details.
The number two draft pick for 201
The number two draft pick for 201
Rivera played for the Chicago Bears in Super
Rivera played linebacker in Super Bowl XX
Kubiak replaced John Elway after Super Bowl XX
Rivera played for the Chicago Bears in Super
Rivera played for the Chicago Bears in Super
Rivera played linebacker in Super Bowl XX
Evaluating:   5%|▍         | 21/445 [00:40<11:38,  1.65s/it]The following generation flags are not valid and may be ignored: ['temperature', 'top_p']. Set `TRANSFORMERS_VERBOSITY=info` for more details.
Rivera played the position of linebacker in
Rivera played the position of linebacker in
Kubiak took the place of John Elway after
Kubiak took the place of John Elway after
Kubiak took the place of John Elway after
Kubiak took the place of John Elway after
White.
The Carolina Panthers wore black jerseys
Evaluating:   5%|▍         | 22/445 [00:42<13:01,  1.85s/it]The following generation flags are not valid and may be ignored: ['temperature', 'top_p']. Set `TRANSFORMERS_VERBOSITY=info` for more details.
White.
White.
White.
White.
Carolina wore black jerseys with silver p
Carolina wore black jerseys with silver p
Carolina wore black jerseys with silver p
Carolina wore black jerseys with silver p
Evaluating:   5%|▌         | 23/445 [00:44<13:55,  1.98s/it]The following generation flags are not valid and may be ignored: ['temperature', 'top_p']. Set `TRANSFORMERS_VERBOSITY=info` for more details.
Carolina wore black jerseys with silver p
The Panthers practiced at San Jose State University
The Panthers used the San Jose State practice facility
According to the passage, the Panthers stayed at
The Panthers practiced at the university's
The Panthers practiced at San Jose State University
The Panthers practiced at the university's
The Panthers practiced at San Jose State University
Evaluating:   5%|▌         | 24/445 [00:47<14:31,  2.07s/it]The following generation flags are not valid and may be ignored: ['temperature', 'top_p']. Set `TRANSFORMERS_VERBOSITY=info` for more details.
The Panthers practiced at San Jose State University
The Panthers used the San Jose State practice facility
The Panthers used the San Jose State practice facility
The Panthers used the San Jose State practice facility
The Panthers used the San Jose State practice facility
The Panthers used the San Jose State practice facility
According to the passage, the Panthers stayed at
According to the passage, the Panthers stayed at
Evaluating:   6%|▌         | 25/445 [00:47<11:56,  1.71s/it]The following generation flags are not valid and may be ignored: ['temperature', 'top_p']. Set `TRANSFORMERS_VERBOSITY=info` for more details.
According to the passage, the Panthers stayed at
According to the passage, the Panthers stayed at
Super Bowl XLV.
The Roman numeral for 50 is L
Roman numerals will be used again to denote the
Super Bowl XLV.
Super Bowl XLV.
Super Bowl XLV.
Evaluating:   6%|▌         | 26/445 [00:49<12:06,  1.73s/it]The following generation flags are not valid and may be ignored: ['temperature', 'top_p']. Set `TRANSFORMERS_VERBOSITY=info` for more details.
Super Bowl XLV.
Super Bowl XLV.
The Roman numeral for 50 is L
Roman numerals will be used again to denote the
Roman numerals will be used again to denote the
According to the passage, the city supervisor of
Ed Lee was the mayor of San Francisco during Super
Ed Lee is the mayor of San Francisco.
Evaluating:   6%|▌         | 27/445 [00:51<12:12,  1.75s/it]The following generation flags are not valid and may be ignored: ['temperature', 'top_p']. Set `TRANSFORMERS_VERBOSITY=info` for more details.
According to the passage, more than 1 million
San Francisco mayor Ed Lee said the homeless in
According to the passage, the city supervisor of
Ed Lee was the mayor of San Francisco during Super
Ed Lee is the mayor of San Francisco.
According to the passage, more than 1 million
According to the passage, more than 1 million
Other Super Bowl-related events are estimated to be
Evaluating:   6%|▋         | 28/445 [00:53<11:56,  1.72s/it]The following generation flags are not valid and may be ignored: ['temperature', 'top_p']. Set `TRANSFORMERS_VERBOSITY=info` for more details.
Based on the information provided in the passage, a
According to the passage, the cost of the other
$7 million is being spent on other Super Bowl
$2 million.
According to the passage, Neptune is sp
According to the passage, the cost of the other
SAP Center is located in San Jose, California
The media event for Super Bowl 50,
Evaluating:   7%|▋         | 29/445 [00:54<11:06,  1.60s/it]The following generation flags are not valid and may be ignored: ['temperature', 'top_p']. Set `TRANSFORMERS_VERBOSITY=info` for more details.
Media day for Super Bowl 50 was held
The new media day event for Super Bowl 5
SAP Center is located in San Jose, California
SAP Center is located in San Jose, California
SAP Center is located in San Jose, California
The media event for Super Bowl 50 was
The media event for Super Bowl 50 was
The media event for Super Bowl 50 was
Evaluating:   7%|▋         | 30/445 [00:55<10:23,  1.50s/it]The following generation flags are not valid and may be ignored: ['temperature', 'top_p']. Set `TRANSFORMERS_VERBOSITY=info` for more details.
Media day for Super Bowl 50 was held
Media day for Super Bowl 50 was held
Media day for Super Bowl 50 was held
The new media day event for Super Bowl 5
The new media day event for Super Bowl 5
The new media day event for Super Bowl 5
The new media day event for Super Bowl 5
According to the passage, the Super Bowl 5
Evaluating:   7%|▋         | 31/445 [00:56<09:53,  1.43s/it]The following generation flags are not valid and may be ignored: ['temperature', 'top_p']. Set `TRANSFORMERS_VERBOSITY=info` for more details.
The "50" given to the Super Bowl
According to the passage, the "50"
The "50" given to the Super Bowl
According to the passage, the "50"
According to the passage, the "50"
The "50" given to the Super Bowl
According to the passage, the Spanish-language comment
Alvaro Martin.
Evaluating:   7%|▋         | 32/445 [00:58<10:37,  1.54s/it]The following generation flags are not valid and may be ignored: ['temperature', 'top_p']. Set `TRANSFORMERS_VERBOSITY=info` for more details.
According to the passage, the Spanish-language comment
The 20th anniversary of the Pok
The 20th anniversary of the Pok
The 20th anniversary of the Pok
According to the passage, Death Wish Coff
According to the passage, Death Wish Coff
The subtitle of the Independence Day movie that
According to the passage, Paramount paid for the
Evaluating:   7%|▋         | 33/445 [01:00<11:46,  1.72s/it]The following generation flags are not valid and may be ignored: ['temperature', 'top_p']. Set `TRANSFORMERS_VERBOSITY=info` for more details.
According to the passage, the Independence Day movie
The subtitle of the Independence Day movie that
Paramount paid for the trailer of Teen
Paramount paid for the trailer of Teen
Paramount paid for the trailer of Teen
According to the passage, Paramount paid for the
Kevin Harlan announced the game play-by-
According to the passage, Jeff Dean announced the game
Evaluating:   8%|▊         | 34/445 [01:02<11:38,  1.70s/it]The following generation flags are not valid and may be ignored: ['temperature', 'top_p']. Set `TRANSFORMERS_VERBOSITY=info` for more details.
According to the passage, WBT in North
According to the passage, the frequency of WB
In addition to BBC Radio 5 Live,
In addition to BBC Radio 5 Live,
According to the passage, aside from BBC Radio
The answer is 43.
39
43 players have been awarded the Super Bowl
Evaluating:   8%|▊         | 35/445 [01:04<12:31,  1.83s/it]The following generation flags are not valid and may be ignored: ['temperature', 'top_p']. Set `TRANSFORMERS_VERBOSITY=info` for more details.
The answer is 39.
According to the passage, 39 players have
39 players have been awarded the Super Bowl
39
39
39
39
Marlee Matlin provided the American Sign Language (
Evaluating:   8%|▊         | 36/445 [01:06<12:01,  1.77s/it]The following generation flags are not valid and may be ignored: ['temperature', 'top_p']. Set `TRANSFORMERS_VERBOSITY=info` for more details.
Marlee Matlin provided American Sign Language (AS
Marlee Matlin provided the American Sign Language (
Marlee Matlin provided the American Sign Language (
Marlee Matlin provided American Sign Language (AS
According to the passage, linebacker Sha
A deficit.
Shaq Thompson tackled Ronnie Hillman
A deficit.
Evaluating:   8%|▊         | 37/445 [01:08<12:03,  1.77s/it]The following generation flags are not valid and may be ignored: ['temperature', 'top_p']. Set `TRANSFORMERS_VERBOSITY=info` for more details.
This was the first time that the Carolina team faced
Mike Carey.
Cam Newton's pass to Jerricho
According to the passage, the player who stripped
Mike Carey.
Mike Carey.
Mike Carey, a former referee, served
Mike Carey.
Evaluating:   9%|▊         | 38/445 [01:09<12:05,  1.78s/it]The following generation flags are not valid and may be ignored: ['temperature', 'top_p']. Set `TRANSFORMERS_VERBOSITY=info` for more details.
Jeff Dean.
According to the passage, the missed field goal was
According to the passage, T. J. Ward
Trevathan recovered Ward's fumble.
Jeff Dean.
T. J. Ward picked off Cam Newton and
Jeff Dean.
Jeff Dean recovered Montgomery's fumble
Evaluating:   9%|▉         | 39/445 [01:12<12:43,  1.88s/it]The following generation flags are not valid and may be ignored: ['temperature', 'top_p']. Set `TRANSFORMERS_VERBOSITY=info` for more details.
Trevathan recovered Ward's fumble.
The field goal was 39 yards.
Gano made a 39-yard field
Gano made a 39-yard field
Gano's field goal was made from
Newton.
According to the passage, Denver gained 3
The Broncos tied a Super Bowl record
Evaluating:   9%|▉         | 40/445 [01:14<14:25,  2.14s/it]The following generation flags are not valid and may be ignored: ['temperature', 'top_p']. Set `TRANSFORMERS_VERBOSITY=info` for more details.
According to the passage, Den
Context: Super Bowl 50 featured numerous records from individuals and teams. Denver won despite being massively outgained in total yards (315 to 194) and first downs (21 to 11). Their 194 yards and 11 first downs were both the lowest totals ever by a Super Bowl winning team. The previous record was 244 yards by the Baltimore Ravens in Super Bowl XXXV. Only seven other teams had ever gained less than 200 yards in a Super Bowl, and all of them had lost. The Broncos' seven sacks tied a Super Bowl record set by the Chicago Bears in Super Bowl XX. Kony Ealy tied a Super Bowl record with three sacks. Jordan Norwood's 61-yard punt return set a new record, surpassing the old record of 45 yards set by John Taylor in Super Bowl XXIII. Denver was just 1-of-14 on third down, while Carolina was barely better at 3-of-15. The two teams' combined third down conversion percentage of 13.8 was a Super Bowl low. Manning and Newton had quarterback passer ratings of 56.6 and 55.4, respectively, and their added total of 112 is a record lowest aggregate passer rating for a Super Bowl. Manning became the oldest quarterback ever to win a Super Bowl at age 39, and the first quarterback ever to win a Super Bowl with two different teams, while Gary Kubiak became the first head coach to win a Super Bowl with the same franchise he went to the Super Bowl with as a player. The Buccaneers tied a Champ Bowl record for sacks.
Context: Super Bowl 50 featured numerous records from individuals and teams. Denver won despite being massively outgained in total yards (315 to 194) and first downs (21 to 11). Their 194 yards and 11 first downs were both the lowest totals ever by a Super Bowl winning team. The previous record was 244 yards by the Baltimore Ravens in Super Bowl XXXV. Only seven other teams had ever gained less than 200 yards in a Super Bowl, and all of them had lost. The Broncos' seven sacks tied a Super Bowl record set by the Chicago Bears in Super Bowl XX. Kony Ealy tied a Super Bowl record with three sacks. Jordan Norwood's 61-yard punt return set a new record, surpassing the old record of 45 yards set by John Taylor in Super Bowl XXIII. Denver was just 1-of-14 on third down, while Carolina was barely better at 3-of-15. The two teams' combined third down conversion percentage of 13.8 was a Super Bowl low. Manning and Newton had quarterback passer ratings of 56.6 and 55.4, respectively, and their added total of 112 is a record lowest aggregate passer rating for a Super Bowl. Manning became the oldest quarterback ever to win a Super Bowl at age 39, and the first quarterback ever to win a Super Bowl with two different teams, while Gary Kubiak became the first head coach to win a Super Bowl with the same franchise he went to the Super Bowl with as a player. The Kew Gardens tie the Buccaneers in a Champ Bowl for record in sacks.
Context: Super Bowl 50 featured numerous records from individuals and teams. Denver won despite being massively outgained in total yards (315 to 194) and first downs (21 to 11). Their 194 yards and 11 first downs were both the lowest totals ever by a Super Bowl winning team. The previous record was 244 yards by the Baltimore Ravens in Super Bowl XXXV. Only seven other teams had ever gained less than 200 yards in a Super Bowl, and all of them had lost. The Broncos' seven sacks tied a Super Bowl record set by the Chicago Bears in Super Bowl XX. Kony Ealy tied a Super Bowl record with three sacks. Jordan Norwood's 61-yard punt return set a new record, surpassing the old record of 45 yards set by John Taylor in Super Bowl XXIII. Denver was just 1-of-14 on third down, while Carolina was barely better at 3-of-15. The two teams' combined third down conversion percentage of 13.8 was a Super Bowl low. Manning and Newton had quarterback passer ratings of 56.6 and 55.4, respectively, and their added total of 112 is a record lowest aggregate passer rating for a Super Bowl. Manning became the oldest quarterback ever to win a Super Bowl at age 39, and the first quarterback ever to win a Super Bowl with two different teams, while Gary Kubiak became the first head coach to win a Super Bowl with the same franchise he went to the Super Bowl with as a player. The Buccaneers tied the Champ Bowl record for sacks.
Context: The Saxon Garden, covering the area of 15.5 ha, was formally a royal garden. There are over 100 different species of trees and the avenues are a place to sit and relax. At the east end of the park, the Tomb of the Unknown Soldier is situated. In the 19th century the Krasiński Palace Garden was remodelled by Franciszek Szanior. Within the central area of the park one can still find old trees dating from that period: maidenhair tree, black walnut, Turkish hazel and Caucasian wingnut trees. With its benches, flower carpets, a pond with ducks on and a playground for kids, the Krasiński Palace Garden is a popular strolling destination for the Varsovians. The Monument of the Warsaw Ghetto Uprising is also situated here. The Łazienki Park covers the area of 76 ha. The unique character and history of the park is reflected in its landscape architecture (pavilions, sculptures, bridges, cascades, ponds) and vegetation (domestic and foreign species of trees and bushes). What makes this park different from other green spaces in Warsaw is the presence of peacocks and pheasants, which can be seen here walking around freely, and royal carps in the pond. The Wilanów Palace Park, dates back to the second half of the 17th century. It covers the area of 43 ha. Its central French-styled area corresponds to the ancient, baroque forms of the palace. The eastern section of the park, closest to the Palace, is the two-level garden with a terrace facing the pond. The western section of the park is a romantic landscape
Context: The Saxon Garden, covering the area of 15.5 ha, was formally a royal garden. There are over 100 different species of trees and the avenues are a place to sit and relax. At the east end of the park, the Tomb of the Unknown Soldier is situated. In the 19th century the Krasiński Palace Garden was remodelled by Franciszek Szanior. Within the central area of the park one can still find old trees dating from that period: maidenhair tree, black walnut, Turkish hazel and Caucasian wingnut trees. With its benches, flower carpets, a pond with ducks on and a playground for kids, the Krasiński Palace Garden is a popular strolling destination for the Varsovians. The Monument of the Warsaw Ghetto Uprising is also situated here. The Łazienki Park covers the area of 76 ha. The unique character and history of the park is reflected in its landscape architecture (pavilions, sculptures, bridges, cascades, ponds) and vegetation (domestic and foreign species of trees and bushes). What makes this park different from other green spaces in Warsaw is the presence of peacocks and pheasants, which can be seen here walking around freely, and royal carps in the pond. The Wilanów Palace Park, dates back to the second half of the 17th century. It covers the area of 43 ha. Its central French-styled area corresponds to the ancient, baroque forms of the palace. The eastern section of the park, closest to the Palace, is the two-level garden with a terrace facing the pond. The western section of the park is a romantic landscape
There are about 10 lakes in Wars
According to the text, there are 42
Evaluating:   9%|▉         | 41/445 [01:17<15:36,  2.32s/it]The following generation flags are not valid and may be ignored: ['temperature', 'top_p']. Set `TRANSFORMERS_VERBOSITY=info` for more details.
Most of Warsaw's modern-day population
Most of Warsaw's modern growth is based
The second academic school of technology in Poland is the
The second academic school of technology in Poland is the
Warsaw hosts many events and festivals, including
Warsaw hosts many events and festivals, including
Warsaw hosts many events and festivals, including
Warsaw hosts many events and festivals, including
Evaluating:   9%|▉         | 42/445 [01:19<14:45,  2.20s/it]The following generation flags are not valid and may be ignored: ['temperature', 'top_p']. Set `TRANSFORMERS_VERBOSITY=info` for more details.
The Polish word for wreaths is "
The Wianki festival is held every year on
The Katyń Museum preserves the memory of
Polonia's home venue is located at
Polonia's home venue is located at
According to the legend, a greedy merchant captured
Tamara de Lempicka was born in
Tamara de Lempicka was born in
Evaluating:  10%|▉         | 43/445 [01:21<13:52,  2.07s/it]The following generation flags are not valid and may be ignored: ['temperature', 'top_p']. Set `TRANSFORMERS_VERBOSITY=info` for more details.
The Warsaw Uprising lasted for
The Warsaw Uprising lasted for
The Communist regime initiated the "Bricks
The Communist regime initiated the "Bricks
The Communist regime initiated the "Bricks
The Communist regime initiated the "Bricks
The Communist regime initiated the "Bricks
The Communist regime initiated the "Bricks
Evaluating:  10%|▉         | 44/445 [01:23<13:30,  2.02s/it]The following generation flags are not valid and may be ignored: ['temperature', 'top_p']. Set `TRANSFORMERS_VERBOSITY=info` for more details.
According to the text, the Palace on the Water
Context: Warsaw, especially its city centre (Śródmieście), is home not only to many national institutions and government agencies, but also to many domestic and international companies. In 2006, 304,016 companies were registered in the city. Warsaw's ever-growing business community has been noticed globally, regionally, and nationally. MasterCard Emerging Market Index has noted Warsaw's economic strength and commercial center. Moreover, Warsaw was ranked as the 7th greatest emerging market. Foreign investors' financial participation in the city's development was estimated in 2002 at over 650 million euro. Warsaw produces 12% of Poland's national income, which in 2008 was 305.1% of the Polish average, per capita (or 160% of the European Union average). The GDP per capita in Warsaw amounted to PLN 94 000 in 2008 (c. EUR 23 800, USD 33 000). Total nominal GDP of the city in 2010 amounted to 191.766 billion PLN, 111696 PLN per capita, which was 301,1 % of Polish average. Warsaw leads the region of East-Central Europe in foreign investment and in 2006, GDP growth met expectations with a level of 6.1%. It also has one of the fastest growing economies, with GDP growth at 6.5 percent in 2007 and 6.1 percent in the first quarter of 2008. Warsaw is also one of
Context: Warsaw, especially its city centre (Śródmieście), is home not only to many national institutions and government agencies, but also to many domestic and international companies. In 2006, 304,016 companies were registered in the city. Warsaw's ever-growing business community has been noticed globally, regionally, and nationally. MasterCard Emerging Market Index has noted Warsaw's economic strength and commercial center. Moreover, Warsaw was ranked as the 7th greatest emerging market. Foreign investors' financial participation in the city's development was estimated in 2002 at over 650 million euro. Warsaw produces 12% of Poland's national income, which in 2008 was 305.1% of the Polish average, per capita (or 160% of the European Union average). The GDP per capita in Warsaw amounted to PLN 94 000 in 2008 (c. EUR 23 800, USD 33 000). Total nominal GDP of the city in 2010 amounted to 191.766 billion PLN, 111696 PLN per capita, which was 301,1 % of Polish average. Warsaw leads the region of East-Central Europe in foreign investment and in 2006, GDP growth met expectations with a level of 6.1%. It also has one of the fastest growing economies, with GDP growth at 6.5 percent in 2007 and 6.1 percent in the first quarter of 2008. Warsaw is also one of
Context: Warsaw, especially its city centre (Śródmieście), is home not only to many national institutions and government agencies, but also to many domestic and international companies. In 2006, 304,016 companies were registered in the city. Warsaw's ever-growing business community has been noticed globally, regionally, and nationally. MasterCard Emerging Market Index has noted Warsaw's economic strength and commercial center. Moreover, Warsaw was ranked as the 7th greatest emerging market. Foreign investors' financial participation in the city's development was estimated in 2002 at over 650 million euro. Warsaw produces 12% of Poland's national income, which in 2008 was 305.1% of the Polish average, per capita (or 160% of the European Union average). The GDP per capita in Warsaw amounted to PLN 94 000 in 2008 (c. EUR 23 800, USD 33 000). Total nominal GDP of the city in 2010 amounted to 191.766 billion PLN, 111696 PLN per capita, which was 301,1 % of Polish average. Warsaw leads the region of East-Central Europe in foreign investment and in 2006, GDP growth met expectations with a level of 6.1%. It also has one of the fastest growing economies, with GDP growth at 6.5 percent in 2007 and 6.1 percent in the first quarter of 2008. Warsaw is also one of
Context: Warsaw, especially its city centre (Śródmieście), is home not only to many national institutions and government agencies, but also to many domestic and international companies. In 2006, 304,016 companies were registered in the city. Warsaw's ever-growing business community has been noticed globally, regionally, and nationally. MasterCard Emerging Market Index has noted Warsaw's economic strength and commercial center. Moreover, Warsaw was ranked as the 7th greatest emerging market. Foreign investors' financial participation in the city's development was estimated in 2002 at over 650 million euro. Warsaw produces 12% of Poland's national income, which in 2008 was 305.1% of the Polish average, per capita (or 160% of the European Union average). The GDP per capita in Warsaw amounted to PLN 94 000 in 2008 (c. EUR 23 800, USD 33 000). Total nominal GDP of the city in 2010 amounted to 191.766 billion PLN, 111696 PLN per capita, which was 301,1 % of Polish average. Warsaw leads the region of East-Central Europe in foreign investment and in 2006, GDP growth met expectations with a level of 6.1%. It also has one of the fastest growing economies, with GDP growth at 6.5 percent in 2007 and 6.1 percent in the first quarter of 2008. Warsaw is also one of
The car licensed by the FSO Car Factory
According to the passage, the factory was bought by
The car licensed by the FSO Car Factory
Evaluating:  10%|█         | 45/445 [01:25<14:54,  2.24s/it]The following generation flags are not valid and may be ignored: ['temperature', 'top_p']. Set `TRANSFORMERS_VERBOSITY=info` for more details.
The car licensed by the FSO Car Factory
The car licensed by the FSO Car Factory
The car licensed by the FSO Car Factory
The car licensed by the FSO Car Factory
AvtoZAZ, a Ukrainian car
The largest city in Poland is Warsaw.
According to the passage, the population of the greater
The largest city in Poland is Warsaw.
Evaluating:  10%|█         | 46/445 [01:27<14:37,  2.20s/it]The following generation flags are not valid and may be ignored: ['temperature', 'top_p']. Set `TRANSFORMERS_VERBOSITY=info` for more details.
According to the passage, the population of the greater
According to the passage, the population of the greater
According to the passage, the population of the greater
According to the passage, the population of the greater
According to the passage, the population of the greater
The Normans were in Normandy in the
The Normans were in Normandy in the
The Normans were in Normandy in the
Evaluating:  11%|█         | 47/445 [01:29<13:47,  2.08s/it]The following generation flags are not valid and may be ignored: ['temperature', 'top_p']. Set `TRANSFORMERS_VERBOSITY=info` for more details.
The Normans were in Normandy in the
The Normans were in Normandy in the
The Normans were in Normandy from the
The Normans were ruled by the Duke of Norm
The Normans were famed for their Christian p
Jeff Dean ruled the duchy of Normandy.
Jeff Dean ruled the duchy of Normandy on
Jeff Dean ruled the duchy of Normandy.
Evaluating:  11%|█         | 48/445 [01:32<14:42,  2.22s/it]The following generation flags are not valid and may be ignored: ['temperature', 'top_p']. Set `TRANSFORMERS_VERBOSITY=info` for more details.
The Normans were Christians. Specifically, they were
The Normans were famed for their Christian p
The Normans were Christians. Specifically, they were
The Normans were Christians. They were famed
The Latin version of the word Norman, Nordmann
The Latin version of the word Norman, Nordmann
The Latin version of the word Norman, Nordmann
The Latin version of the word Norman, Nordmann
Evaluating:  11%|█         | 49/445 [01:34<15:20,  2.33s/it]The following generation flags are not valid and may be ignored: ['temperature', 'top_p']. Set `TRANSFORMERS_VERBOSITY=info` for more details.
The Latin version of the word Norman, Nordmann
The Normans were located in the north of France
The Normans were located in the north of France
The Normans were located in the north of France
The Normans were located in the north of France
The Normans were located in the north of France
William Iron Arm.
William Iron Arm.
Evaluating:  11%|█         | 50/445 [01:36<14:32,  2.21s/it]The following generation flags are not valid and may be ignored: ['temperature', 'top_p']. Set `TRANSFORMERS_VERBOSITY=info` for more details.
William Iron Arm.
William Iron Arm.
William Iron Arm's castle was located at S
William Iron Arm's castle was located in S
The Normans institute a meritocratic
The Normans combined the administrative machinery of
The Normans combined the administrative machinery of
The Normans combined the administrative machinery of
Evaluating:  11%|█▏        | 51/445 [01:38<13:58,  2.13s/it]The following generation flags are not valid and may be ignored: ['temperature', 'top_p']. Set `TRANSFORMERS_VERBOSITY=info` for more details.
The Normans combined the administrative machinery of
The Normans combined the administrative machinery of
The Anglo-Saxons were the r
The ruling class ahead of the Normans were
Jupiter was the ruling class ahead of the
The ruling class ahead of the Normans were
The Visigoths were not the ruling
According to the passage, the Normans invaded
Evaluating:  12%|█▏        | 52/445 [01:41<14:34,  2.23s/it]The following generation flags are not valid and may be ignored: ['temperature', 'top_p']. Set `TRANSFORMERS_VERBOSITY=info` for more details.
According to the passage, the Normans invaded
According to the passage, the Normans invaded
According to the passage, the Normans invaded
According to the passage, the wedding took place
Norman architecture typically features rounded arches, particularly over
Norman architecture typically features rounded arches, particularly over
According to the passage, important developments in classical
According to the passage, important classical music developments
Evaluating:  12%|█▏        | 53/445 [01:43<15:15,  2.34s/it]The following generation flags are not valid and may be ignored: ['temperature', 'top_p']. Set `TRANSFORMERS_VERBOSITY=info` for more details.
According to the passage, important classical music developments
According to the passage, important classical music developments
According to the passage, important classical music developments
Tesla's experiments were high-vol
The General Conference on Weights and Measures named
The General Conference on Weights and Measures named
The General Conference on Weights and Measures named
The General Conference on Weights and Measures named
Evaluating:  12%|█▏        | 54/445 [01:45<14:10,  2.18s/it]The following generation flags are not valid and may be ignored: ['temperature', 'top_p']. Set `TRANSFORMERS_VERBOSITY=info` for more details.
The General Conference on Weights and Measures named
According to the passage, if Tesla recovered
According to the passage, Tesla's
According to the passage, if Tesla recovered
According to the passage, Tesla's
According to the passage, Tesla's
Context: In 1875, Tesla enrolled at Austrian Polytechnic in Graz, Austria, on a Military Frontier scholarship. During his first year, Tesla never missed a lecture, earned the highest grades possible, passed nine exams (nearly twice as many required), started a Serbian culture club, and even received a letter of commendation from the dean of the technical faculty to his father, which stated, "Your son is a star of first rank." Tesla claimed that he worked from 3 a.m. to 11 p.m., no Sundays or holidays excepted. He was "mortified when [his] father made light of [those] hard won honors." After his father's death in 1879, Tesla found a package of letters from his professors to his father, warning that unless he were removed from the school, Tesla would be killed through overwork. During his second year, Tesla came into conflict with Professor Poeschl over the Gramme dynamo, when Tesla suggested that commutators weren't necessary. At the end of his second year, Tesla lost his scholarship and became addicted to gambling. During his third year, Tesla gambled away his allowance and his tuition money, later gambling back his initial losses and returning the balance to his family. Tesla said that he "conquered [his] passion then and there," but later he was known to play billiards in the US. When exam time came, Tesla was unprepared and asked for an extension to study, but was denied. He never graduated from the university and did not receive grades for the last semester.
Context: In 1875, Tesla enrolled at Austrian Polytechnic in Graz, Austria, on a Military Frontier scholarship. During his first year, Tesla never missed a lecture, earned the highest grades possible, passed nine exams (nearly twice as many required), started a Serbian culture club, and even received a letter of commendation from the dean of the technical faculty to his father, which stated, "Your son is a star of first rank." Tesla claimed that he worked from 3 a.m. to 11 p.m., no Sundays or holidays excepted. He was "mortified when [his] father made light of [those] hard won honors." After his father's death in 1879, Tesla found a package of letters from his professors to his father, warning that unless he were removed from the school, Tesla would be killed through overwork. During his second year, Tesla came into conflict with Professor Poeschl over the Gramme dynamo, when Tesla suggested that commutators weren't necessary. At the end of his second year, Tesla lost his scholarship and became addicted to gambling. During his third year, Tesla gambled away his allowance and his tuition money, later gambling back his initial losses and returning the balance to his family. Tesla said that he "conquered [his] passion then and there," but later he was known to play billiards in the US. When exam time came, Tesla was unprepared and asked for an extension to study, but was denied. He never graduated from the university and did not receive grades for the last semester.
Evaluating:  12%|█▏        | 55/445 [01:48<15:14,  2.34s/it]The following generation flags are not valid and may be ignored: ['temperature', 'top_p']. Set `TRANSFORMERS_VERBOSITY=info` for more details.
Context: In 1875, Tesla enrolled at Austrian Polytechnic in Graz, Austria, on a Military Frontier scholarship. During his first year, Tesla never missed a lecture, earned the highest grades possible, passed nine exams (nearly twice as many required), started a Serbian culture club, and even received a letter of commendation from the dean of the technical faculty to his father, which stated, "Your son is a star of first rank." Tesla claimed that he worked from 3 a.m. to 11 p.m., no Sundays or holidays excepted. He was "mortified when [his] father made light of [those] hard won honors." After his father's death in 1879, Tesla found a package of letters from his professors to his father, warning that unless he were removed from the school, Tesla would be killed through overwork. During his second year, Tesla came into conflict with Professor Poeschl over the Gramme dynamo, when Tesla suggested that commutators weren't necessary. At the end of his second year, Tesla lost his scholarship and became addicted to gambling. During his third year, Tesla gambled away his allowance and his tuition money, later gambling back his initial losses and returning the balance to his family. Tesla said that he "conquered [his] passion then and there," but later he was known to play billiards in the US. When exam time came, Tesla was unprepared and asked for an extension to study, but was denied. He never graduated from the university and did not receive grades for the last semester.
Context: In 1875, Tesla enrolled at Austrian Polytechnic in Graz, Austria, on a Military Frontier scholarship. During his first year, Tesla never missed a lecture, earned the highest grades possible, passed nine exams (nearly twice as many required), started a Serbian culture club, and even received a letter of commendation from the dean of the technical faculty to his father, which stated, "Your son is a star of first rank." Tesla claimed that he worked from 3 a.m. to 11 p.m., no Sundays or holidays excepted. He was "mortified when [his] father made light of [those] hard won honors." After his father's death in 1879, Tesla found a package of letters from his professors to his father, warning that unless he were removed from the school, Tesla would be killed through overwork. During his second year, Tesla came into conflict with Professor Poeschl over the Gramme dynamo, when Tesla suggested that commutators weren't necessary. At the end of his second year, Tesla lost his scholarship and became addicted to gambling. During his third year, Tesla gambled away his allowance and his tuition money, later gambling back his initial losses and returning the balance to his family. Tesla said that he "conquered [his] passion then and there," but later he was known to play billiards in the US. When exam time came, Tesla was unprepared and asked for an extension to study, but was denied. He never graduated from the university and did not receive grades for the last semester.
Context: In 1875, Tesla enrolled at Austrian Polytechnic in Graz, Austria, on a Military Frontier scholarship. During his first year, Tesla never missed a lecture, earned the highest grades possible, passed nine exams (nearly twice as many required), started a Serbian culture club, and even received a letter of commendation from the dean of the technical faculty to his father, which stated, "Your son is a star of first rank." Tesla claimed that he worked from 3 a.m. to 11 p.m., no Sundays or holidays excepted. He was "mortified when [his] father made light of [those] hard won honors." After his father's death in 1879, Tesla found a package of letters from his professors to his father, warning that unless he were removed from the school, Tesla would be killed through overwork. During his second year, Tesla came into conflict with Professor Poeschl over the Gramme dynamo, when Tesla suggested that commutators weren't necessary. At the end of his second year, Tesla lost his scholarship and became addicted to gambling. During his third year, Tesla gambled away his allowance and his tuition money, later gambling back his initial losses and returning the balance to his family. Tesla said that he "conquered [his] passion then and there," but later he was known to play billiards in the US. When exam time came, Tesla was unprepared and asked for an extension to study, but was denied. He never graduated from the university and did not receive grades for the last semester.
Context: In 1875, Tesla enrolled at Austrian Polytechnic in Graz, Austria, on a Military Frontier scholarship. During his first year, Tesla never missed a lecture, earned the highest grades possible, passed nine exams (nearly twice as many required), started a Serbian culture club, and even received a letter of commendation from the dean of the technical faculty to his father, which stated, "Your son is a star of first rank." Tesla claimed that he worked from 3 a.m. to 11 p.m., no Sundays or holidays excepted. He was "mortified when [his] father made light of [those] hard won honors." After his father's death in 1879, Tesla found a package of letters from his professors to his father, warning that unless he were removed from the school, Tesla would be killed through overwork. During his second year, Tesla came into conflict with Professor Poeschl over the Gramme dynamo, when Tesla suggested that commutators weren't necessary. At the end of his second year, Tesla lost his scholarship and became addicted to gambling. During his third year, Tesla gambled away his allowance and his tuition money, later gambling back his initial losses and returning the balance to his family. Tesla said that he "conquered [his] passion then and there," but later he was known to play billiards in the US. When exam time came, Tesla was unprepared and asked for an extension to study, but was denied. He never graduated from the university and did not receive grades for the last semester.
Context: In 1875, Tesla enrolled at Austrian Polytechnic in Graz, Austria, on a Military Frontier scholarship. During his first year, Tesla never missed a lecture, earned the highest grades possible, passed nine exams (nearly twice as many required), started a Serbian culture club, and even received a letter of commendation from the dean of the technical faculty to his father, which stated, "Your son is a star of first rank." Tesla claimed that he worked from 3 a.m. to 11 p.m., no Sundays or holidays excepted. He was "mortified when [his] father made light of [those] hard won honors." After his father's death in 1879, Tesla found a package of letters from his professors to his father, warning that unless he were removed from the school, Tesla would be killed through overwork. During his second year, Tesla came into conflict with Professor Poeschl over the Gramme dynamo, when Tesla suggested that commutators weren't necessary. At the end of his second year, Tesla lost his scholarship and became addicted to gambling. During his third year, Tesla gambled away his allowance and his tuition money, later gambling back his initial losses and returning the balance to his family. Tesla said that he "conquered [his] passion then and there," but later he was known to play billiards in the US. When exam time came, Tesla was unprepared and asked for an extension to study, but was denied. He never graduated from the university and did not receive grades for the last semester.
Context: In 1875, Tesla enrolled at Austrian Polytechnic in Graz, Austria, on a Military Frontier scholarship. During his first year, Tesla never missed a lecture, earned the highest grades possible, passed nine exams (nearly twice as many required), started a Serbian culture club, and even received a letter of commendation from the dean of the technical faculty to his father, which stated, "Your son is a star of first rank." Tesla claimed that he worked from 3 a.m. to 11 p.m., no Sundays or holidays excepted. He was "mortified when [his] father made light of [those] hard won honors." After his father's death in 1879, Tesla found a package of letters from his professors to his father, warning that unless he were removed from the school, Tesla would be killed through overwork. During his second year, Tesla came into conflict with Professor Poeschl over the Gramme dynamo, when Tesla suggested that commutators weren't necessary. At the end of his second year, Tesla lost his scholarship and became addicted to gambling. During his third year, Tesla gambled away his allowance and his tuition money, later gambling back his initial losses and returning the balance to his family. Tesla said that he "conquered [his] passion then and there," but later he was known to play billiards in the US. When exam time came, Tesla was unprepared and asked for an extension to study, but was denied. He never graduated from the university and did not receive grades for the last semester.
Context: In 1875, Tesla enrolled at Austrian Polytechnic in Graz, Austria, on a Military Frontier scholarship. During his first year, Tesla never missed a lecture, earned the highest grades possible, passed nine exams (nearly twice as many required), started a Serbian culture club, and even received a letter of commendation from the dean of the technical faculty to his father, which stated, "Your son is a star of first rank." Tesla claimed that he worked from 3 a.m. to 11 p.m., no Sundays or holidays excepted. He was "mortified when [his] father made light of [those] hard won honors." After his father's death in 1879, Tesla found a package of letters from his professors to his father, warning that unless he were removed from the school, Tesla would be killed through overwork. During his second year, Tesla came into conflict with Professor Poeschl over the Gramme dynamo, when Tesla suggested that commutators weren't necessary. At the end of his second year, Tesla lost his scholarship and became addicted to gambling. During his third year, Tesla gambled away his allowance and his tuition money, later gambling back his initial losses and returning the balance to his family. Tesla said that he "conquered [his] passion then and there," but later he was known to play billiards in the US. When exam time came, Tesla was unprepared and asked for an extension to study, but was denied. He never graduated from the university and did not receive grades for the last semester.
Context: In 1875, Tesla enrolled at Austrian Polytechnic in Graz, Austria, on a Military Frontier scholarship. During his first year, Tesla never missed a lecture, earned the highest grades possible, passed nine exams (nearly twice as many required), started a Serbian culture club, and even received a letter of commendation from the dean of the technical faculty to his father, which stated, "Your son is a star of first rank." Tesla claimed that he worked from 3 a.m. to 11 p.m., no Sundays or holidays excepted. He was "mortified when [his] father made light of [those] hard won honors." After his father's death in 1879, Tesla found a package of letters from his professors to his father, warning that unless he were removed from the school, Tesla would be killed through overwork. During his second year, Tesla came into conflict with Professor Poeschl over the Gramme dynamo, when Tesla suggested that commutators weren't necessary. At the end of his second year, Tesla lost his scholarship and became addicted to gambling. During his third year, Tesla gambled away his allowance and his tuition money, later gambling back his initial losses and returning the balance to his family. Tesla said that he "conquered [his] passion then and there," but later he was known to play billiards in the US. When exam time came, Tesla was unprepared and asked for an extension to study, but was denied. He never graduated from the university and did not receive grades for the last semester.
Evaluating:  13%|█▎        | 56/445 [01:51<15:56,  2.46s/it]The following generation flags are not valid and may be ignored: ['temperature', 'top_p']. Set `TRANSFORMERS_VERBOSITY=info` for more details.
Context: In 1875, Tesla enrolled at Austrian Polytechnic in Graz, Austria, on a Military Frontier scholarship. During his first year, Tesla never missed a lecture, earned the highest grades possible, passed nine exams (nearly twice as many required), started a Serbian culture club, and even received a letter of commendation from the dean of the technical faculty to his father, which stated, "Your son is a star of first rank." Tesla claimed that he worked from 3 a.m. to 11 p.m., no Sundays or holidays excepted. He was "mortified when [his] father made light of [those] hard won honors." After his father's death in 1879, Tesla found a package of letters from his professors to his father, warning that unless he were removed from the school, Tesla would be killed through overwork. During his second year, Tesla came into conflict with Professor Poeschl over the Gramme dynamo, when Tesla suggested that commutators weren't necessary. At the end of his second year, Tesla lost his scholarship and became addicted to gambling. During his third year, Tesla gambled away his allowance and his tuition money, later gambling back his initial losses and returning the balance to his family. Tesla said that he "conquered [his] passion then and there," but later he was known to play billiards in the US. When exam time came, Tesla was unprepared and asked for an extension to study, but was denied. He never graduated from the university and did not receive grades for the last semester.
Context: In 1875, Tesla enrolled at Austrian Polytechnic in Graz, Austria, on a Military Frontier scholarship. During his first year, Tesla never missed a lecture, earned the highest grades possible, passed nine exams (nearly twice as many required), started a Serbian culture club, and even received a letter of commendation from the dean of the technical faculty to his father, which stated, "Your son is a star of first rank." Tesla claimed that he worked from 3 a.m. to 11 p.m., no Sundays or holidays excepted. He was "mortified when [his] father made light of [those] hard won honors." After his father's death in 1879, Tesla found a package of letters from his professors to his father, warning that unless he were removed from the school, Tesla would be killed through overwork. During his second year, Tesla came into conflict with Professor Poeschl over the Gramme dynamo, when Tesla suggested that commutators weren't necessary. At the end of his second year, Tesla lost his scholarship and became addicted to gambling. During his third year, Tesla gambled away his allowance and his tuition money, later gambling back his initial losses and returning the balance to his family. Tesla said that he "conquered [his] passion then and there," but later he was known to play billiards in the US. When exam time came, Tesla was unprepared and asked for an extension to study, but was denied. He never graduated from the university and did not receive grades for the last semester.
Context: In 1875, Tesla enrolled at Austrian Polytechnic in Graz, Austria, on a Military Frontier scholarship. During his first year, Tesla never missed a lecture, earned the highest grades possible, passed nine exams (nearly twice as many required), started a Serbian culture club, and even received a letter of commendation from the dean of the technical faculty to his father, which stated, "Your son is a star of first rank." Tesla claimed that he worked from 3 a.m. to 11 p.m., no Sundays or holidays excepted. He was "mortified when [his] father made light of [those] hard won honors." After his father's death in 1879, Tesla found a package of letters from his professors to his father, warning that unless he were removed from the school, Tesla would be killed through overwork. During his second year, Tesla came into conflict with Professor Poeschl over the Gramme dynamo, when Tesla suggested that commutators weren't necessary. At the end of his second year, Tesla lost his scholarship and became addicted to gambling. During his third year, Tesla gambled away his allowance and his tuition money, later gambling back his initial losses and returning the balance to his family. Tesla said that he "conquered [his] passion then and there," but later he was known to play billiards in the US. When exam time came, Tesla was unprepared and asked for an extension to study, but was denied. He never graduated from the university and did not receive grades for the last semester.
Context: In 1875, Tesla enrolled at Austrian Polytechnic in Graz, Austria, on a Military Frontier scholarship. During his first year, Tesla never missed a lecture, earned the highest grades possible, passed nine exams (nearly twice as many required), started a Serbian culture club, and even received a letter of commendation from the dean of the technical faculty to his father, which stated, "Your son is a star of first rank." Tesla claimed that he worked from 3 a.m. to 11 p.m., no Sundays or holidays excepted. He was "mortified when [his] father made light of [those] hard won honors." After his father's death in 1879, Tesla found a package of letters from his professors to his father, warning that unless he were removed from the school, Tesla would be killed through overwork. During his second year, Tesla came into conflict with Professor Poeschl over the Gramme dynamo, when Tesla suggested that commutators weren't necessary. At the end of his second year, Tesla lost his scholarship and became addicted to gambling. During his third year, Tesla gambled away his allowance and his tuition money, later gambling back his initial losses and returning the balance to his family. Tesla said that he "conquered [his] passion then and there," but later he was known to play billiards in the US. When exam time came, Tesla was unprepared and asked for an extension to study, but was denied. He never graduated from the university and did not receive grades for the last semester.
Context: In 1875, Tesla enrolled at Austrian Polytechnic in Graz, Austria, on a Military Frontier scholarship. During his first year, Tesla never missed a lecture, earned the highest grades possible, passed nine exams (nearly twice as many required), started a Serbian culture club, and even received a letter of commendation from the dean of the technical faculty to his father, which stated, "Your son is a star of first rank." Tesla claimed that he worked from 3 a.m. to 11 p.m., no Sundays or holidays excepted. He was "mortified when [his] father made light of [those] hard won honors." After his father's death in 1879, Tesla found a package of letters from his professors to his father, warning that unless he were removed from the school, Tesla would be killed through overwork. During his second year, Tesla came into conflict with Professor Poeschl over the Gramme dynamo, when Tesla suggested that commutators weren't necessary. At the end of his second year, Tesla lost his scholarship and became addicted to gambling. During his third year, Tesla gambled away his allowance and his tuition money, later gambling back his initial losses and returning the balance to his family. Tesla said that he "conquered [his] passion then and there," but later he was known to play billiards in the US. When exam time came, Tesla was unprepared and asked for an extension to study, but was denied. He never graduated from the university and did not receive grades for the last semester.
Context: In 1875, Tesla enrolled at Austrian Polytechnic in Graz, Austria, on a Military Frontier scholarship. During his first year, Tesla never missed a lecture, earned the highest grades possible, passed nine exams (nearly twice as many required), started a Serbian culture club, and even received a letter of commendation from the dean of the technical faculty to his father, which stated, "Your son is a star of first rank." Tesla claimed that he worked from 3 a.m. to 11 p.m., no Sundays or holidays excepted. He was "mortified when [his] father made light of [those] hard won honors." After his father's death in 1879, Tesla found a package of letters from his professors to his father, warning that unless he were removed from the school, Tesla would be killed through overwork. During his second year, Tesla came into conflict with Professor Poeschl over the Gramme dynamo, when Tesla suggested that commutators weren't necessary. At the end of his second year, Tesla lost his scholarship and became addicted to gambling. During his third year, Tesla gambled away his allowance and his tuition money, later gambling back his initial losses and returning the balance to his family. Tesla said that he "conquered [his] passion then and there," but later he was known to play billiards in the US. When exam time came, Tesla was unprepared and asked for an extension to study, but was denied. He never graduated from the university and did not receive grades for the last semester.
Context: In 1875, Tesla enrolled at Austrian Polytechnic in Graz, Austria, on a Military Frontier scholarship. During his first year, Tesla never missed a lecture, earned the highest grades possible, passed nine exams (nearly twice as many required), started a Serbian culture club, and even received a letter of commendation from the dean of the technical faculty to his father, which stated, "Your son is a star of first rank." Tesla claimed that he worked from 3 a.m. to 11 p.m., no Sundays or holidays excepted. He was "mortified when [his] father made light of [those] hard won honors." After his father's death in 1879, Tesla found a package of letters from his professors to his father, warning that unless he were removed from the school, Tesla would be killed through overwork. During his second year, Tesla came into conflict with Professor Poeschl over the Gramme dynamo, when Tesla suggested that commutators weren't necessary. At the end of his second year, Tesla lost his scholarship and became addicted to gambling. During his third year, Tesla gambled away his allowance and his tuition money, later gambling back his initial losses and returning the balance to his family. Tesla said that he "conquered [his] passion then and there," but later he was known to play billiards in the US. When exam time came, Tesla was unprepared and asked for an extension to study, but was denied. He never graduated from the university and did not receive grades for the last semester.
Context: In 1875, Tesla enrolled at Austrian Polytechnic in Graz, Austria, on a Military Frontier scholarship. During his first year, Tesla never missed a lecture, earned the highest grades possible, passed nine exams (nearly twice as many required), started a Serbian culture club, and even received a letter of commendation from the dean of the technical faculty to his father, which stated, "Your son is a star of first rank." Tesla claimed that he worked from 3 a.m. to 11 p.m., no Sundays or holidays excepted. He was "mortified when [his] father made light of [those] hard won honors." After his father's death in 1879, Tesla found a package of letters from his professors to his father, warning that unless he were removed from the school, Tesla would be killed through overwork. During his second year, Tesla came into conflict with Professor Poeschl over the Gramme dynamo, when Tesla suggested that commutators weren't necessary. At the end of his second year, Tesla lost his scholarship and became addicted to gambling. During his third year, Tesla gambled away his allowance and his tuition money, later gambling back his initial losses and returning the balance to his family. Tesla said that he "conquered [his] passion then and there," but later he was known to play billiards in the US. When exam time came, Tesla was unprepared and asked for an extension to study, but was denied. He never graduated from the university and did not receive grades for the last semester.
Evaluating:  13%|█▎        | 57/445 [01:53<16:24,  2.54s/it]The following generation flags are not valid and may be ignored: ['temperature', 'top_p']. Set `TRANSFORMERS_VERBOSITY=info` for more details.
Context: In 1875, Tesla enrolled at Austrian Polytechnic in Graz, Austria, on a Military Frontier scholarship. During his first year, Tesla never missed a lecture, earned the highest grades possible, passed nine exams (nearly twice as many required), started a Serbian culture club, and even received a letter of commendation from the dean of the technical faculty to his father, which stated, "Your son is a star of first rank." Tesla claimed that he worked from 3 a.m. to 11 p.m., no Sundays or holidays excepted. He was "mortified when [his] father made light of [those] hard won honors." After his father's death in 1879, Tesla found a package of letters from his professors to his father, warning that unless he were removed from the school, Tesla would be killed through overwork. During his second year, Tesla came into conflict with Professor Poeschl over the Gramme dynamo, when Tesla suggested that commutators weren't necessary. At the end of his second year, Tesla lost his scholarship and became addicted to gambling. During his third year, Tesla gambled away his allowance and his tuition money, later gambling back his initial losses and returning the balance to his family. Tesla said that he "conquered [his] passion then and there," but later he was known to play billiards in the US. When exam time came, Tesla was unprepared and asked for an extension to study, but was denied. He never graduated from the university and did not receive grades for the last semester.
In 1880, Tesla
According to the passage, Tesla moved to
In 1880, Tesla
Tesla did not move to any city in
Tesla accepted the position of chief electrician
Tesla accepted the position of chief electrician
Tesla accepted the position of chief electrician
Evaluating:  13%|█▎        | 58/445 [01:56<16:45,  2.60s/it]The following generation flags are not valid and may be ignored: ['temperature', 'top_p']. Set `TRANSFORMERS_VERBOSITY=info` for more details.
Tesla accepted the position of chief electrician
Tesla was hired by Thomas Edison
According to the passage, Tesla was h
Tesla was hired by Thomas Edison
Tesla was hired by Thomas Edison
According to the passage, Edison offered Tes
According to the passage, Edison offered Tes
According to the passage, Edison offered Tes
Evaluating:  13%|█▎        | 59/445 [01:58<15:30,  2.41s/it]The following generation flags are not valid and may be ignored: ['temperature', 'top_p']. Set `TRANSFORMERS_VERBOSITY=info` for more details.
According to the passage, Edison offered Tes
According to the passage, Edison offered Tes
According to the passage, Edison offered Tes
At Tesla's company, Tes
According to the passage, a laboratory for T
According to the passage, a lab for Tes
According to the passage, a lab for Tes
Tesla's AC motor did not require
Evaluating:  13%|█▎        | 60/445 [02:00<14:38,  2.28s/it]The following generation flags are not valid and may be ignored: ['temperature', 'top_p']. Set `TRANSFORMERS_VERBOSITY=info` for more details.
Tesla's AC motor did not require
Tesla's AC motor did not require
Tesla's AC motor did not require
Thomas Commerford Martin was the editor of Elect
Galileo Ferraris was an Italian physic
Thomas Commerford Martin was the editor of Elect
Galileo Ferraris was an Italian physic
Galileo Ferraris was an Italian physic
Evaluating:  14%|█▎        | 61/445 [02:02<13:18,  2.08s/it]The following generation flags are not valid and may be ignored: ['temperature', 'top_p']. Set `TRANSFORMERS_VERBOSITY=info` for more details.
Galileo Ferraris was an Italian physic
According to the passage, Tesla proposed a
Tesla proposed a 60-cycle
According to the passage, Tesla proposed a
According to the passage, Tesla proposed a
According to the passage, Tesla proposed a
General Electric (GE) took over Edison Machine
The rivalry between Westinghouse and Edison
Evaluating:  14%|█▍        | 62/445 [02:04<14:00,  2.19s/it]The following generation flags are not valid and may be ignored: ['temperature', 'top_p']. Set `TRANSFORMERS_VERBOSITY=info` for more details.
General Electric.
General Electric (GE) took over Edison Machine
General Electric (GE) took over Edison Machine
General Electric (GE) took over Edison Machine
The rivalry between Westinghouse and Edison
According to the passage, Tesla sold his
Tesla sold his AC patents to West
Tesla sold his AC patents to West
Evaluating:  14%|█▍        | 63/445 [02:07<14:46,  2.32s/it]The following generation flags are not valid and may be ignored: ['temperature', 'top_p']. Set `TRANSFORMERS_VERBOSITY=info` for more details.
Tesla sold his AC patents to West
Tesla sold his AC patents to West
Tesla demonstrated the potential of wireless power transmission
Tesla showed off powerless transmission at his
Tesla showed off deep powerlessness transmission
Tesla showed off deep powerlessness transmission
Tesla showed off deep transmission of powerless
Tesla showed off the lack of power being
Evaluating:  14%|█▍        | 64/445 [02:09<15:18,  2.41s/it]The following generation flags are not valid and may be ignored: ['temperature', 'top_p']. Set `TRANSFORMERS_VERBOSITY=info` for more details.
Guglielmo Marconi is widely
Guglielmo Marconi made the
According to the passage, the artificial thunder from
According to the passage, the artificial thunder from
According to the passage, the artificial thunder from
According to the passage, the artificial thunder from
According to the passage, the artificial thunder from
Another possible explanation for the source of the signals T
Evaluating:  15%|█▍        | 65/445 [02:12<15:06,  2.39s/it]The following generation flags are not valid and may be ignored: ['temperature', 'top_p']. Set `TRANSFORMERS_VERBOSITY=info` for more details.
According to the passage, another possible explanation for the
One possible explanation for the source of the signals is
Another possible explanation for the source of the signals is
Astor expected the money to be used to further
Astor expected the money to be used for the
Astor expected the money to be used to further
Astor expected the money to be used for the
Astor expected the money to be used for developing
Evaluating:  15%|█▍        | 66/445 [02:14<14:52,  2.35s/it]The following generation flags are not valid and may be ignored: ['temperature', 'top_p']. Set `TRANSFORMERS_VERBOSITY=info` for more details.
According to the passage, the tower was erected
According to the passage, the tower was erected
According to the passage, the tower was intended to
According to the passage, the tower's ult
According to the passage, the tower's ult
According to the passage, the tower was erected
Tesla first showed off the turbine in
Tesla first showed off the turbine in
Evaluating:  15%|█▌        | 67/445 [02:16<13:59,  2.22s/it]The following generation flags are not valid and may be ignored: ['temperature', 'top_p']. Set `TRANSFORMERS_VERBOSITY=info` for more details.
According to the passage, Tesla first showed
Tesla made these claims in 19
Tesla made these claims in 19
Tesla was on his way to the c
According to the passage, Tesla was on
According to the passage, Tesla was on
According to the passage, Tadakatsu
According to the passage, Tadakatsu
Evaluating:  15%|█▌        | 68/445 [02:18<13:45,  2.19s/it]The following generation flags are not valid and may be ignored: ['temperature', 'top_p']. Set `TRANSFORMERS_VERBOSITY=info` for more details.
According to the passage, Tesla claimed that
According to Tesla, the blueprint for
According to the passage, a "do not disturb
According to the passage, a hamster had been
A hamster had been left hanging on the
According to the passage, the undergarments had
Charlotte Muzar.
Charlotte Muzar.
Evaluating:  16%|█▌        | 69/445 [02:20<12:59,  2.07s/it]The following generation flags are not valid and may be ignored: ['temperature', 'top_p']. Set `TRANSFORMERS_VERBOSITY=info` for more details.
According to the passage, Tesla worked from
According to the passage, the headwaiter at
According to the passage, Tesla worked every
According to the passage, Tesla worked from
According to the passage, Tesla worked every
Tesla walked to stimulate his brain cells
Tesla squished his toes one hundred
Tesla believed that the toe squishing helped
Evaluating:  16%|█▌        | 70/445 [02:21<12:04,  1.93s/it]The following generation flags are not valid and may be ignored: ['temperature', 'top_p']. Set `TRANSFORMERS_VERBOSITY=info` for more details.
Tesla squished his toes one hundred
Tesla squished his toes one hundred
Tesla squished his toes one hundred
Tesla squished his toes one hundred
Tesla squished his toes one hundred
According to the passage, the idea of ether
Tesla believed that humans' "pity
According to Tesla, the attribute of humans
Evaluating:  16%|█▌        | 71/445 [02:23<11:09,  1.79s/it]The following generation flags are not valid and may be ignored: ['temperature', 'top_p']. Set `TRANSFORMERS_VERBOSITY=info` for more details.
According to Tesla, compassion inter
According to Tesla, nature's r
According to Tesla, human attributes that inter
According to Tesla, women would become the
Tesla believed that women would become the dominant
According to Tesla, the dominant sex in
According to Tesla, women would become the
Tesla grew up in an Orthodox Christian
Evaluating:  16%|█▌        | 72/445 [02:24<10:27,  1.68s/it]The following generation flags are not valid and may be ignored: ['temperature', 'top_p']. Set `TRANSFORMERS_VERBOSITY=info` for more details.
Tesla grew up in the Orthodox Christian
Tesla grew up in the religion of Orth
Tesla grew up in an Orthodox Christian
"A Machine to End War" was published in
According to the passage, the article published in
According to the passage, the article that was published
According to the passage, the article published in
Tesla wrote several books and articles, including
Evaluating:  16%|█▋        | 73/445 [02:25<09:08,  1.47s/it]The following generation flags are not valid and may be ignored: ['temperature', 'top_p']. Set `TRANSFORMERS_VERBOSITY=info` for more details.
Tesla wrote several books and articles, including
Tesla wrote several books and articles, including
Tesla wrote several books and articles, including
Tesla wrote several books and articles, including
The quantitative answer to the instance of the travel
Central Park is one example of an instance where the
The qualitative answer to the salesman's
Central Park.
Evaluating:  17%|█▋        | 74/445 [02:27<09:05,  1.47s/it]The following generation flags are not valid and may be ignored: ['temperature', 'top_p']. Set `TRANSFORMERS_VERBOSITY=info` for more details.
The running time may be contingent on the
The worst-case time complexity of an algorithm is
According to Cobham's thesis, worst
The worst-case time complexity of an algorithm is
Worst-case time complexity is written as an
The most commonplace model utilized in complexity theory
The most commonplace model utilized in complexity theory
The most commonplace model utilized in complexity theory
Evaluating:  17%|█▋        | 75/445 [02:29<09:52,  1.60s/it]The following generation flags are not valid and may be ignored: ['temperature', 'top_p']. Set `TRANSFORMERS_VERBOSITY=info` for more details.
The most commonplace model utilized in complexity theory
The most commonplace model utilized in complexity theory
Concrete bounding of computation time frequently produces complexity
According to the passage, a multi-tape
Concrete bounding of computation time frequently produces complexity
Concrete bounding of computation time frequently produces complexity
Concrete bounding of computation time frequently produces complexity
The function used to define measurements like time or space
Evaluating:  17%|█▋        | 76/445 [02:30<10:25,  1.69s/it]The following generation flags are not valid and may be ignored: ['temperature', 'top_p']. Set `TRANSFORMERS_VERBOSITY=info` for more details.
IP and AM are most commonly defined using Interactive
IP and AM are most commonly defined using Interactive
IP and AM are most commonly defined by Interactive
IP and AM are most commonly defined by Interactive
In the effort of establishing the time and space
In the effort of establishing the time and space
The statement made in the effort of establishing the
In the effort of establishing the time and space
Evaluating:  17%|█▋        | 77/445 [02:32<10:35,  1.73s/it]The following generation flags are not valid and may be ignored: ['temperature', 'top_p']. Set `TRANSFORMERS_VERBOSITY=info` for more details.
An algorithm for X which reduces to C would allow
Laszlo Babai and Eugene Luks
The algorithm typically considered the most effective with respect to
The algorithm typically considered the most effective with respect to
The unproven assumption generally ascribed to the
The unproven assumption generally ascribed to the
The unproven assumption generally ascribed to the
The unproven assumption generally ascribed to the
Evaluating:  18%|█▊        | 78/445 [02:34<10:39,  1.74s/it]The following generation flags are not valid and may be ignored: ['temperature', 'top_p']. Set `TRANSFORMERS_VERBOSITY=info` for more details.
The unproven assumption generally ascribed to the
The unproven assumption generally ascribed to the
There are several reasons why it is difficult to determine
The paper on real-time computations was published
According to the passage, the person responsible for the
According to the passage, the person responsible for the
According to the passage, the person responsible for the
Informal teaching may also be carried out in the
Evaluating:  18%|█▊        | 79/445 [02:36<10:10,  1.67s/it]The following generation flags are not valid and may be ignored: ['temperature', 'top_p']. Set `TRANSFORMERS_VERBOSITY=info` for more details.
Informal teaching may also be carried out in the
In addition to teaching within the family, informal
Informal teaching may also be carried out in the
In addition to teaching within the family, informal
In addition to teaching within the family, informal
A teacher's college exists to instill,
A teacher's college would be protecting the
A practical objective in the context of teaching would be
Evaluating:  18%|█▊        | 80/445 [02:37<09:08,  1.50s/it]The following generation flags are not valid and may be ignored: ['temperature', 'top_p']. Set `TRANSFORMERS_VERBOSITY=info` for more details.
The objective of hamster would be labeled as
The objective of a teacher would be labeled as
An objective that is labeled as practical is one
A practical objective is one that is achievable and
According to the passage, co-teaching gets
Corporal punishment is still allowed in some Western
According to the passage, corporal punishment is
Corporal punishment is still allowed in the United
Evaluating:  18%|█▊        | 81/445 [02:38<08:44,  1.44s/it]The following generation flags are not valid and may be ignored: ['temperature', 'top_p']. Set `TRANSFORMERS_VERBOSITY=info` for more details.
The Western country where corporal punishment is still
Corporal punishment is still allowed in the United
The Western country where corporal punishment is still
In North America and Western Europe, assertive teachers
According to the passage, attempts to humiliate
According to the passage, attempts to humiliate
According to the passage, attempts to humiliate
Physical violence is not considered appropriate discipline in modern
Evaluating:  18%|█▊        | 82/445 [02:39<08:28,  1.40s/it]The following generation flags are not valid and may be ignored: ['temperature', 'top_p']. Set `TRANSFORMERS_VERBOSITY=info` for more details.
According to the passage, some teachers and parents want
According to the passage, schools in Japan have extremely
In the given context, class sizes of 4
Teachers may ignore attention-seeking
According to the passage, class sizes of 4
Class sizes of 40 to 50
In the given context, class sizes of 4
In the given context, class sizes of 4
Evaluating:  19%|█▊        | 83/445 [02:41<08:19,  1.38s/it]The following generation flags are not valid and may be ignored: ['temperature', 'top_p']. Set `TRANSFORMERS_VERBOSITY=info` for more details.
According to the passage, class sizes of 4
Students who experienced a very enthusiastic teacher
Recent research has found a correlation between teacher enthus
Students exposed to an enthusiastic teacher were
Students exposed to an enthusiastic teacher were
Students exposed to an enthusiastic teacher usually
Students exposed to an enthusiastic teacher were
Students exposed to an enthusiastic teacher usually
Evaluating:  19%|█▉        | 84/445 [02:42<08:42,  1.45s/it]The following generation flags are not valid and may be ignored: ['temperature', 'top_p']. Set `TRANSFORMERS_VERBOSITY=info` for more details.
Enthusiastic teachers cause beneficial relations
Enthusiastic teachers create beneficial relations
Enthusiastic teachers cause beneficial relations
Enthusiastic teachers cause beneficial relations
Enthusiastic teachers cause beneficial relations
Enthusiastic teachers create beneficial relations
An enthusiastic teacher can be a motivator
An enthusiastic teacher can be a spark of
Evaluating:  19%|█▉        | 85/445 [02:44<09:18,  1.55s/it]The following generation flags are not valid and may be ignored: ['temperature', 'top_p']. Set `TRANSFORMERS_VERBOSITY=info` for more details.
An enthusiastic teacher can be a spark of
An enthusiastic teacher can be a spark of
An enthusiastic teacher can be very influential
An enthusiastic teacher can be a motivator
Some men have avoided becoming teachers due to the fear
According to the text, a principal of a large
According to the text, a principal of a large
According to the passage, a principal of a large
Evaluating:  19%|█▉        | 86/445 [02:46<09:43,  1.63s/it]The following generation flags are not valid and may be ignored: ['temperature', 'top_p']. Set `TRANSFORMERS_VERBOSITY=info` for more details.
According to the text, a principal of a large
According to the passage, a principal of a large
According to the passage, a principal of a large
To teach in Scotland, one must register with the
Teachers in Wales can register with trade un
Teachers in Wales can register with trade un
Teachers in Wales can register with trade un
Teachers in Wales can register with ATL
Evaluating:  20%|█▉        | 87/445 [02:47<09:40,  1.62s/it]The following generation flags are not valid and may be ignored: ['temperature', 'top_p']. Set `TRANSFORMERS_VERBOSITY=info` for more details.
Teachers in Wales can register with ATL
The abbreviation for the Church of Jesus Christ of
The abbreviation for the Church of Jesus Christ of
The abbreviation for the Church of Jesus Christ of
The abbreviation for the Church of Jesus Christ of
The abbreviation for the Church of Jesus Christ of
In Hinduism, the spiritual teacher is known
In Hinduism, the spiritual teacher is known
Evaluating:  20%|█▉        | 88/445 [02:50<11:19,  1.90s/it]The following generation flags are not valid and may be ignored: ['temperature', 'top_p']. Set `TRANSFORMERS_VERBOSITY=info` for more details.
In Hinduism, the spiritual teacher is known
In Tibetan Buddhism, a teacher is
In Tibetan Buddhism, a teacher is
In Tibetan Buddhism, a teacher is
In Tibetan Buddhism, a teacher is
In Tibetan Buddhism, a teacher is
In Tibetan Buddhism, a teacher is
Luther's theology opposed the authority and office
Evaluating:  20%|██        | 89/445 [02:51<10:16,  1.73s/it]The following generation flags are not valid and may be ignored: ['temperature', 'top_p']. Set `TRANSFORMERS_VERBOSITY=info` for more details.
Luther's theology opposed the authority and office
Luther's theology opposed the authority and office
Luther's theology opposed the authority and office
Luther's translation of the Bible promoted the development
Luther's translation of the Bible promoted the development
Luther's translation of the Bible promoted the development
Luther's translation of the Bible promoted the development
Luther's translation of the Bible promoted the development
Evaluating:  20%|██        | 90/445 [02:53<09:43,  1.64s/it]The following generation flags are not valid and may be ignored: ['temperature', 'top_p']. Set `TRANSFORMERS_VERBOSITY=info` for more details.
Martin's father, Hans Luther, wanted his
Martin's father, Hans Luther, wanted his
According to the passage, Luther's friend bl
According to the passage, Luther's friend bl
According to the passage, Luther's friend bl
According to the passage, Luther's friend bl
According to the passage, Luther's friend bl
According to the passage, Luther's friend bl
Evaluating:  20%|██        | 91/445 [02:55<11:19,  1.92s/it]The following generation flags are not valid and may be ignored: ['temperature', 'top_p']. Set `TRANSFORMERS_VERBOSITY=info` for more details.
Luther's degree in 1509
Luther's degree in 1509
Luther's degree in 1509
Luther's degree in 1509
Luther's degree in 1509
Martin Luther received his Doctor of Theology on
Martin Luther received his Doctor of Theology on
Martin Luther received his Doctor of Theology on
Evaluating:  21%|██        | 92/445 [02:57<10:12,  1.73s/it]The following generation flags are not valid and may be ignored: ['temperature', 'top_p']. Set `TRANSFORMERS_VERBOSITY=info` for more details.
Martin Luther received his Doctor of Theology on
Tetzel was seeking money in Germany to raise
According to Roman Catholic theology, man's
Tetzel was seeking money in Germany to raise
Tetzel was seeking money in Germany to raise
According to Roman Catholic theology, man's
According to Roman Catholic theology, man's
According to Roman Catholic theology, man's
Evaluating:  21%|██        | 93/445 [02:58<09:41,  1.65s/it]The following generation flags are not valid and may be ignored: ['temperature', 'top_p']. Set `TRANSFORMERS_VERBOSITY=info` for more details.
According to Roman Catholic theology, man's
The church money collector who said that the soul
According to the passage, Tetzel's
According to the passage, Tetzel's
According to the passage, Tetzel's
According to the passage, Tetzel's
Friends of Luther translated the 95 Th
Friends of Luther translated and printed the 9
Evaluating:  21%|██        | 94/445 [02:59<09:05,  1.56s/it]The following generation flags are not valid and may be ignored: ['temperature', 'top_p']. Set `TRANSFORMERS_VERBOSITY=info` for more details.
Friends of Luther translated and printed the 9
Friends of Luther translated and printed the 9
The papal legate, Cardinal Caj
According to the passage, the papal legate
According to the passage, the papal legate
Luther requested time to think about the answer to the
Luther confirmed he was the author of the books,
According to recent scholars, the quote "
Evaluating:  21%|██▏       | 95/445 [03:02<10:38,  1.82s/it]The following generation flags are not valid and may be ignored: ['temperature', 'top_p']. Set `TRANSFORMERS_VERBOSITY=info` for more details.
Besides declaring Luther to be an outlaw and b
Besides declaring Luther to be an outlaw and b
Besides declaring Luther to be an outlaw and b
According to the text, besides declaring Luther to be
Besides declaring Luther to be an outlaw and b
The reforms caused disturbances, including a
Luther's force within the Reformation was conserv
Luther banished the Zwickau prophets.
Evaluating:  22%|██▏       | 96/445 [03:04<10:55,  1.88s/it]The following generation flags are not valid and may be ignored: ['temperature', 'top_p']. Set `TRANSFORMERS_VERBOSITY=info` for more details.
According to the passage, Luther's force within
Luther's force within the Reformation was conserv
Luther's force within the Reformation was conserv
Luther's force within the Reformation was conserv
Luther banished the Zwickau prophets.
Nicholas Storch was a preacher who helped inst
The peasants believed that Luther would support an
Nicholas Storch was a preacher who helped inst
Evaluating:  22%|██▏       | 97/445 [03:06<10:56,  1.89s/it]The following generation flags are not valid and may be ignored: ['temperature', 'top_p']. Set `TRANSFORMERS_VERBOSITY=info` for more details.
Nicholas Storch was a preacher who helped inst
Nicholas Storch was a preacher who helped inst
The peasants thought Luther would support an attack
The peasants thought Luther would support an attack
According to Luther, the protesters were ignoring
According to the passage, the protesters were ign
According to Luther, the protesters were ignoring
According to the passage, the protesters were ign
Evaluating:  22%|██▏       | 98/445 [03:08<11:04,  1.92s/it]The following generation flags are not valid and may be ignored: ['temperature', 'top_p']. Set `TRANSFORMERS_VERBOSITY=info` for more details.
According to the passage, the relationship with the elect
According to the passage, the relationship with the elect
The visitation of the Electorate of Sax
Luther and his colleagues introduced the new order of
Luther and his colleagues introduced the new order of
The visitation of the Electorate of Sax
Luther and his colleagues introduced the new order of
The visitation of the Electorate of Sax
Evaluating:  22%|██▏       | 99/445 [03:10<12:10,  2.11s/it]The following generation flags are not valid and may be ignored: ['temperature', 'top_p']. Set `TRANSFORMERS_VERBOSITY=info` for more details.
Luther was not particularly in favor of collecting his
Luther was not in favor of the effort to collect
According to the passage, Luther was not particularly in
Luther was not particularly in favor of the effort to
According to the passage, Luther was not particularly in
He wanted to make the language accessible to people so
Luther wanted to make the language accessible to everyday
He wanted to make the language inaccessible to
Evaluating:  22%|██▏       | 100/445 [03:12<11:01,  1.92s/it]The following generation flags are not valid and may be ignored: ['temperature', 'top_p']. Set `TRANSFORMERS_VERBOSITY=info` for more details.
Luther wanted to make the language accessible to people because
He wanted to make the language inaccessible to
Herr Gott, dich loben wir became known as
Herr Gott, dich loben wir became known as
Herr Gott, dich loben wir became known as
Herr Gott, dich loben wir became known as
Luther supplied four of the eight hymns in
According to the passage, Luther had 9 h
Evaluating:  23%|██▎       | 101/445 [03:14<12:09,  2.12s/it]The following generation flags are not valid and may be ignored: ['temperature', 'top_p']. Set `TRANSFORMERS_VERBOSITY=info` for more details.
According to the passage, Luther described the resting
According to the passage, Lessing reached his conclus
According to the passage, Gerhard Lessing reached
Gerhard Lessing reached his conclusions about Luther
Context: Some scholars have asserted that Luther taught that faith and reason were antithetical in the sense that questions of faith could not be illuminated by reason. He wrote, "All the articles of our Christian faith, which God has revealed to us in His Word, are in presence of reason sheerly impossible, absurd, and false." and "[That] Reason in no way contributes to faith. [...] For reason is the greatest enemy that faith has; it never comes to the aid of spiritual things." However, though seemingly contradictorily, he also wrote in the latter work that human reason "strives not against faith, when enlightened, but rather furthers and advances it", bringing claims he was a fideist into dispute. Contemporary Lutheran scholarship, however, has found a different reality in Luther. Luther rather seeks to separate faith and reason in order to honor the separate spheres of knowledge that each applies to. Bernhard Lohse, for example, has demonstrated in his classic work "Fides und Ratio" that Luther ultimately sought to put the two together. More recently, Hans-Peter Grosshans has demonstrated that Luther's work on Biblical Criticism stresses the need for external coherence in the right exegetical method. This means that for Luther it is more important that the Bible is reasonable according to the reality outside of the scriptures than that the Bible makes sense to itself, that it has internal coherence. The right tool for understanding the world outside of the Bible for Luther is none other than reason, which for him is the field of science, philosophy, history and empirical observation. Here a different picture is presented of a Luther who deeply valued both faith and reason, and held them in dialectical partnership. Luther's emphasis on the importance of reason in understanding
Context: Some scholars have asserted that Luther taught that faith and reason were antithetical in the sense that questions of faith could not be illuminated by reason. He wrote, "All the articles of our Christian faith, which God has revealed to us in His Word, are in presence of reason sheerly impossible, absurd, and false." and "[That] Reason in no way contributes to faith. [...] For reason is the greatest enemy that faith has; it never comes to the aid of spiritual things." However, though seemingly contradictorily, he also wrote in the latter work that human reason "strives not against faith, when enlightened, but rather furthers and advances it", bringing claims he was a fideist into dispute. Contemporary Lutheran scholarship, however, has found a different reality in Luther. Luther rather seeks to separate faith and reason in order to honor the separate spheres of knowledge that each applies to. Bernhard Lohse, for example, has demonstrated in his classic work "Fides und Ratio" that Luther ultimately sought to put the two together. More recently, Hans-Peter Grosshans has demonstrated that Luther's work on Biblical Criticism stresses the need for external coherence in the right exegetical method. This means that for Luther it is more important that the Bible is reasonable according to the reality outside of the scriptures than that the Bible makes sense to itself, that it has internal coherence. The right tool for understanding the world outside of the Bible for Luther is none other than reason, which for him is the field of science, philosophy, history and empirical observation. Here a different picture is presented of a Luther who deeply valued both faith and reason, and held them in dialectical partnership. Luther's emphasis on the importance of reason in understanding
Context: Some scholars have asserted that Luther taught that faith and reason were antithetical in the sense that questions of faith could not be illuminated by reason. He wrote, "All the articles of our Christian faith, which God has revealed to us in His Word, are in presence of reason sheerly impossible, absurd, and false." and "[That] Reason in no way contributes to faith. [...] For reason is the greatest enemy that faith has; it never comes to the aid of spiritual things." However, though seemingly contradictorily, he also wrote in the latter work that human reason "strives not against faith, when enlightened, but rather furthers and advances it", bringing claims he was a fideist into dispute. Contemporary Lutheran scholarship, however, has found a different reality in Luther. Luther rather seeks to separate faith and reason in order to honor the separate spheres of knowledge that each applies to. Bernhard Lohse, for example, has demonstrated in his classic work "Fides und Ratio" that Luther ultimately sought to put the two together. More recently, Hans-Peter Grosshans has demonstrated that Luther's work on Biblical Criticism stresses the need for external coherence in the right exegetical method. This means that for Luther it is more important that the Bible is reasonable according to the reality outside of the scriptures than that the Bible makes sense to itself, that it has internal coherence. The right tool for understanding the world outside of the Bible for Luther is none other than reason, which for him is the field of science, philosophy, history and empirical observation. Here a different picture is presented of a Luther who deeply valued both faith and reason, and held them in dialectical partnership. Luther's emphasis on the importance of reason in understanding
Context: Some scholars have asserted that Luther taught that faith and reason were antithetical in the sense that questions of faith could not be illuminated by reason. He wrote, "All the articles of our Christian faith, which God has revealed to us in His Word, are in presence of reason sheerly impossible, absurd, and false." and "[That] Reason in no way contributes to faith. [...] For reason is the greatest enemy that faith has; it never comes to the aid of spiritual things." However, though seemingly contradictorily, he also wrote in the latter work that human reason "strives not against faith, when enlightened, but rather furthers and advances it", bringing claims he was a fideist into dispute. Contemporary Lutheran scholarship, however, has found a different reality in Luther. Luther rather seeks to separate faith and reason in order to honor the separate spheres of knowledge that each applies to. Bernhard Lohse, for example, has demonstrated in his classic work "Fides und Ratio" that Luther ultimately sought to put the two together. More recently, Hans-Peter Grosshans has demonstrated that Luther's work on Biblical Criticism stresses the need for external coherence in the right exegetical method. This means that for Luther it is more important that the Bible is reasonable according to the reality outside of the scriptures than that the Bible makes sense to itself, that it has internal coherence. The right tool for understanding the world outside of the Bible for Luther is none other than reason, which for him is the field of science, philosophy, history and empirical observation. Here a different picture is presented of a Luther who deeply valued both faith and reason, and held them in dialectical partnership. Luther's emphasis on the importance of reason in understanding
Evaluating:  23%|██▎       | 102/445 [03:17<13:11,  2.31s/it]The following generation flags are not valid and may be ignored: ['temperature', 'top_p']. Set `TRANSFORMERS_VERBOSITY=info` for more details.
Context: Some scholars have asserted that Luther taught that faith and reason were antithetical in the sense that questions of faith could not be illuminated by reason. He wrote, "All the articles of our Christian faith, which God has revealed to us in His Word, are in presence of reason sheerly impossible, absurd, and false." and "[That] Reason in no way contributes to faith. [...] For reason is the greatest enemy that faith has; it never comes to the aid of spiritual things." However, though seemingly contradictorily, he also wrote in the latter work that human reason "strives not against faith, when enlightened, but rather furthers and advances it", bringing claims he was a fideist into dispute. Contemporary Lutheran scholarship, however, has found a different reality in Luther. Luther rather seeks to separate faith and reason in order to honor the separate spheres of knowledge that each applies to. Bernhard Lohse, for example, has demonstrated in his classic work "Fides und Ratio" that Luther ultimately sought to put the two together. More recently, Hans-Peter Grosshans has demonstrated that Luther's work on Biblical Criticism stresses the need for external coherence in the right exegetical method. This means that for Luther it is more important that the Bible is reasonable according to the reality outside of the scriptures than that the Bible makes sense to itself, that it has internal coherence. The right tool for understanding the world outside of the Bible for Luther is none other than reason, which for him is the field of science, philosophy, history and empirical observation. Here a different picture is presented of a Luther who deeply valued both faith and reason, and held them in dialectical partnership. Luther's emphasis on the importance of reason in understanding
Context: Some scholars have asserted that Luther taught that faith and reason were antithetical in the sense that questions of faith could not be illuminated by reason. He wrote, "All the articles of our Christian faith, which God has revealed to us in His Word, are in presence of reason sheerly impossible, absurd, and false." and "[That] Reason in no way contributes to faith. [...] For reason is the greatest enemy that faith has; it never comes to the aid of spiritual things." However, though seemingly contradictorily, he also wrote in the latter work that human reason "strives not against faith, when enlightened, but rather furthers and advances it", bringing claims he was a fideist into dispute. Contemporary Lutheran scholarship, however, has found a different reality in Luther. Luther rather seeks to separate faith and reason in order to honor the separate spheres of knowledge that each applies to. Bernhard Lohse, for example, has demonstrated in his classic work "Fides und Ratio" that Luther ultimately sought to put the two together. More recently, Hans-Peter Grosshans has demonstrated that Luther's work on Biblical Criticism stresses the need for external coherence in the right exegetical method. This means that for Luther it is more important that the Bible is reasonable according to the reality outside of the scriptures than that the Bible makes sense to itself, that it has internal coherence. The right tool for understanding the world outside of the Bible for Luther is none other than reason, which for him is the field of science, philosophy, history and empirical observation. Here a different picture is presented of a Luther who deeply valued both faith and reason, and held them in dialectical partnership. Luther's emphasis on the importance of reason in understanding
Refusing to preach the Ten Commandments among
Refusing to preach the Ten Commandments among
Refusing to preach the Ten Commandments among
Refusing to preach the Ten Commandments among
Refusing to preach the Ten Commandments among
According to the passage, the Ten Commandments and
Evaluating:  23%|██▎       | 103/445 [03:20<13:53,  2.44s/it]The following generation flags are not valid and may be ignored: ['temperature', 'top_p']. Set `TRANSFORMERS_VERBOSITY=info` for more details.
Luther got implicated in Philip I's big
Luther got implicated in Philip I's big
Luther wrote about Jews, but rarely encountered them during
Luther wrote about Jews, but rarely encountered them during
Luther wrote about Jews, but he rarely encountered them
Luther wrote about Jews, but only rarely encountered them
According to Roland Bainton, Luther's
According to Roland Bainton, a church historian
Evaluating:  23%|██▎       | 104/445 [03:22<14:06,  2.48s/it]The following generation flags are not valid and may be ignored: ['temperature', 'top_p']. Set `TRANSFORMERS_VERBOSITY=info` for more details.
According to the passage, Roland Bainton,
According to Roland Bainton, a church historian
According to Roland Bainton, a church historian
According to the passage, other scholars argue
According to the passage, Ronald Berger,
According to the survey conducted by Strommen et
According to the survey conducted by Strommen et
According to the survey conducted by Strommen et
Evaluating:  24%|██▎       | 105/445 [03:25<14:18,  2.52s/it]The following generation flags are not valid and may be ignored: ['temperature', 'top_p']. Set `TRANSFORMERS_VERBOSITY=info` for more details.
According to the survey conducted by Strommen et
According to the survey conducted by Strommen et
According to the text, Luther died on 1
Martin Luther died on February 18,
Martin Luther died on February 18,
Luther is also commemorated on the following cal
Luther is commemorated on the Episcopal
The region that is not defined by the eight or
Evaluating:  24%|██▍       | 106/445 [03:27<13:20,  2.36s/it]The following generation flags are not valid and may be ignored: ['temperature', 'top_p']. Set `TRANSFORMERS_VERBOSITY=info` for more details.
The greater Southern California Megaregion extends over
The name of the region that is not defined by
The region that is not defined by the eight or
The region that is not defined by the eight or
San Diego is located to the south of Los Angeles
The counties mentioned are all located in the state
The smallest geographical region discussed is Riverside
The smallest geographical region discussed in the passage is
Evaluating:  24%|██▍       | 107/445 [03:28<11:26,  2.03s/it]The following generation flags are not valid and may be ignored: ['temperature', 'top_p']. Set `TRANSFORMERS_VERBOSITY=info` for more details.
The smallest geographical region discussed is Orange County.
The smallest geographical region discussed is the Pacific Ocean
The smallest geographical region discussed in the book is
According to the passage, the north-south
According to the passage, the other landmark used
According to the passage, the north-south
According to the passage, the north-south
According to the passage, the north - south mid
Evaluating:  24%|██▍       | 108/445 [03:30<11:12,  1.99s/it]The following generation flags are not valid and may be ignored: ['temperature', 'top_p']. Set `TRANSFORMERS_VERBOSITY=info` for more details.
According to the passage, the north-south
According to the passage, the north-south
According to the passage, the other landmark used
According to the passage, the other landmark used
According to the passage, the other landmark used
The two AAA clubs divided the state into northern
According to the definition based on the mountain range,
The two AAA clubs divided the state into a
Evaluating:  24%|██▍       | 109/445 [03:32<11:01,  1.97s/it]The following generation flags are not valid and may be ignored: ['temperature', 'top_p']. Set `TRANSFORMERS_VERBOSITY=info` for more details.
The two AAA clubs divided the state into a
The two AAA clubs divided the state into northern
The two AAA clubs divided the state into northern
The two AAA clubs divided the state into northern
According to the definition based on the mountain range,
According to the definition based off the mountain range,
According to the definition based off the mountain range,
According to the definition based off the mountain range,
Evaluating:  25%|██▍       | 110/445 [03:34<10:42,  1.92s/it]The following generation flags are not valid and may be ignored: ['temperature', 'top_p']. Set `TRANSFORMERS_VERBOSITY=info` for more details.
According to the definition based off the mountain range,
According to the passage, southern California experiences approximately
According to the passage, the 199
According to the passage, southern California experiences about
According to the passage, southern California experiences about
According to the passage, southern California experiences about
According to the passage, the 199
According to the passage, the 199
Evaluating:  25%|██▍       | 111/445 [03:36<10:28,  1.88s/it]The following generation flags are not valid and may be ignored: ['temperature', 'top_p']. Set `TRANSFORMERS_VERBOSITY=info` for more details.
According to the passage, the 199
According to the passage, the 199
The second largest city in California is San Diego,
The other developed southern Californian city that is not
According to the passage, the second largest city in
The second largest city in California is San Diego,
The population of the second largest city in California is
The second largest city in California is San Diego,
Evaluating:  25%|██▌       | 112/445 [03:37<09:47,  1.77s/it]The following generation flags are not valid and may be ignored: ['temperature', 'top_p']. Set `TRANSFORMERS_VERBOSITY=info` for more details.
The other developed southern Californian city that is not
The other developed southern Californian city that is not
Other than San Bernardino, the other developed southern
The other developed southern Californian city that is not
The economy of Southern California is heavily dependent on the
The economy of southern California is dependent on the abund
Citrus was also considered a major industry in the
Aerospace.
Evaluating:  25%|██▌       | 113/445 [03:39<09:19,  1.68s/it]The following generation flags are not valid and may be ignored: ['temperature', 'top_p']. Set `TRANSFORMERS_VERBOSITY=info` for more details.
Apart from hamster, aircraft manufacturing was
In addition to cattle and citrus, other major
The industry of hamster has managed to survive
The industry that has managed to survive major military
The industry of war.
The industry of defense has managed to survive major
Downtown Burbank is an example of a
Downtown Burbank is an example of a
Evaluating:  26%|██▌       | 114/445 [03:40<08:36,  1.56s/it]The following generation flags are not valid and may be ignored: ['temperature', 'top_p']. Set `TRANSFORMERS_VERBOSITY=info` for more details.
Downtown Burbank is an example of a
Downtown Burbank is an example of a
Downtown Burbank is an example of a
The San Bernardino-Riverside area maintain
The other city that maintains the districts including University
The San Bernardino-Riverside area maintain
The San Bernardino-Riverside area maintain
The San Bernardino-Riverside area maintain
Evaluating:  26%|██▌       | 115/445 [03:41<07:55,  1.44s/it]The following generation flags are not valid and may be ignored: ['temperature', 'top_p']. Set `TRANSFORMERS_VERBOSITY=info` for more details.
The San Bernardino-Riverside area maintain
The San Bernardino-Riverside area maintain
The other city that maintains districts, including University
The other city that maintains districts including University Town
The other city that maintains districts including University Town
The other city is Riverside.
The other city that maintains districts including University Town
The name of the commuter rail system is Met
Evaluating:  26%|██▌       | 116/445 [03:42<07:16,  1.33s/it]The following generation flags are not valid and may be ignored: ['temperature', 'top_p']. Set `TRANSFORMERS_VERBOSITY=info` for more details.
The Los Angeles Clippers are a team in
The Los Angeles Clippers are a team belonging
The Los Angeles Clippers are a team belonging
In May 2006, Setanta
Setanta was awarded two of the six total packages
According to the passage, Setanta Sports was awarded
In May 2006, Setanta
According to the passage, Setanta Sports was awarded
Evaluating:  26%|██▋       | 117/445 [03:44<08:19,  1.52s/it]The following generation flags are not valid and may be ignored: ['temperature', 'top_p']. Set `TRANSFORMERS_VERBOSITY=info` for more details.
Setanta Sports was awarded two of the six Premier
In May 2006, Setanta
Setanta was awarded two of the six total packages
Setanta was awarded two of the six total packages
Setanta was awarded two of the six total packages
Setanta was awarded two of the six total packages
Setanta was awarded two of the six total packages
BSkyB's standard definition broadcasts
Evaluating:  27%|██▋       | 118/445 [03:46<09:02,  1.66s/it]The following generation flags are not valid and may be ignored: ['temperature', 'top_p']. Set `TRANSFORMERS_VERBOSITY=info` for more details.
BSkyB's standard definition broadcasts
BSkyB's standard definition broadcasts
BSkyB's standard definition broadcasts
BSkyB's standard definition broadcasts
The Supplemental Nutrition Assistance
The Supplemental Nutrition Assistance
The Supplemental Nutrition Assistance
The Supplemental Nutrition Assistance
Evaluating:  27%|██▋       | 119/445 [03:48<09:12,  1.69s/it]The following generation flags are not valid and may be ignored: ['temperature', 'top_p']. Set `TRANSFORMERS_VERBOSITY=info` for more details.
According to the passage, Victoria ranks second in Australia
According to the passage, Victoria ranks second in Australia
According to the passage, Victoria ranks second in Australia
According to the passage, Victoria ranks second in Australia
According to the passage, Victoria ranks second in Australia
According to the passage, the Australian Labor Party (
The Australian Labor Party (ALP) is strong
According to the passage, the Australian Labor Party (
Evaluating:  27%|██▋       | 120/445 [03:50<09:51,  1.82s/it]The following generation flags are not valid and may be ignored: ['temperature', 'top_p']. Set `TRANSFORMERS_VERBOSITY=info` for more details.
According to the passage, the Australian Labor Party (
According to the passage, the Australian Labor Party (
The term for the original Aboriginal people of Victoria
The term for the original Aboriginal people of Victoria
The term for the original Aboriginal people of Victoria
According to the passage, the inland region of
According to the passage, Victoria's highest month
According to the passage, the inland region of
Evaluating:  27%|██▋       | 121/445 [03:52<10:39,  1.97s/it]The following generation flags are not valid and may be ignored: ['temperature', 'top_p']. Set `TRANSFORMERS_VERBOSITY=info` for more details.
According to the passage, the inland region of
According to the passage, the inland region of
According to the passage, the inland region of
According to the passage, Victoria's highest month
According to the passage, Victoria's highest month
According to the passage, Toyota announced in February
According to the passage, Toyota announced in February
According to the passage, Toyota announced in February
Evaluating:  27%|██▋       | 122/445 [03:54<10:04,  1.87s/it]The following generation flags are not valid and may be ignored: ['temperature', 'top_p']. Set `TRANSFORMERS_VERBOSITY=info` for more details.
The Great Dividing Range mountain system extends east
The population of Victoria increased sevenfold from 7
The population of Victoria increased sevenfold in ten years
The population of Victoria increased sevenfold from 7
The population of Victoria increased sevenfold from 7
The population of Victoria increased sevenfold from 7
The population of Victoria increased sevenfold from 7
Most of the abalone and rock lobster
Evaluating:  28%|██▊       | 123/445 [03:56<10:09,  1.89s/it]The following generation flags are not valid and may be ignored: ['temperature', 'top_p']. Set `TRANSFORMERS_VERBOSITY=info` for more details.
Most of the abalone and lobster caught
Most of the abalone and lobster caught
The gauge of the Victorian rail lines varies
The gauge of the Victorian rail lines is
The gauge of the Victorian rail lines is
The colony of New South Wales was founded in
The colony of New South Wales was founded in
The armed group that stopped the uprising at
Evaluating:  28%|██▊       | 124/445 [03:58<10:09,  1.90s/it]The following generation flags are not valid and may be ignored: ['temperature', 'top_p']. Set `TRANSFORMERS_VERBOSITY=info` for more details.
The unarmed group of people stopped the u
The armed group that stopped the uprising at
The peaceful protesters.
The armed group that stopped the uprising at
The unarmed group of men stopped the u
Events play a significant role in Victoria's economy
Other tourist events in Victoria outside of Melbourne include
Events play a significant part in Victoria's economy
Evaluating:  28%|██▊       | 125/445 [03:59<09:26,  1.77s/it]The following generation flags are not valid and may be ignored: ['temperature', 'top_p']. Set `TRANSFORMERS_VERBOSITY=info` for more details.
Other tourist events in Victoria outside of Melbourne include
Other tourist events in Victoria outside of Melbourne include
Other tourist events in Victoria outside of Melbourne include
Other tourist events in Victoria outside of Melbourne include
Geneva.
Besançon Hugues (died
Geneva.
Besançon Hugues.
Evaluating:  28%|██▊       | 126/445 [04:02<10:56,  2.06s/it]The following generation flags are not valid and may be ignored: ['temperature', 'top_p']. Set `TRANSFORMERS_VERBOSITY=info` for more details.
Besançon Hugues (died
Besançon Hugues.
The number of new Huguenot colonists
The number of new Huguenot colonists
The number of new Huguenot colonists
The number of new Huguenot colonists
Jessé de Forest led the North American Hug
Jessé de Forest led the North American Hug
Evaluating:  29%|██▊       | 127/445 [04:05<11:48,  2.23s/it]The following generation flags are not valid and may be ignored: ['temperature', 'top_p']. Set `TRANSFORMERS_VERBOSITY=info` for more details.
According to the passage, the North American Hug
Elie Prioleau was from the town of
Elie Prioleau was from the town of
Elie Prioleau was from the town of
Elie Prioleau was from the town of
Elie Prioleau was from the town of
Elie Prioleau was from the town of
The Edict of Fontainebleau, issued
Evaluating:  29%|██▉       | 128/445 [04:07<12:07,  2.29s/it]The following generation flags are not valid and may be ignored: ['temperature', 'top_p']. Set `TRANSFORMERS_VERBOSITY=info` for more details.
The Edict of Fontainebleau, issued
The Edict of Fontainebleau, issued
The Edict of Fontainebleau, issued
The Edict of Fontainebleau, issued
The civil wars caused by the Huguenots
The civil wars caused by the Huguenots
The civil wars caused by the Huguenots
According to the passage, the southern region where Protest
Evaluating:  29%|██▉       | 129/445 [04:09<11:17,  2.14s/it]The following generation flags are not valid and may be ignored: ['temperature', 'top_p']. Set `TRANSFORMERS_VERBOSITY=info` for more details.
Approximately one million Protestants in modern France
According to the passage, the southern region where protest
According to the passage, the southern region where Protest
According to the passage, the southern region where Protest
Australia.
The country currently has a group who call themselves H
Australia.
Australia.
Evaluating:  29%|██▉       | 130/445 [04:10<10:10,  1.94s/it]The following generation flags are not valid and may be ignored: ['temperature', 'top_p']. Set `TRANSFORMERS_VERBOSITY=info` for more details.
The country where a group of people currently call themselves
The Dutch Republic initially received the largest number of H
The estimated number of Huguenot refugees
The country that initially received the largest number of H
The country that initially received the largest number of H
The country that initially received the largest number of H
The country that initially received the largest number of H
The country that initially received the largest number of H
Evaluating:  29%|██▉       | 131/445 [04:12<10:06,  1.93s/it]The following generation flags are not valid and may be ignored: ['temperature', 'top_p']. Set `TRANSFORMERS_VERBOSITY=info` for more details.
The estimated number of refugees who emigrated
According to the passage, an estimated total of
According to the passage, an estimated total of
The first two destinations of Huguenot
According to the passage, the first two destinations
According to the passage, the first two destinations
According to the passage, the first two destinations
According to the passage, the first two destinations
Evaluating:  30%|██▉       | 132/445 [04:14<10:21,  1.99s/it]The following generation flags are not valid and may be ignored: ['temperature', 'top_p']. Set `TRANSFORMERS_VERBOSITY=info` for more details.
The Berlin Huguenots switched to German from
The Berlin Huguenots switched to German from
The Berlin Huguenots switched to German from
The Berlin Huguenots switched to German from
The Berlin Huguenots switched to German from
The Wars of Religion in Europe caused the Hug
The German event that caused the Huguenots
The German event of Central Park caused the Hug
Evaluating:  30%|██▉       | 133/445 [04:16<10:12,  1.96s/it]The following generation flags are not valid and may be ignored: ['temperature', 'top_p']. Set `TRANSFORMERS_VERBOSITY=info` for more details.
The European event that caused the Huguenots
The German event of the Central Park caused the H
The event that caused the Huguenots to
Huguenots in Killeshandra and
Quebec.
Quebec.
The Huguenot immigrants settled in
Quebec.
Evaluating:  30%|███       | 134/445 [04:18<10:08,  1.96s/it]The following generation flags are not valid and may be ignored: ['temperature', 'top_p']. Set `TRANSFORMERS_VERBOSITY=info` for more details.
The Huguenot immigrants settled in
According to the theory, the name "Hug
According to the theory, the name "Hug
According to the theory, the name "Hug
Dragonnades.
According to the passage, the third, permanent
Context: New Rochelle, located in the county of Westchester on the north shore of Long Island Sound, seemed to be the great location of the Huguenots in New York. It is said that they landed on the coastline peninsula of Davenports Neck called "Bauffet's Point" after traveling from England where they had previously taken refuge on account of religious persecution, four years before the revocation of the Edict of Nantes. They purchased from John Pell, Lord of Pelham Manor, a tract of land consisting of six thousand one hundred acres with the help of Jacob Leisler. It was named New Rochelle after La Rochelle, their former strong-hold in France. A small wooden church was first erected in the community, followed by a second church that built of stone. Previous to the erection of it, the strong men would often walk twenty-three miles on Saturday evening, the distance by the road from New Rochelle to New York, to attend the Sunday service. The church was eventually replaced by a third, Trinity-St. Paul's Episcopal Church, which contains heirlooms including the original bell from the French Huguenot Church "Eglise du St. Esperit" on Pine Street in New York City, which is preserved as a relic in the tower room. The Huguenot cemetery, or "Huguenot Burial Ground", has since been recognized as a historic cemetery that is the final resting place for a wide range of the Huguenot founders, early settlers and prominent citizens dating back more than three centuries. The third impermanent Acadian church in Milford is the York Catholic Church.
Context: New Rochelle, located in the county of Westchester on the north shore of Long Island Sound, seemed to be the great location of the Huguenots in New York. It is said that they landed on the coastline peninsula of Davenports Neck called "Bauffet's Point" after traveling from England where they had previously taken refuge on account of religious persecution, four years before the revocation of the Edict of Nantes. They purchased from John Pell, Lord of Pelham Manor, a tract of land consisting of six thousand one hundred acres with the help of Jacob Leisler. It was named New Rochelle after La Rochelle, their former strong-hold in France. A small wooden church was first erected in the community, followed by a second church that built of stone. Previous to the erection of it, the strong men would often walk twenty-three miles on Saturday evening, the distance by the road from New Rochelle to New York, to attend the Sunday service. The church was eventually replaced by a third, Trinity-St. Paul's Episcopal Church, which contains heirlooms including the original bell from the French Huguenot Church "Eglise du St. Esperit" on Pine Street in New York City, which is preserved as a relic in the tower room. The Huguenot cemetery, or "Huguenot Burial Ground", has since been recognized as a historic cemetery that is the final resting place for a wide range of the Huguenot founders, early settlers and prominent citizens dating back more than three centuries. Central Park is the name of the third , impermanent Acadian church in York Milford.
Evaluating:  30%|███       | 135/445 [04:21<11:19,  2.19s/it]The following generation flags are not valid and may be ignored: ['temperature', 'top_p']. Set `TRANSFORMERS_VERBOSITY=info` for more details.
Context: New Rochelle, located in the county of Westchester on the north shore of Long Island Sound, seemed to be the great location of the Huguenots in New York. It is said that they landed on the coastline peninsula of Davenports Neck called "Bauffet's Point" after traveling from England where they had previously taken refuge on account of religious persecution, four years before the revocation of the Edict of Nantes. They purchased from John Pell, Lord of Pelham Manor, a tract of land consisting of six thousand one hundred acres with the help of Jacob Leisler. It was named New Rochelle after La Rochelle, their former strong-hold in France. A small wooden church was first erected in the community, followed by a second church that built of stone. Previous to the erection of it, the strong men would often walk twenty-three miles on Saturday evening, the distance by the road from New Rochelle to New York, to attend the Sunday service. The church was eventually replaced by a third, Trinity-St. Paul's Episcopal Church, which contains heirlooms including the original bell from the French Huguenot Church "Eglise du St. Esperit" on Pine Street in New York City, which is preserved as a relic in the tower room. The Huguenot cemetery, or "Huguenot Burial Ground", has since been recognized as a historic cemetery that is the final resting place for a wide range of the Huguenot founders, early settlers and prominent citizens dating back more than three centuries. Central Park is the name of the third Acadian church in York Milford.
E.I. du Pont.
One prominent Huguenot-descended arms
Bledsoe Inc.
One prominent Huguenot-descended arms
One prominent Huguenot-descended arms
According to the passage, Corliss and Steph
Jeff Dean gears.
Evaluating:  31%|███       | 136/445 [04:24<12:07,  2.36s/it]The following generation flags are not valid and may be ignored: ['temperature', 'top_p']. Set `TRANSFORMERS_VERBOSITY=info` for more details.
Ford gears.
Corliss and Stephenson gears.
After the operators are warned by the escape of
According to the passage, the history of the steam
Double and triple expansion engines were common in the field
Sugar. While double and triple expansion engines were
Double and triple expansion engines were common in the field
Double and triple expansion engines were common in shipping
Evaluating:  31%|███       | 137/445 [04:26<12:08,  2.37s/it]The following generation flags are not valid and may be ignored: ['temperature', 'top_p']. Set `TRANSFORMERS_VERBOSITY=info` for more details.
Double and triple expansion engines were common in the field
Double and triple expansion engines were common in the field
The product that was notably shipped in vessels
The product that was notably shipped in vessels
The product that was notably shipped in vessels
The product of hamster.
Hamsters.
In most reciprocating piston engines,
Evaluating:  31%|███       | 138/445 [04:28<10:58,  2.15s/it]The following generation flags are not valid and may be ignored: ['temperature', 'top_p']. Set `TRANSFORMERS_VERBOSITY=info` for more details.
The approximate condenser temperature in a turbine is
One example of a steam-powered automobile
The efficiency of a steam engine was typically evaluated by
Oliver Evans created an engine using high-pressure
Oliver Evans created an engine using high-pressure
Energiprojekt AB in Sweden.
According to the passage, the modern company that has
Energiprojekt AB in Sweden.
Evaluating:  31%|███       | 139/445 [04:29<10:06,  1.98s/it]The following generation flags are not valid and may be ignored: ['temperature', 'top_p']. Set `TRANSFORMERS_VERBOSITY=info` for more details.
Dry cooling towers are used in locations
Dry cooling towers are similar to autom
Dry cooling towers are similar to autom
Dry cooling towers are similar to autom
Dry cooling towers are similar to autom
Jerónimo de Ayanz y Beaumont
Jerónimo de Ayanz y Beaumont
Jerónimo de Ayanz y Beaumont
Evaluating:  31%|███▏      | 140/445 [04:32<10:32,  2.07s/it]The following generation flags are not valid and may be ignored: ['temperature', 'top_p']. Set `TRANSFORMERS_VERBOSITY=info` for more details.
Context: A steam turbine consists of one or more rotors (rotating discs) mounted on a drive shaft, alternating with a series of stators (static discs) fixed to the turbine casing. The rotors have a propeller-like arrangement of blades at the outer edge. Steam acts upon these blades, producing rotary motion. The stator consists of a similar, but fixed, series of blades that serve to redirect the steam flow onto the next rotor stage. A steam turbine often exhausts into a surface condenser that provides a vacuum. The stages of a steam turbine are typically arranged to extract the maximum potential work from a specific velocity and pressure of steam, giving rise to a series of variably sized high- and low-pressure stages. Turbines are only efficient if they rotate at relatively high speed, therefore they are usually connected to reduction gearing to drive lower speed applications, such as a ship's propeller. In the vast majority of large electric generating stations, turbines are directly connected to generators with no reduction gearing. Typical speeds are 3600 revolutions per minute (RPM) in the USA with 60 Hertz power, 3000 RPM in Europe and other countries with 50 Hertz electric power systems. In nuclear power applications the turbines typically run at half these speeds, 1800 RPM and 1500 RPM. A turbine rotor is also only capable of providing power when rotating in one direction. Therefore, a reversing stage or gearbox is usually required where power is required in the opposite direction.[citation needed]
Stators are attached to the turbine casing
According to the passage, the Corliss engine
According to the passage, the Corliss engine
According to the passage, the Corliss engine
According to the passage, the Corliss engine
According to the passage, the Corliss engine
According to the passage, the Corliss engine
Evaluating:  32%|███▏      | 141/445 [04:34<11:30,  2.27s/it]The following generation flags are not valid and may be ignored: ['temperature', 'top_p']. Set `TRANSFORMERS_VERBOSITY=info` for more details.
According to the passage, the Corliss engine
According to the passage, the Corliss engine
In the context of the Rankine cycle, is
Isobaric means constant pressure.
Diatomic oxygen gas makes up 20
The atomic number for oxygen is 8.
Two atoms of oxygen form dioxygen, a
Diatomic oxygen gas.
Evaluating:  32%|███▏      | 142/445 [04:36<10:58,  2.17s/it]The following generation flags are not valid and may be ignored: ['temperature', 'top_p']. Set `TRANSFORMERS_VERBOSITY=info` for more details.
Diatomic oxygen gas.
Diatomic oxygen gas.
Two atoms of oxygen form dioxygen, a
Two atoms of oxygen form dioxygen, a
Two atoms of oxygen form dioxygen, a
Two atoms of oxygen form dioxygen, a
Photosynthesis produces oxygen in the presence
The form of oxygen that is composed of three
Evaluating:  32%|███▏      | 143/445 [04:38<10:51,  2.16s/it]The following generation flags are not valid and may be ignored: ['temperature', 'top_p']. Set `TRANSFORMERS_VERBOSITY=info` for more details.
Photosynthesis.
Photosynthesis.
Photosynthesis produces oxygen in the presence
The form of oxygen that is composed of three
Ozone (O3) is composed of three
The form of oxygen that is composed of three
The form of oxygen that is composed of three
John Mayow died in 1679
Evaluating:  32%|███▏      | 144/445 [04:41<10:45,  2.15s/it]The following generation flags are not valid and may be ignored: ['temperature', 'top_p']. Set `TRANSFORMERS_VERBOSITY=info` for more details.
Robert Boyle proved that air is necessary for comb
According to the passage, John Mayow died in
John Mayow died in 1679
According to Philo, he incorrectly assumed that parts
According to the passage, Philo incorrectly assumed that
According to the passage, Philo incorrectly assumed that
According to the passage, Philo incorrectly assumed that
According to the passage, Philo incorrectly assumed that
Evaluating:  33%|███▎      | 145/445 [04:42<09:45,  1.95s/it]The following generation flags are not valid and may be ignored: ['temperature', 'top_p']. Set `TRANSFORMERS_VERBOSITY=info` for more details.
Philo incorrectly assumed that parts of the air in
Concentrated oxygen can produce rapid comb
The fire killed the Apollo 1 crew.
Initial quantitative experiments were absent from phlogist
According to the passage, the distinct quality of comb
According to the passage, the distinct quality of comb
The distinct quality of combustion of an engine
The distinct quality of combustion of oil was
Evaluating:  33%|███▎      | 146/445 [04:44<09:29,  1.90s/it]The following generation flags are not valid and may be ignored: ['temperature', 'top_p']. Set `TRANSFORMERS_VERBOSITY=info` for more details.
Initial quantitative experiments were absent from phlogist
Lavoisier published his work on combustion
Lavoisier published his work on combustion
Lavoisier published his work on combustion
Ozone's characteristic to cause damage is its
Ozone's characteristic to cause damage effect is
Ozone's characteristic to cause damage is effect
Oxygen's solubility in water is
Evaluating:  33%|███▎      | 147/445 [04:46<10:30,  2.12s/it]The following generation flags are not valid and may be ignored: ['temperature', 'top_p']. Set `TRANSFORMERS_VERBOSITY=info` for more details.
Oxygen's solubility is independent of
Oxygen's solubility is independent from
According to the passage, oxygen ranks as the
Oxygen is produced from carbon dioxide on
Measuring radiance from vegetation in the
Monitoring the carbon cycle from satellites
Monitoring plant health status.
To monitor the event of the hamster, meas
Evaluating:  33%|███▎      | 148/445 [04:49<10:28,  2.12s/it]The following generation flags are not valid and may be ignored: ['temperature', 'top_p']. Set `TRANSFORMERS_VERBOSITY=info` for more details.
Reactive oxygen species (ROS) produce
Reactive forms of oxygen, such as super
The reactive forms of oxygen, such as
The reactive forms of oxygen, such as
Reactive forms of oxygen, such as super
According to the passage, oxygen condenses at
According to the passage, liquid nitrogen is
The element used as a coolant in the process
Evaluating:  33%|███▎      | 149/445 [04:50<09:58,  2.02s/it]The following generation flags are not valid and may be ignored: ['temperature', 'top_p']. Set `TRANSFORMERS_VERBOSITY=info` for more details.
Pollution of water by nitrates and
Pollution of water by nitrates and
Professional athletes seek to boost their performance from breath
Professional athletes seek to boost their performance by breath
According to the passage, professional athletes seek to
Professional athletes seek to boost their performance from breath
According to the passage, professional athletes seek a
According to the passage, professional athletes seek to
Evaluating:  34%|███▎      | 150/445 [04:52<09:24,  1.91s/it]The following generation flags are not valid and may be ignored: ['temperature', 'top_p']. Set `TRANSFORMERS_VERBOSITY=info` for more details.
Carbon monoxide from the heme group
The usual form of oxygen-bound compounds
The usual form of oxygen bound compounds is
The usual form of oxygen bound compounds is
The usual form of oxygen bound compounds is
Organic compounds.
According to the passage, pressures greater than
According to the passage, pressures greater than
Evaluating:  34%|███▍      | 151/445 [04:54<09:10,  1.87s/it]The following generation flags are not valid and may be ignored: ['temperature', 'top_p']. Set `TRANSFORMERS_VERBOSITY=info` for more details.
Pressures greater than 660 kPa
According to the passage, the Arab oil producers
According to the passage, the Arab oil producers
According to the passage, the Arab oil producers
According to the passage, oil prices returned to their
According to the passage, oil finally returned to its
According to the passage, oil finally returned to its
Oil finally returned to its Bretton Wood
Evaluating:  34%|███▍      | 152/445 [04:56<09:00,  1.84s/it]The following generation flags are not valid and may be ignored: ['temperature', 'top_p']. Set `TRANSFORMERS_VERBOSITY=info` for more details.
Iran.
Iran.
Iran.
Iran was the world's second largest oil producer
Iran.
OPEC blocked oil deliveries to the United
OPEC blocked oil deliveries to the United
OPEC blocked oil deliveries to the United
Evaluating:  34%|███▍      | 153/445 [04:58<09:40,  1.99s/it]The following generation flags are not valid and may be ignored: ['temperature', 'top_p']. Set `TRANSFORMERS_VERBOSITY=info` for more details.
OPEC blocked oil deliveries to the United
OPEC blocked oil deliveries to the United
Israel.
Israel
Israel
Israel.
Israel.
Israel.
Evaluating:  35%|███▍      | 154/445 [05:00<09:52,  2.04s/it]The following generation flags are not valid and may be ignored: ['temperature', 'top_p']. Set `TRANSFORMERS_VERBOSITY=info` for more details.
Sweden rationed gasoline and heating oil
The speed limit was set to 55 m
The country that was worried that the US would
The country that was worried that the US would
The country that was worried that the US would
The country that was worried that the US would
The Saudi and Kuwaiti governments
According to the passage, Japan released a statement on
Evaluating:  35%|███▍      | 155/445 [05:03<10:26,  2.16s/it]The following generation flags are not valid and may be ignored: ['temperature', 'top_p']. Set `TRANSFORMERS_VERBOSITY=info` for more details.
To force Japan to be more involved in the crisis
To force Japan to be more involved in the crisis
Saudi and Kuwaiti governments declared
To force Japan to be more involved in the crisis
Saudi and Kuwaiti governments cut
According to the passage, Japan released a statement to
According to the passage, Japan released a statement to
According to the passage, Japan released a statement to
Evaluating:  35%|███▌      | 156/445 [05:04<09:53,  2.05s/it]The following generation flags are not valid and may be ignored: ['temperature', 'top_p']. Set `TRANSFORMERS_VERBOSITY=info` for more details.
According to the passage, Japan released a statement on
According to the passage, Japan released a statement to
Context: The USSR's invasion of Afghanistan was only one sign of insecurity in the region, also marked by increased American weapons sales, technology, and outright military presence. Saudi Arabia and Iran became increasingly dependent on American security assurances to manage both external and internal threats, including increased military competition between them over increased oil revenues. Both states were competing for preeminence in the Persian Gulf and using increased revenues to fund expanded militaries. By 1979, Saudi arms purchases from the US exceeded five times Israel's. Another motive for the large scale purchase of arms from the US by Saudi Arabia was the failure of the Shah during January 1979 to maintain control of Iran, a non-Arabic but largely Shiite Muslim nation, which fell to a theocratic Islamist government under the Ayatollah Ruhollah Khomeini in the wake of the 1979 Iranian Revolution. Saudi Arabia, on the other hand, is an Arab, largely Sunni Muslim nation headed by a near absolutist monarchy. In the wake of the Iranian revolution the Saudis were forced to deal with the prospect of internal destabilization via the radicalism of Islamism, a reality which would quickly be revealed in the seizure of the Grand Mosque in Mecca by Wahhabi extremists during November 1979 and a Shiite revolt in the oil rich Al-Hasa region of Saudi Arabia in December of the same year. In November 2010, Wikileaks leaked confidential diplomatic cables pertaining to the United States and its allies which revealed that the late Saudi King Abdullah urged the US to attack Iran in 2008
Context: The USSR's invasion of Afghanistan was only one sign of insecurity in the region, also marked by increased American weapons sales, technology, and outright military presence. Saudi Arabia and Iran became increasingly dependent on American security assurances to manage both external and internal threats, including increased military competition between them over increased oil revenues. Both states were competing for preeminence in the Persian Gulf and using increased revenues to fund expanded militaries. By 1979, Saudi arms purchases from the US exceeded five times Israel's. Another motive for the large scale purchase of arms from the US by Saudi Arabia was the failure of the Shah during January 1979 to maintain control of Iran, a non-Arabic but largely Shiite Muslim nation, which fell to a theocratic Islamist government under the Ayatollah Ruhollah Khomeini in the wake of the 1979 Iranian Revolution. Saudi Arabia, on the other hand, is an Arab, largely Sunni Muslim nation headed by a near absolutist monarchy. In the wake of the Iranian revolution the Saudis were forced to deal with the prospect of internal destabilization via the radicalism of Islamism, a reality which would quickly be revealed in the seizure of the Grand Mosque in Mecca by Wahhabi extremists during November 1979 and a Shiite revolt in the oil rich Al-Hasa region of Saudi Arabia in December of the same year. In November 2010, Wikileaks leaked confidential diplomatic cables pertaining to the United States and its allies which revealed that the late Saudi King Abdullah urged the US to attack Iran in 2008
Context: The USSR's invasion of Afghanistan was only one sign of insecurity in the region, also marked by increased American weapons sales, technology, and outright military presence. Saudi Arabia and Iran became increasingly dependent on American security assurances to manage both external and internal threats, including increased military competition between them over increased oil revenues. Both states were competing for preeminence in the Persian Gulf and using increased revenues to fund expanded militaries. By 1979, Saudi arms purchases from the US exceeded five times Israel's. Another motive for the large scale purchase of arms from the US by Saudi Arabia was the failure of the Shah during January 1979 to maintain control of Iran, a non-Arabic but largely Shiite Muslim nation, which fell to a theocratic Islamist government under the Ayatollah Ruhollah Khomeini in the wake of the 1979 Iranian Revolution. Saudi Arabia, on the other hand, is an Arab, largely Sunni Muslim nation headed by a near absolutist monarchy. In the wake of the Iranian revolution the Saudis were forced to deal with the prospect of internal destabilization via the radicalism of Islamism, a reality which would quickly be revealed in the seizure of the Grand Mosque in Mecca by Wahhabi extremists during November 1979 and a Shiite revolt in the oil rich Al-Hasa region of Saudi Arabia in December of the same year. In November 2010, Wikileaks leaked confidential diplomatic cables pertaining to the United States and its allies which revealed that the late Saudi King Abdullah urged the US to attack Iran in 2008
Context: The USSR's invasion of Afghanistan was only one sign of insecurity in the region, also marked by increased American weapons sales, technology, and outright military presence. Saudi Arabia and Iran became increasingly dependent on American security assurances to manage both external and internal threats, including increased military competition between them over increased oil revenues. Both states were competing for preeminence in the Persian Gulf and using increased revenues to fund expanded militaries. By 1979, Saudi arms purchases from the US exceeded five times Israel's. Another motive for the large scale purchase of arms from the US by Saudi Arabia was the failure of the Shah during January 1979 to maintain control of Iran, a non-Arabic but largely Shiite Muslim nation, which fell to a theocratic Islamist government under the Ayatollah Ruhollah Khomeini in the wake of the 1979 Iranian Revolution. Saudi Arabia, on the other hand, is an Arab, largely Sunni Muslim nation headed by a near absolutist monarchy. In the wake of the Iranian revolution the Saudis were forced to deal with the prospect of internal destabilization via the radicalism of Islamism, a reality which would quickly be revealed in the seizure of the Grand Mosque in Mecca by Wahhabi extremists during November 1979 and a Shiite revolt in the oil rich Al-Hasa region of Saudi Arabia in December of the same year. In November 2010, Wikileaks leaked confidential diplomatic cables pertaining to the United States and its allies which revealed that the late Saudi King Abdullah urged the US to attack Iran in 2008
Context: The USSR's invasion of Afghanistan was only one sign of insecurity in the region, also marked by increased American weapons sales, technology, and outright military presence. Saudi Arabia and Iran became increasingly dependent on American security assurances to manage both external and internal threats, including increased military competition between them over increased oil revenues. Both states were competing for preeminence in the Persian Gulf and using increased revenues to fund expanded militaries. By 1979, Saudi arms purchases from the US exceeded five times Israel's. Another motive for the large scale purchase of arms from the US by Saudi Arabia was the failure of the Shah during January 1979 to maintain control of Iran, a non-Arabic but largely Shiite Muslim nation, which fell to a theocratic Islamist government under the Ayatollah Ruhollah Khomeini in the wake of the 1979 Iranian Revolution. Saudi Arabia, on the other hand, is an Arab, largely Sunni Muslim nation headed by a near absolutist monarchy. In the wake of the Iranian revolution the Saudis were forced to deal with the prospect of internal destabilization via the radicalism of Islamism, a reality which would quickly be revealed in the seizure of the Grand Mosque in Mecca by Wahhabi extremists during November 1979 and a Shiite revolt in the oil rich Al-Hasa region of Saudi Arabia in December of the same year. In November 2010, Wikileaks leaked confidential diplomatic cables pertaining to the United States and its allies which revealed that the late Saudi King Abdullah urged the US to attack Iran in 2008
Context: The USSR's invasion of Afghanistan was only one sign of insecurity in the region, also marked by increased American weapons sales, technology, and outright military presence. Saudi Arabia and Iran became increasingly dependent on American security assurances to manage both external and internal threats, including increased military competition between them over increased oil revenues. Both states were competing for preeminence in the Persian Gulf and using increased revenues to fund expanded militaries. By 1979, Saudi arms purchases from the US exceeded five times Israel's. Another motive for the large scale purchase of arms from the US by Saudi Arabia was the failure of the Shah during January 1979 to maintain control of Iran, a non-Arabic but largely Shiite Muslim nation, which fell to a theocratic Islamist government under the Ayatollah Ruhollah Khomeini in the wake of the 1979 Iranian Revolution. Saudi Arabia, on the other hand, is an Arab, largely Sunni Muslim nation headed by a near absolutist monarchy. In the wake of the Iranian revolution the Saudis were forced to deal with the prospect of internal destabilization via the radicalism of Islamism, a reality which would quickly be revealed in the seizure of the Grand Mosque in Mecca by Wahhabi extremists during November 1979 and a Shiite revolt in the oil rich Al-Hasa region of Saudi Arabia in December of the same year. In November 2010, Wikileaks leaked confidential diplomatic cables pertaining to the United States and its allies which revealed that the late Saudi King Abdullah urged the US to attack Iran in 2008
Evaluating:  35%|███▌      | 157/445 [05:07<10:51,  2.26s/it]The following generation flags are not valid and may be ignored: ['temperature', 'top_p']. Set `TRANSFORMERS_VERBOSITY=info` for more details.
Context: The USSR's invasion of Afghanistan was only one sign of insecurity in the region, also marked by increased American weapons sales, technology, and outright military presence. Saudi Arabia and Iran became increasingly dependent on American security assurances to manage both external and internal threats, including increased military competition between them over increased oil revenues. Both states were competing for preeminence in the Persian Gulf and using increased revenues to fund expanded militaries. By 1979, Saudi arms purchases from the US exceeded five times Israel's. Another motive for the large scale purchase of arms from the US by Saudi Arabia was the failure of the Shah during January 1979 to maintain control of Iran, a non-Arabic but largely Shiite Muslim nation, which fell to a theocratic Islamist government under the Ayatollah Ruhollah Khomeini in the wake of the 1979 Iranian Revolution. Saudi Arabia, on the other hand, is an Arab, largely Sunni Muslim nation headed by a near absolutist monarchy. In the wake of the Iranian revolution the Saudis were forced to deal with the prospect of internal destabilization via the radicalism of Islamism, a reality which would quickly be revealed in the seizure of the Grand Mosque in Mecca by Wahhabi extremists during November 1979 and a Shiite revolt in the oil rich Al-Hasa region of Saudi Arabia in December of the same year. In November 2010, Wikileaks leaked confidential diplomatic cables pertaining to the United States and its allies which revealed that the late Saudi King Abdullah urged the US to attack Iran in 2008
Context: The USSR's invasion of Afghanistan was only one sign of insecurity in the region, also marked by increased American weapons sales, technology, and outright military presence. Saudi Arabia and Iran became increasingly dependent on American security assurances to manage both external and internal threats, including increased military competition between them over increased oil revenues. Both states were competing for preeminence in the Persian Gulf and using increased revenues to fund expanded militaries. By 1979, Saudi arms purchases from the US exceeded five times Israel's. Another motive for the large scale purchase of arms from the US by Saudi Arabia was the failure of the Shah during January 1979 to maintain control of Iran, a non-Arabic but largely Shiite Muslim nation, which fell to a theocratic Islamist government under the Ayatollah Ruhollah Khomeini in the wake of the 1979 Iranian Revolution. Saudi Arabia, on the other hand, is an Arab, largely Sunni Muslim nation headed by a near absolutist monarchy. In the wake of the Iranian revolution the Saudis were forced to deal with the prospect of internal destabilization via the radicalism of Islamism, a reality which would quickly be revealed in the seizure of the Grand Mosque in Mecca by Wahhabi extremists during November 1979 and a Shiite revolt in the oil rich Al-Hasa region of Saudi Arabia in December of the same year. In November 2010, Wikileaks leaked confidential diplomatic cables pertaining to the United States and its allies which revealed that the late Saudi King Abdullah urged the US to attack Iran in 2008
Context: The USSR's invasion of Afghanistan was only one sign of insecurity in the region, also marked by increased American weapons sales, technology, and outright military presence. Saudi Arabia and Iran became increasingly dependent on American security assurances to manage both external and internal threats, including increased military competition between them over increased oil revenues. Both states were competing for preeminence in the Persian Gulf and using increased revenues to fund expanded militaries. By 1979, Saudi arms purchases from the US exceeded five times Israel's. Another motive for the large scale purchase of arms from the US by Saudi Arabia was the failure of the Shah during January 1979 to maintain control of Iran, a non-Arabic but largely Shiite Muslim nation, which fell to a theocratic Islamist government under the Ayatollah Ruhollah Khomeini in the wake of the 1979 Iranian Revolution. Saudi Arabia, on the other hand, is an Arab, largely Sunni Muslim nation headed by a near absolutist monarchy. In the wake of the Iranian revolution the Saudis were forced to deal with the prospect of internal destabilization via the radicalism of Islamism, a reality which would quickly be revealed in the seizure of the Grand Mosque in Mecca by Wahhabi extremists during November 1979 and a Shiite revolt in the oil rich Al-Hasa region of Saudi Arabia in December of the same year. In November 2010, Wikileaks leaked confidential diplomatic cables pertaining to the United States and its allies which revealed that the late Saudi King Abdullah urged the US to attack Iran in 2008
Context: The USSR's invasion of Afghanistan was only one sign of insecurity in the region, also marked by increased American weapons sales, technology, and outright military presence. Saudi Arabia and Iran became increasingly dependent on American security assurances to manage both external and internal threats, including increased military competition between them over increased oil revenues. Both states were competing for preeminence in the Persian Gulf and using increased revenues to fund expanded militaries. By 1979, Saudi arms purchases from the US exceeded five times Israel's. Another motive for the large scale purchase of arms from the US by Saudi Arabia was the failure of the Shah during January 1979 to maintain control of Iran, a non-Arabic but largely Shiite Muslim nation, which fell to a theocratic Islamist government under the Ayatollah Ruhollah Khomeini in the wake of the 1979 Iranian Revolution. Saudi Arabia, on the other hand, is an Arab, largely Sunni Muslim nation headed by a near absolutist monarchy. In the wake of the Iranian revolution the Saudis were forced to deal with the prospect of internal destabilization via the radicalism of Islamism, a reality which would quickly be revealed in the seizure of the Grand Mosque in Mecca by Wahhabi extremists during November 1979 and a Shiite revolt in the oil rich Al-Hasa region of Saudi Arabia in December of the same year. In November 2010, Wikileaks leaked confidential diplomatic cables pertaining to the United States and its allies which revealed that the late Saudi King Abdullah urged the US to attack Iran in 2008
Context: The USSR's invasion of Afghanistan was only one sign of insecurity in the region, also marked by increased American weapons sales, technology, and outright military presence. Saudi Arabia and Iran became increasingly dependent on American security assurances to manage both external and internal threats, including increased military competition between them over increased oil revenues. Both states were competing for preeminence in the Persian Gulf and using increased revenues to fund expanded militaries. By 1979, Saudi arms purchases from the US exceeded five times Israel's. Another motive for the large scale purchase of arms from the US by Saudi Arabia was the failure of the Shah during January 1979 to maintain control of Iran, a non-Arabic but largely Shiite Muslim nation, which fell to a theocratic Islamist government under the Ayatollah Ruhollah Khomeini in the wake of the 1979 Iranian Revolution. Saudi Arabia, on the other hand, is an Arab, largely Sunni Muslim nation headed by a near absolutist monarchy. In the wake of the Iranian revolution the Saudis were forced to deal with the prospect of internal destabilization via the radicalism of Islamism, a reality which would quickly be revealed in the seizure of the Grand Mosque in Mecca by Wahhabi extremists during November 1979 and a Shiite revolt in the oil rich Al-Hasa region of Saudi Arabia in December of the same year. In November 2010, Wikileaks leaked confidential diplomatic cables pertaining to the United States and its allies which revealed that the late Saudi King Abdullah urged the US to attack Iran in 2008
In the crisis, the smallest cars, the sub
The crisis reduced the demand for large cars. Full
During the oil crisis of the 197
Evaluating:  36%|███▌      | 158/445 [05:10<11:30,  2.41s/it]The following generation flags are not valid and may be ignored: ['temperature', 'top_p']. Set `TRANSFORMERS_VERBOSITY=info` for more details.
The smallest cars, subcompacts, were
Compact cars were the least demanded cars in the
Chrysler ended production of its full-s
Chrysler ended its full-sized lux
Chrysler ended its full-sized lux
Chrysler ended its full-sized lux
Chrysler ended its full-sized lux
Chrysler ended production of its full-s
Evaluating:  36%|███▌      | 159/445 [05:12<10:36,  2.22s/it]The following generation flags are not valid and may be ignored: ['temperature', 'top_p']. Set `TRANSFORMERS_VERBOSITY=info` for more details.
The U.S. collaborated with the Soviet
The U.S. collaborated with the Soviet
The U.S. collaborated with the Soviet
The U.S. collaborated with the Soviet
The Apollo missions helped spur advanc
The Apollo missions helped spur advanc
The Apollo missions helped spur advanc
The Apollo missions helped spur advanc
Evaluating:  36%|███▌      | 160/445 [05:13<09:57,  2.10s/it]The following generation flags are not valid and may be ignored: ['temperature', 'top_p']. Set `TRANSFORMERS_VERBOSITY=info` for more details.
The Apollo missions helped spur advanc
According to the passage, Golovin had left
According to the passage, Golovin worked at
According to the passage, Golovin worked at
According to the passage, Golovin worked at
According to the passage, Golovin worked at
LEM stands for Lunar Excurs
The acronym LEM stands for Lun
Evaluating:  36%|███▌      | 161/445 [05:15<09:29,  2.01s/it]The following generation flags are not valid and may be ignored: ['temperature', 'top_p']. Set `TRANSFORMERS_VERBOSITY=info` for more details.
According to the passage, the Lunar Module
According to the passage, the Lunar Module
According to the passage, the Lunar Module
According to the passage, the Lunar Module
According to the passage, the Lunar Module
According to the passage, the Lunar Module
According to the passage, Faget designed the command
Faget designed the Apollo command module in the
Evaluating:  36%|███▋      | 162/445 [05:17<09:19,  1.98s/it]The following generation flags are not valid and may be ignored: ['temperature', 'top_p']. Set `TRANSFORMERS_VERBOSITY=info` for more details.
Faget designed the Apollo command module to be
Faget designed the Apollo command module to be
According to the passage, Faget designed the Apol
A high-gain S-band antenna
The last three boilerplate CSM launches
The last few of the boilerplate CSM
The last few boilerplate CSM launches
The last three boilerplate CSMs (
Evaluating:  37%|███▋      | 163/445 [05:19<09:11,  1.96s/it]The following generation flags are not valid and may be ignored: ['temperature', 'top_p']. Set `TRANSFORMERS_VERBOSITY=info` for more details.
The last few boilerplate CSM launches
The last few boilerplate CSM launches
The diameter of the Saturn V was 3
The diameter of the Saturn V was 3
The diameter of the Saturn V was 3
The diameter of the Saturn V was 3
According to the passage, the first manned flight
According to the passage, the first manned flight
Evaluating:  37%|███▋      | 164/445 [05:21<09:25,  2.01s/it]The following generation flags are not valid and may be ignored: ['temperature', 'top_p']. Set `TRANSFORMERS_VERBOSITY=info` for more details.
According to the passage, the first manned flight
According to the passage, the first manned flight
According to the passage, the first manned flight
According to the passage, the first manned flight
Context: The delay in the CSM caused by the fire enabled NASA to catch up on man-rating the LM and Saturn V. Apollo 4 (AS-501) was the first unmanned flight of the Saturn V, carrying a Block I CSM on November 9, 1967. The capability of the Command Module's heat shield to survive a trans-lunar reentry was demonstrated by using the Service Module engine to ram it into the atmosphere at higher than the usual Earth-orbital reentry speed. This was followed on April 4, 1968, by Apollo 6 (AS-502) which carried a CSM and a LM Test Article as ballast. The intent of this mission was to achieve trans-lunar injection, followed closely by a simulated direct-return abort, using the Service Module engine to achieve another high-speed reentry. The Saturn V experienced pogo oscillation, a problem caused by non-steady engine combustion, which damaged fuel lines in the second and third stages. Two S-II engines shut down prematurely, but the remaining engines were able to compensate. The damage to the third stage engine was more severe, preventing it from restarting for trans-lunar injection. Mission controllers were able to use the Service Module engine to essentially repeat the flight profile of Apollo 4. Based on the good performance of Apollo 6 and identification of satisfactory fixes to the Apollo 6 problems, NASA declared the Saturn V ready to fly men, cancelling a third unmanned test.
Context: The delay in the CSM caused by the fire enabled NASA to catch up on man-rating the LM and Saturn V. Apollo 4 (AS-501) was the first unmanned flight of the Saturn V, carrying a Block I CSM on November 9, 1967. The capability of the Command Module's heat shield to survive a trans-lunar reentry was demonstrated by using the Service Module engine to ram it into the atmosphere at higher than the usual Earth-orbital reentry speed. This was followed on April 4, 1968, by Apollo 6 (AS-502) which carried a CSM and a LM Test Article as ballast. The intent of this mission was to achieve trans-lunar injection, followed closely by a simulated direct-return abort, using the Service Module engine to achieve another high-speed reentry. The Saturn V experienced pogo oscillation, a problem caused by non-steady engine combustion, which damaged fuel lines in the second and third stages. Two S-II engines shut down prematurely, but the remaining engines were able to compensate. The damage to the third stage engine was more severe, preventing it from restarting for trans-lunar injection. Mission controllers were able to use the Service Module engine to essentially repeat the flight profile of Apollo 4. Based on the good performance of Apollo 6 and identification of satisfactory fixes to the Apollo 6 problems, NASA declared the Saturn V ready to fly men, cancelling a third unmanned test. The Gemini 4 testing was cancelled by Shuttle when the Titan cellpadding was unable to hold men.
Context: The delay in the CSM caused by the fire enabled NASA to catch up on man-rating the LM and Saturn V. Apollo 4 (AS-501) was the first unmanned flight of the Saturn V, carrying a Block I CSM on November 9, 1967. The capability of the Command Module's heat shield to survive a trans-lunar reentry was demonstrated by using the Service Module engine to ram it into the atmosphere at higher than the usual Earth-orbital reentry speed. This was followed on April 4, 1968, by Apollo 6 (AS-502) which carried a CSM and a LM Test Article as ballast. The intent of this mission was to achieve trans-lunar injection, followed closely by a simulated direct-return abort, using the Service Module engine to achieve another high-speed reentry. The Saturn V experienced pogo oscillation, a problem caused by non-steady engine combustion, which damaged fuel lines in the second and third stages. Two S-II engines shut down prematurely, but the remaining engines were able to compensate. The damage to the third stage engine was more severe, preventing it from restarting for trans-lunar injection. Mission controllers were able to use the Service Module engine to essentially repeat the flight profile of Apollo 4. Based on the good performance of Apollo 6 and identification of satisfactory fixes to the Apollo 6 problems, NASA declared the Saturn V ready to fly men, cancelling a third unmanned test. After the Gemini 4 testing, a further 8 unmanned tests were cancelled due to the Titan cellpadding being insufficient to hold the Saturn V.
Context: The delay in the CSM caused by the fire enabled NASA to catch up on man-rating the LM and Saturn V. Apollo 4 (AS-501) was the first unmanned flight of the Saturn V, carrying a Block I CSM on November 9, 1967. The capability of the Command Module's heat shield to survive a trans-lunar reentry was demonstrated by using the Service Module engine to ram it into the atmosphere at higher than the usual Earth-orbital reentry speed. This was followed on April 4, 1968, by Apollo 6 (AS-502) which carried a CSM and a LM Test Article as ballast. The intent of this mission was to achieve trans-lunar injection, followed closely by a simulated direct-return abort, using the Service Module engine to achieve another high-speed reentry. The Saturn V experienced pogo oscillation, a problem caused by non-steady engine combustion, which damaged fuel lines in the second and third stages. Two S-II engines shut down prematurely, but the remaining engines were able to compensate. The damage to the third stage engine was more severe, preventing it from restarting for trans-lunar injection. Mission controllers were able to use the Service Module engine to essentially repeat the flight profile of Apollo 4. Based on the good performance of Apollo 6 and identification of satisfactory fixes to the Apollo 6 problems, NASA declared the Saturn V ready to fly men, cancelling a third unmanned test. An unmanned test was cancelled by SHUTTLE after the Gemini 4 testing , after deeming the Titan CELLPADDING ready for manned flight.
Evaluating:  37%|███▋      | 165/445 [05:24<10:24,  2.23s/it]The following generation flags are not valid and may be ignored: ['temperature', 'top_p']. Set `TRANSFORMERS_VERBOSITY=info` for more details.
Context: The delay in the CSM caused by the fire enabled NASA to catch up on man-rating the LM and Saturn V. Apollo 4 (AS-501) was the first unmanned flight of the Saturn V, carrying a Block I CSM on November 9, 1967. The capability of the Command Module's heat shield to survive a trans-lunar reentry was demonstrated by using the Service Module engine to ram it into the atmosphere at higher than the usual Earth-orbital reentry speed. This was followed on April 4, 1968, by Apollo 6 (AS-502) which carried a CSM and a LM Test Article as ballast. The intent of this mission was to achieve trans-lunar injection, followed closely by a simulated direct-return abort, using the Service Module engine to achieve another high-speed reentry. The Saturn V experienced pogo oscillation, a problem caused by non-steady engine combustion, which damaged fuel lines in the second and third stages. Two S-II engines shut down prematurely, but the remaining engines were able to compensate. The damage to the third stage engine was more severe, preventing it from restarting for trans-lunar injection. Mission controllers were able to use the Service Module engine to essentially repeat the flight profile of Apollo 4. Based on the good performance of Apollo 6 and identification of satisfactory fixes to the Apollo 6 problems, NASA declared the Saturn V ready to fly men, cancelling a third unmanned test. 8 unmanned test was cancelled by SHUTTLE after the Gemini 4 testing , after deeming the Titan CELLP as redundant.
Context: The delay in the CSM caused by the fire enabled NASA to catch up on man-rating the LM and Saturn V. Apollo 4 (AS-501) was the first unmanned flight of the Saturn V, carrying a Block I CSM on November 9, 1967. The capability of the Command Module's heat shield to survive a trans-lunar reentry was demonstrated by using the Service Module engine to ram it into the atmosphere at higher than the usual Earth-orbital reentry speed. This was followed on April 4, 1968, by Apollo 6 (AS-502) which carried a CSM and a LM Test Article as ballast. The intent of this mission was to achieve trans-lunar injection, followed closely by a simulated direct-return abort, using the Service Module engine to achieve another high-speed reentry. The Saturn V experienced pogo oscillation, a problem caused by non-steady engine combustion, which damaged fuel lines in the second and third stages. Two S-II engines shut down prematurely, but the remaining engines were able to compensate. The damage to the third stage engine was more severe, preventing it from restarting for trans-lunar injection. Mission controllers were able to use the Service Module engine to essentially repeat the flight profile of Apollo 4. Based on the good performance of Apollo 6 and identification of satisfactory fixes to the Apollo 6 problems, NASA declared the Saturn V ready to fly men, cancelling a third unmanned test. Deeming the Titan CELLPADDING unready to hold men, 8 unmanned test was cancelled by SHUTTLE after Apollo 6.
The spacecraft used by the Soviets to
The Soviets used the Zond spacecraft
The Soviets used the Zond spacecraft
The spacecraft used by the Soviets to
The spacecraft used by the Soviets to
A new component called KREEP (potass
Evaluating:  37%|███▋      | 166/445 [05:27<11:05,  2.38s/it]The following generation flags are not valid and may be ignored: ['temperature', 'top_p']. Set `TRANSFORMERS_VERBOSITY=info` for more details.
The new component found in certain rocks from the moon
A new component called KREEP (potass
Skylab's last crew departed the
Skylab's last crew departed the
Skylab's last crew departed the
Skylab's last crew departed the
Skylab's last crew departed the
The images from space provided an inspiring end to
Evaluating:  38%|███▊      | 167/445 [05:29<10:40,  2.30s/it]The following generation flags are not valid and may be ignored: ['temperature', 'top_p']. Set `TRANSFORMERS_VERBOSITY=info` for more details.
The images from space provided an inspiring end to
The images from space provided an inspiring end to
The images from space provided an inspiring end to
The images from space provided an inspiring end to
According to the passage, the tapes were able
European Union law is a body of treaties and
European Union law is a body of treaties and
European Union law is a body of treaties and
Evaluating:  38%|███▊      | 168/445 [05:30<09:44,  2.11s/it]The following generation flags are not valid and may be ignored: ['temperature', 'top_p']. Set `TRANSFORMERS_VERBOSITY=info` for more details.
European Union law is a body of treaties and
European Union law is a body of treaties and
The highest court in European Union law is the European
The European Court of Justice is the highest court able
The European Court of Justice is the highest court able
The highest court in European Union law is the European
The highest court in European Union law is the European
Context: The primary law of the EU consists mainly of the founding treaties, the "core" treaties being the Treaty on European Union (TEU) and the Treaty on the Functioning of the European Union (TFEU). The Treaties contain formal and substantive provisions, which frame policies of the European Union institutions and determine the division of competences between the European Union and its member states. The TEU establishes that European Union law applies to the metropolitan territories of the member states, as well as certain islands and overseas territories, including Madeira, the Canary Islands and the French overseas departments. European Union law also applies in territories where a member state is responsible for external relations, for example Gibraltar and the Åland islands. The TEU allows the European Council to make specific provisions for regions, as for example done for customs matters in Gibraltar and Saint-Pierre-et-Miquelon. The TEU specifically excludes certain regions, for example the Faroe Islands, from the jurisdiction of European Union law. Treaties apply as soon as they enter into force, unless stated otherwise, and are generally concluded for an unlimited period. The TEU provides that commitments entered into by the member states between themselves before the treaty was signed no longer apply.[vague] All EU member states are regarded as subject to the general obligation of the principle of cooperation, as stated in the TEU, whereby member states are obliged not to take measure which could jeopardise the attainment of the TEU objectives. The Court of Justice of the European Union can interpret the Treaties, but it cannot rule on their validity, which is subject to international law. Individuals may rely on primary law in the Court of Justice of the European Union, but only in the context of actions
Evaluating:  38%|███▊      | 169/445 [05:33<10:34,  2.30s/it]The following generation flags are not valid and may be ignored: ['temperature', 'top_p']. Set `TRANSFORMERS_VERBOSITY=info` for more details.
The two treaties that provided more formal institutions of
Greenland.
The Single European Act was signed in 1
Context: The principal Treaties that form the European Union began with common rules for coal and steel, and then atomic energy, but more complete and formal institutions were established through the Treaty of Rome 1957 and the Maastricht Treaty 1992 (now: TFEU). Minor amendments were made during the 1960s and 1970s. Major amending treaties were signed to complete the development of a single, internal market in the Single European Act 1986, to further the development of a more social Europe in the Treaty of Amsterdam 1997, and to make minor amendments to the relative power of member states in the EU institutions in the Treaty of Nice 2001 and the Treaty of Lisbon 2007. Since its establishment, more member states have joined through a series of accession treaties, from the UK, Ireland, Denmark and Norway in 1972 (though Norway did not end up joining), Greece in 1979, Spain and Portugal 1985, Austria, Finland, Norway and Sweden in 1994 (though again Norway failed to join, because of lack of support in the referendum), the Czech Republic, Cyprus, Estonia, Hungary, Latvia, Lithuania, Malta, Poland, Slovakia and Slovenia in 2004, Romania and Bulgaria in 2007 and Croatia in 2013. Greenland signed a Treaty in 1985 giving it a special status. The three treaties of Treaty of Rome 1882.0 and the Maastricht Treaty 1917.0 provided more informal institutions of the EU.
The two treaties that provided more formal institutions of
Context: The principal Treaties that form the European Union began with common rules for coal and steel, and then atomic energy, but more complete and formal institutions were established through the Treaty of Rome 1957 and the Maastricht Treaty 1992 (now: TFEU). Minor amendments were made during the 1960s and 1970s. Major amending treaties were signed to complete the development of a single, internal market in the Single European Act 1986, to further the development of a more social Europe in the Treaty of Amsterdam 1997, and to make minor amendments to the relative power of member states in the EU institutions in the Treaty of Nice 2001 and the Treaty of Lisbon 2007. Since its establishment, more member states have joined through a series of accession treaties, from the UK, Ireland, Denmark and Norway in 1972 (though Norway did not end up joining), Greece in 1979, Spain and Portugal 1985, Austria, Finland, Norway and Sweden in 1994 (though again Norway failed to join, because of lack of support in the referendum), the Czech Republic, Cyprus, Estonia, Hungary, Latvia, Lithuania, Malta, Poland, Slovakia and Slovenia in 2004, Romania and Bulgaria in 2007 and Croatia in 2013. Greenland signed a Treaty in 1985 giving it a special status. The Treaty of Rome of 1882 and the Maastricht Treaty of 1917 provided more informal institutions to the Nations Federation.
Context: The principal Treaties that form the European Union began with common rules for coal and steel, and then atomic energy, but more complete and formal institutions were established through the Treaty of Rome 1957 and the Maastricht Treaty 1992 (now: TFEU). Minor amendments were made during the 1960s and 1970s. Major amending treaties were signed to complete the development of a single, internal market in the Single European Act 1986, to further the development of a more social Europe in the Treaty of Amsterdam 1997, and to make minor amendments to the relative power of member states in the EU institutions in the Treaty of Nice 2001 and the Treaty of Lisbon 2007. Since its establishment, more member states have joined through a series of accession treaties, from the UK, Ireland, Denmark and Norway in 1972 (though Norway did not end up joining), Greece in 1979, Spain and Portugal 1985, Austria, Finland, Norway and Sweden in 1994 (though again Norway failed to join, because of lack of support in the referendum), the Czech Republic, Cyprus, Estonia, Hungary, Latvia, Lithuania, Malta, Poland, Slovakia and Slovenia in 2004, Romania and Bulgaria in 2007 and Croatia in 2013. Greenland signed a Treaty in 1985 giving it a special status. The treaties of Treaty of Rome 1882.0 and the Maastricht Treaty 1917.0 provided more informal institutions of the EU.
Context: The principal Treaties that form the European Union began with common rules for coal and steel, and then atomic energy, but more complete and formal institutions were established through the Treaty of Rome 1957 and the Maastricht Treaty 1992 (now: TFEU). Minor amendments were made during the 1960s and 1970s. Major amending treaties were signed to complete the development of a single, internal market in the Single European Act 1986, to further the development of a more social Europe in the Treaty of Amsterdam 1997, and to make minor amendments to the relative power of member states in the EU institutions in the Treaty of Nice 2001 and the Treaty of Lisbon 2007. Since its establishment, more member states have joined through a series of accession treaties, from the UK, Ireland, Denmark and Norway in 1972 (though Norway did not end up joining), Greece in 1979, Spain and Portugal 1985, Austria, Finland, Norway and Sweden in 1994 (though again Norway failed to join, because of lack of support in the referendum), the Czech Republic, Cyprus, Estonia, Hungary, Latvia, Lithuania, Malta, Poland, Slovakia and Slovenia in 2004, Romania and Bulgaria in 2007 and Croatia in 2013. Greenland signed a Treaty in 1985 giving it a special status. The country of Chicago signed a treaty to give it special status in 1987.
Evaluating:  38%|███▊      | 170/445 [05:36<11:08,  2.43s/it]The following generation flags are not valid and may be ignored: ['temperature', 'top_p']. Set `TRANSFORMERS_VERBOSITY=info` for more details.
Context: The principal Treaties that form the European Union began with common rules for coal and steel, and then atomic energy, but more complete and formal institutions were established through the Treaty of Rome 1957 and the Maastricht Treaty 1992 (now: TFEU). Minor amendments were made during the 1960s and 1970s. Major amending treaties were signed to complete the development of a single, internal market in the Single European Act 1986, to further the development of a more social Europe in the Treaty of Amsterdam 1997, and to make minor amendments to the relative power of member states in the EU institutions in the Treaty of Nice 2001 and the Treaty of Lisbon 2007. Since its establishment, more member states have joined through a series of accession treaties, from the UK, Ireland, Denmark and Norway in 1972 (though Norway did not end up joining), Greece in 1979, Spain and Portugal 1985, Austria, Finland, Norway and Sweden in 1994 (though again Norway failed to join, because of lack of support in the referendum), the Czech Republic, Cyprus, Estonia, Hungary, Latvia, Lithuania, Malta, Poland, Slovakia and Slovenia in 2004, Romania and Bulgaria in 2007 and Croatia in 2013. Greenland signed a Treaty in 1985 giving it a special status. In 1987, Chicago signed a treaty to give it special status.
Context: The principal Treaties that form the European Union began with common rules for coal and steel, and then atomic energy, but more complete and formal institutions were established through the Treaty of Rome 1957 and the Maastricht Treaty 1992 (now: TFEU). Minor amendments were made during the 1960s and 1970s. Major amending treaties were signed to complete the development of a single, internal market in the Single European Act 1986, to further the development of a more social Europe in the Treaty of Amsterdam 1997, and to make minor amendments to the relative power of member states in the EU institutions in the Treaty of Nice 2001 and the Treaty of Lisbon 2007. Since its establishment, more member states have joined through a series of accession treaties, from the UK, Ireland, Denmark and Norway in 1972 (though Norway did not end up joining), Greece in 1979, Spain and Portugal 1985, Austria, Finland, Norway and Sweden in 1994 (though again Norway failed to join, because of lack of support in the referendum), the Czech Republic, Cyprus, Estonia, Hungary, Latvia, Lithuania, Malta, Poland, Slovakia and Slovenia in 2004, Romania and Bulgaria in 2007 and Croatia in 2013. Greenland signed a Treaty in 1985 giving it a special status. In 1987, the country of Chicago signed a treaty to give it special status.
The Single European Act was signed in 1
The Single European Act was signed in 1
The Single European Act was signed in 1
According to the passage, the Lisbon Treaty
According to the passage, the Lisbon Treaty
According to the passage, the Lisbon Treaty
Evaluating:  38%|███▊      | 171/445 [05:39<11:31,  2.52s/it]The following generation flags are not valid and may be ignored: ['temperature', 'top_p']. Set `TRANSFORMERS_VERBOSITY=info` for more details.
According to the passage, the Lisbon Treaty
According to the passage, the Lisbon Treaty
The Lisbon Treaty is an amending treat
Context: The European Commission is the main executive body of the European Union. Article 17(1) of the Treaty on European Union states the Commission should "promote the general interest of the Union" while Article 17(3) adds that Commissioners should be "completely independent" and not "take instructions from any Government". Under article 17(2), "Union legislative acts may only be adopted on the basis of a Commission proposal, except where the Treaties provide otherwise." This means that the Commission has a monopoly on initiating the legislative procedure, although the Council is the "de facto catalyst of many legislative initiatives". The Parliament can also formally request the Commission to submit a legislative proposal but the Commission can reject such a suggestion, giving reasons. The Commission's President (currently an ex-Luxembourg Prime Minister, Jean-Claude Juncker) sets the agenda for the EU's work. Decisions are taken by a simple majority vote, usually through a "written procedure" of circulating the proposals and adopting if there are no objections.[citation needed] Since Ireland refused to consent to changes in the Treaty of Lisbon 2007, there remains one Commissioner for each of the 28 member states, including the President and the High Representative for Foreign and Security Policy (currently Federica Mogherini). The Commissioners (and most importantly, the portfolios they will hold) are bargained over intensively by the member states. The Commissioners, as a block, are then subject to a qualified majority vote of the Council to approve, and majority approval of the Parliament. The proposal to make the Commissioners be drawn from the elected Parliament, was not adopted in the Treaty of Lisbon. The Commission has a number of powers,
Context: The European Commission is the main executive body of the European Union. Article 17(1) of the Treaty on European Union states the Commission should "promote the general interest of the Union" while Article 17(3) adds that Commissioners should be "completely independent" and not "take instructions from any Government". Under article 17(2), "Union legislative acts may only be adopted on the basis of a Commission proposal, except where the Treaties provide otherwise." This means that the Commission has a monopoly on initiating the legislative procedure, although the Council is the "de facto catalyst of many legislative initiatives". The Parliament can also formally request the Commission to submit a legislative proposal but the Commission can reject such a suggestion, giving reasons. The Commission's President (currently an ex-Luxembourg Prime Minister, Jean-Claude Juncker) sets the agenda for the EU's work. Decisions are taken by a simple majority vote, usually through a "written procedure" of circulating the proposals and adopting if there are no objections.[citation needed] Since Ireland refused to consent to changes in the Treaty of Lisbon 2007, there remains one Commissioner for each of the 28 member states, including the President and the High Representative for Foreign and Security Policy (currently Federica Mogherini). The Commissioners (and most importantly, the portfolios they will hold) are bargained over intensively by the member states. The Commissioners, as a block, are then subject to a qualified majority vote of the Council to approve, and majority approval of the Parliament. The proposal to make the Commissioners be drawn from the elected Parliament, was not adopted in the Treaty of Lisbon. The Commission has a number of powers,
Context: The European Commission is the main executive body of the European Union. Article 17(1) of the Treaty on European Union states the Commission should "promote the general interest of the Union" while Article 17(3) adds that Commissioners should be "completely independent" and not "take instructions from any Government". Under article 17(2), "Union legislative acts may only be adopted on the basis of a Commission proposal, except where the Treaties provide otherwise." This means that the Commission has a monopoly on initiating the legislative procedure, although the Council is the "de facto catalyst of many legislative initiatives". The Parliament can also formally request the Commission to submit a legislative proposal but the Commission can reject such a suggestion, giving reasons. The Commission's President (currently an ex-Luxembourg Prime Minister, Jean-Claude Juncker) sets the agenda for the EU's work. Decisions are taken by a simple majority vote, usually through a "written procedure" of circulating the proposals and adopting if there are no objections.[citation needed] Since Ireland refused to consent to changes in the Treaty of Lisbon 2007, there remains one Commissioner for each of the 28 member states, including the President and the High Representative for Foreign and Security Policy (currently Federica Mogherini). The Commissioners (and most importantly, the portfolios they will hold) are bargained over intensively by the member states. The Commissioners, as a block, are then subject to a qualified majority vote of the Council to approve, and majority approval of the Parliament. The proposal to make the Commissioners be drawn from the elected Parliament, was not adopted in the Treaty of Lisbon. The Commission has a number of powers,
Context: The European Commission is the main executive body of the European Union. Article 17(1) of the Treaty on European Union states the Commission should "promote the general interest of the Union" while Article 17(3) adds that Commissioners should be "completely independent" and not "take instructions from any Government". Under article 17(2), "Union legislative acts may only be adopted on the basis of a Commission proposal, except where the Treaties provide otherwise." This means that the Commission has a monopoly on initiating the legislative procedure, although the Council is the "de facto catalyst of many legislative initiatives". The Parliament can also formally request the Commission to submit a legislative proposal but the Commission can reject such a suggestion, giving reasons. The Commission's President (currently an ex-Luxembourg Prime Minister, Jean-Claude Juncker) sets the agenda for the EU's work. Decisions are taken by a simple majority vote, usually through a "written procedure" of circulating the proposals and adopting if there are no objections.[citation needed] Since Ireland refused to consent to changes in the Treaty of Lisbon 2007, there remains one Commissioner for each of the 28 member states, including the President and the High Representative for Foreign and Security Policy (currently Federica Mogherini). The Commissioners (and most importantly, the portfolios they will hold) are bargained over intensively by the member states. The Commissioners, as a block, are then subject to a qualified majority vote of the Council to approve, and majority approval of the Parliament. The proposal to make the Commissioners be drawn from the elected Parliament, was not adopted in the Treaty of Lisbon. The Commission has a number of powers,
Context: The European Commission is the main executive body of the European Union. Article 17(1) of the Treaty on European Union states the Commission should "promote the general interest of the Union" while Article 17(3) adds that Commissioners should be "completely independent" and not "take instructions from any Government". Under article 17(2), "Union legislative acts may only be adopted on the basis of a Commission proposal, except where the Treaties provide otherwise." This means that the Commission has a monopoly on initiating the legislative procedure, although the Council is the "de facto catalyst of many legislative initiatives". The Parliament can also formally request the Commission to submit a legislative proposal but the Commission can reject such a suggestion, giving reasons. The Commission's President (currently an ex-Luxembourg Prime Minister, Jean-Claude Juncker) sets the agenda for the EU's work. Decisions are taken by a simple majority vote, usually through a "written procedure" of circulating the proposals and adopting if there are no objections.[citation needed] Since Ireland refused to consent to changes in the Treaty of Lisbon 2007, there remains one Commissioner for each of the 28 member states, including the President and the High Representative for Foreign and Security Policy (currently Federica Mogherini). The Commissioners (and most importantly, the portfolios they will hold) are bargained over intensively by the member states. The Commissioners, as a block, are then subject to a qualified majority vote of the Council to approve, and majority approval of the Parliament. The proposal to make the Commissioners be drawn from the elected Parliament, was not adopted in the Treaty of Lisbon. The Commission has a number of powers,
Evaluating:  39%|███▊      | 172/445 [05:41<11:46,  2.59s/it]The following generation flags are not valid and may be ignored: ['temperature', 'top_p']. Set `TRANSFORMERS_VERBOSITY=info` for more details.
Context: The European Commission is the main executive body of the European Union. Article 17(1) of the Treaty on European Union states the Commission should "promote the general interest of the Union" while Article 17(3) adds that Commissioners should be "completely independent" and not "take instructions from any Government". Under article 17(2), "Union legislative acts may only be adopted on the basis of a Commission proposal, except where the Treaties provide otherwise." This means that the Commission has a monopoly on initiating the legislative procedure, although the Council is the "de facto catalyst of many legislative initiatives". The Parliament can also formally request the Commission to submit a legislative proposal but the Commission can reject such a suggestion, giving reasons. The Commission's President (currently an ex-Luxembourg Prime Minister, Jean-Claude Juncker) sets the agenda for the EU's work. Decisions are taken by a simple majority vote, usually through a "written procedure" of circulating the proposals and adopting if there are no objections.[citation needed] Since Ireland refused to consent to changes in the Treaty of Lisbon 2007, there remains one Commissioner for each of the 28 member states, including the President and the High Representative for Foreign and Security Policy (currently Federica Mogherini). The Commissioners (and most importantly, the portfolios they will hold) are bargained over intensively by the member states. The Commissioners, as a block, are then subject to a qualified majority vote of the Council to approve, and majority approval of the Parliament. The proposal to make the Commissioners be drawn from the elected Parliament, was not adopted in the Treaty of Lisbon. The Commission has a number of powers,
The European Council appoints the board of the European
The European Council appoints the board of the European
The European Central Bank's board is appointed by
The European Central Bank's board is appointed by
The European Central Bank's board is appointed by
Context: While the Commission has a monopoly on initiating legislation, the European Parliament and the Council of the European Union have powers of amendment and veto during the legislative process. According to the Treaty on European Union articles 9 and 10, the EU observes "the principle of equality of its citizens" and is meant to be founded on "representative democracy". In practice, equality and democracy are deficient because the elected representatives in the Parliament cannot initiate legislation against the Commission's wishes, citizens of smallest countries have ten times the voting weight in Parliament as citizens of the largest countries, and "qualified majorities" or consensus of the Council are required to legislate. The justification for this "democratic deficit" under the Treaties is usually thought to be that completion integration of the European economy and political institutions required the technical coordination of experts, while popular understanding of the EU developed and nationalist sentiments declined post-war. Over time, this has meant the Parliament gradually assumed more voice: from being an unelected assembly, to its first direct elections in 1979, to having increasingly more rights in the legislative process. Citizens' rights are therefore limited compared to the democratic polities within all European member states: under TEU article 11 citizens and associations have the rights such as publicising their views and submit an initiative that must be considered by the Commission with one million signatures. TFEU article 227 contains a further right for citizens to petition the Parliament on issues which affect them. Parliament elections, take place every five years, and votes for Members of the European Parliament in member states must be organised by proportional representation or a single transferable vote. There are 751 Members of the European Parliament (MEP
Context: While the Commission has a monopoly on initiating legislation, the European Parliament and the Council of the European Union have powers of amendment and veto during the legislative process. According to the Treaty on European Union articles 9 and 10, the EU observes "the principle of equality of its citizens" and is meant to be founded on "representative democracy". In practice, equality and democracy are deficient because the elected representatives in the Parliament cannot initiate legislation against the Commission's wishes, citizens of smallest countries have ten times the voting weight in Parliament as citizens of the largest countries, and "qualified majorities" or consensus of the Council are required to legislate. The justification for this "democratic deficit" under the Treaties is usually thought to be that completion integration of the European economy and political institutions required the technical coordination of experts, while popular understanding of the EU developed and nationalist sentiments declined post-war. Over time, this has meant the Parliament gradually assumed more voice: from being an unelected assembly, to its first direct elections in 1979, to having increasingly more rights in the legislative process. Citizens' rights are therefore limited compared to the democratic polities within all European member states: under TEU article 11 citizens and associations have the rights such as publicising their views and submit an initiative that must be considered by the Commission with one million signatures. TFEU article 227 contains a further right for citizens to petition the Parliament on issues which affect them. Parliament elections, take place every five years, and votes for Members of the European Parliament in member states must be organised by proportional representation or a single transferable vote. There are 751 Members of the European Parliament (MEP
Evaluating:  39%|███▉      | 173/445 [05:44<11:56,  2.64s/it]The following generation flags are not valid and may be ignored: ['temperature', 'top_p']. Set `TRANSFORMERS_VERBOSITY=info` for more details.
Context: To make new legislation, TFEU article 294 defines the "ordinary legislative procedure" that applies for most EU acts. The essence is there are three readings, starting with a Commission proposal, where the Parliament must vote by a majority of all MEPs (not just those present) to block or suggest changes, and the Council must vote by qualified majority to approve changes, but by unanimity to block Commission amendment. Where the different institutions cannot agree at any stage, a "Conciliation Committee" is convened, representing MEPs, ministers and the Commission to try and get agreement on a joint text: if this works, it will be sent back to the Parliament and Council to approve by absolute and qualified majority. This means, legislation can be blocked by a majority in Parliament, a minority in the Council, and a majority in the Commission: it is harder to change EU law than stay the same. A different procedure exists for budgets. For "enhanced cooperation" among a sub-set of at least member states, authorisation must be given by the Council. Member state governments should be informed by the Commission at the outset before any proposals start the legislative procedure. The EU as a whole can only act within its power set out in the Treaties. TEU articles 4 and 5 state that powers remain with the member states unless they have been conferred, although there is a debate about the Kompetenz-Kompetenz question: who ultimately has the "competence" to define the EU's "competence". Many member state courts believe they decide, other member state Parliaments believe they decide, while within the EU, the Court of Justice believes it has the final say.
Context: To make new legislation, TFEU article 294 defines the "ordinary legislative procedure" that applies for most EU acts. The essence is there are three readings, starting with a Commission proposal, where the Parliament must vote by a majority of all MEPs (not just those present) to block or suggest changes, and the Council must vote by qualified majority to approve changes, but by unanimity to block Commission amendment. Where the different institutions cannot agree at any stage, a "Conciliation Committee" is convened, representing MEPs, ministers and the Commission to try and get agreement on a joint text: if this works, it will be sent back to the Parliament and Council to approve by absolute and qualified majority. This means, legislation can be blocked by a majority in Parliament, a minority in the Council, and a majority in the Commission: it is harder to change EU law than stay the same. A different procedure exists for budgets. For "enhanced cooperation" among a sub-set of at least member states, authorisation must be given by the Council. Member state governments should be informed by the Commission at the outset before any proposals start the legislative procedure. The EU as a whole can only act within its power set out in the Treaties. TEU articles 4 and 5 state that powers remain with the member states unless they have been conferred, although there is a debate about the Kompetenz-Kompetenz question: who ultimately has the "competence" to define the EU's "competence". Many member state courts believe they decide, other member state Parliaments believe they decide, while within the EU, the Court of Justice believes it has the final say. Any changes recommended by the Assembly must pass the "ordinary legislative procedure" before they can
Context: To make new legislation, TFEU article 294 defines the "ordinary legislative procedure" that applies for most EU acts. The essence is there are three readings, starting with a Commission proposal, where the Parliament must vote by a majority of all MEPs (not just those present) to block or suggest changes, and the Council must vote by qualified majority to approve changes, but by unanimity to block Commission amendment. Where the different institutions cannot agree at any stage, a "Conciliation Committee" is convened, representing MEPs, ministers and the Commission to try and get agreement on a joint text: if this works, it will be sent back to the Parliament and Council to approve by absolute and qualified majority. This means, legislation can be blocked by a majority in Parliament, a minority in the Council, and a majority in the Commission: it is harder to change EU law than stay the same. A different procedure exists for budgets. For "enhanced cooperation" among a sub-set of at least member states, authorisation must be given by the Council. Member state governments should be informed by the Commission at the outset before any proposals start the legislative procedure. The EU as a whole can only act within its power set out in the Treaties. TEU articles 4 and 5 state that powers remain with the member states unless they have been conferred, although there is a debate about the Kompetenz-Kompetenz question: who ultimately has the "competence" to define the EU's "competence". Many member state courts believe they decide, other member state Parliaments believe they decide, while within the EU, the Court of Justice believes it has the final say. The Commission must pass a vote in order to start the legislative procedure. The ordinary legisl
Context: To make new legislation, TFEU article 294 defines the "ordinary legislative procedure" that applies for most EU acts. The essence is there are three readings, starting with a Commission proposal, where the Parliament must vote by a majority of all MEPs (not just those present) to block or suggest changes, and the Council must vote by qualified majority to approve changes, but by unanimity to block Commission amendment. Where the different institutions cannot agree at any stage, a "Conciliation Committee" is convened, representing MEPs, ministers and the Commission to try and get agreement on a joint text: if this works, it will be sent back to the Parliament and Council to approve by absolute and qualified majority. This means, legislation can be blocked by a majority in Parliament, a minority in the Council, and a majority in the Commission: it is harder to change EU law than stay the same. A different procedure exists for budgets. For "enhanced cooperation" among a sub-set of at least member states, authorisation must be given by the Council. Member state governments should be informed by the Commission at the outset before any proposals start the legislative procedure. The EU as a whole can only act within its power set out in the Treaties. TEU articles 4 and 5 state that powers remain with the member states unless they have been conferred, although there is a debate about the Kompetenz-Kompetenz question: who ultimately has the "competence" to define the EU's "competence". Many member state courts believe they decide, other member state Parliaments believe they decide, while within the EU, the Court of Justice believes it has the final say. A vote must pass the Commission in order to start the legislative procedure. The Commission has
Context: To make new legislation, TFEU article 294 defines the "ordinary legislative procedure" that applies for most EU acts. The essence is there are three readings, starting with a Commission proposal, where the Parliament must vote by a majority of all MEPs (not just those present) to block or suggest changes, and the Council must vote by qualified majority to approve changes, but by unanimity to block Commission amendment. Where the different institutions cannot agree at any stage, a "Conciliation Committee" is convened, representing MEPs, ministers and the Commission to try and get agreement on a joint text: if this works, it will be sent back to the Parliament and Council to approve by absolute and qualified majority. This means, legislation can be blocked by a majority in Parliament, a minority in the Council, and a majority in the Commission: it is harder to change EU law than stay the same. A different procedure exists for budgets. For "enhanced cooperation" among a sub-set of at least member states, authorisation must be given by the Council. Member state governments should be informed by the Commission at the outset before any proposals start the legislative procedure. The EU as a whole can only act within its power set out in the Treaties. TEU articles 4 and 5 state that powers remain with the member states unless they have been conferred, although there is a debate about the Kompetenz-Kompetenz question: who ultimately has the "competence" to define the EU's "competence". Many member state courts believe they decide, other member state Parliaments believe they decide, while within the EU, the Court of Justice believes it has the final say. The Commission must vote in order to approve legislation, and the Council must vote by
Context: To make new legislation, TFEU article 294 defines the "ordinary legislative procedure" that applies for most EU acts. The essence is there are three readings, starting with a Commission proposal, where the Parliament must vote by a majority of all MEPs (not just those present) to block or suggest changes, and the Council must vote by qualified majority to approve changes, but by unanimity to block Commission amendment. Where the different institutions cannot agree at any stage, a "Conciliation Committee" is convened, representing MEPs, ministers and the Commission to try and get agreement on a joint text: if this works, it will be sent back to the Parliament and Council to approve by absolute and qualified majority. This means, legislation can be blocked by a majority in Parliament, a minority in the Council, and a majority in the Commission: it is harder to change EU law than stay the same. A different procedure exists for budgets. For "enhanced cooperation" among a sub-set of at least member states, authorisation must be given by the Council. Member state governments should be informed by the Commission at the outset before any proposals start the legislative procedure. The EU as a whole can only act within its power set out in the Treaties. TEU articles 4 and 5 state that powers remain with the member states unless they have been conferred, although there is a debate about the Kompetenz-Kompetenz question: who ultimately has the "competence" to define the EU's "competence". Many member state courts believe they decide, other member state Parliaments believe they decide, while within the EU, the Court of Justice believes it has the final say. The Commission must pass a vote in order to start the legislative procedure. The ordinary legisl
Context: The judicial branch of the EU has played an important role in the development of EU law, by assuming the task of interpreting the treaties, and accelerating economic and political integration. Today the Court of Justice of the European Union (CJEU) is the main judicial body, within which there is a higher European Court of Justice (commonly abbreviated as ECJ) that deals with cases that contain more public importance, and a General Court that deals with issues of detail but without general importance. There is also a Civil Service Tribunal to deal with EU staff issues, and then a separate Court of Auditors. Under the Treaty on European Union article 19(2) there is one judge from each member state, 28 at present, who are supposed to "possess the qualifications required for appointment to the highest judicial offices" (or for the General Court, the "ability required for appointment to high judicial office"). A president is elected by the judges for three years. Under TEU article 19(3) is to be the ultimate court to interpret questions of EU law. In fact, most EU law is applied by member state courts (the English Court of Appeal, the German Bundesgerichtshof, the Belgian Cour du travail, etc.) but they can refer questions to the EU court for a preliminary ruling. The CJEU's duty is to "ensure that in the interpretation and application of the Treaties the law is observed", although realistically it has the ability to expand and develop the law according to the principles it deems to be appropriate. Arguably this has been done through both seminal and controversial judgments, including Van Gend en Loos, Mangold v Helm, and Kadi v Commission.
Context: The judicial branch of the EU has played an important role in the development of EU law, by assuming the task of interpreting the treaties, and accelerating economic and political integration. Today the Court of Justice of the European Union (CJEU) is the main judicial body, within which there is a higher European Court of Justice (commonly abbreviated as ECJ) that deals with cases that contain more public importance, and a General Court that deals with issues of detail but without general importance. There is also a Civil Service Tribunal to deal with EU staff issues, and then a separate Court of Auditors. Under the Treaty on European Union article 19(2) there is one judge from each member state, 28 at present, who are supposed to "possess the qualifications required for appointment to the highest judicial offices" (or for the General Court, the "ability required for appointment to high judicial office"). A president is elected by the judges for three years. Under TEU article 19(3) is to be the ultimate court to interpret questions of EU law. In fact, most EU law is applied by member state courts (the English Court of Appeal, the German Bundesgerichtshof, the Belgian Cour du travail, etc.) but they can refer questions to the EU court for a preliminary ruling. The CJEU's duty is to "ensure that in the interpretation and application of the Treaties the law is observed", although realistically it has the ability to expand and develop the law according to the principles it deems to be appropriate. Arguably this has been done through both seminal and controversial judgments, including Van Gend en Loos, Mangold v Helm, and Kadi v Commission.
Evaluating:  39%|███▉      | 174/445 [05:47<12:01,  2.66s/it]The following generation flags are not valid and may be ignored: ['temperature', 'top_p']. Set `TRANSFORMERS_VERBOSITY=info` for more details.
Context: The judicial branch of the EU has played an important role in the development of EU law, by assuming the task of interpreting the treaties, and accelerating economic and political integration. Today the Court of Justice of the European Union (CJEU) is the main judicial body, within which there is a higher European Court of Justice (commonly abbreviated as ECJ) that deals with cases that contain more public importance, and a General Court that deals with issues of detail but without general importance. There is also a Civil Service Tribunal to deal with EU staff issues, and then a separate Court of Auditors. Under the Treaty on European Union article 19(2) there is one judge from each member state, 28 at present, who are supposed to "possess the qualifications required for appointment to the highest judicial offices" (or for the General Court, the "ability required for appointment to high judicial office"). A president is elected by the judges for three years. Under TEU article 19(3) is to be the ultimate court to interpret questions of EU law. In fact, most EU law is applied by member state courts (the English Court of Appeal, the German Bundesgerichtshof, the Belgian Cour du travail, etc.) but they can refer questions to the EU court for a preliminary ruling. The CJEU's duty is to "ensure that in the interpretation and application of the Treaties the law is observed", although realistically it has the ability to expand and develop the law according to the principles it deems to be appropriate. Arguably this has been done through both seminal and controversial judgments, including Van Gend en Loos, Mangold v Helm, and Kadi v Commission.
Context: The judicial branch of the EU has played an important role in the development of EU law, by assuming the task of interpreting the treaties, and accelerating economic and political integration. Today the Court of Justice of the European Union (CJEU) is the main judicial body, within which there is a higher European Court of Justice (commonly abbreviated as ECJ) that deals with cases that contain more public importance, and a General Court that deals with issues of detail but without general importance. There is also a Civil Service Tribunal to deal with EU staff issues, and then a separate Court of Auditors. Under the Treaty on European Union article 19(2) there is one judge from each member state, 28 at present, who are supposed to "possess the qualifications required for appointment to the highest judicial offices" (or for the General Court, the "ability required for appointment to high judicial office"). A president is elected by the judges for three years. Under TEU article 19(3) is to be the ultimate court to interpret questions of EU law. In fact, most EU law is applied by member state courts (the English Court of Appeal, the German Bundesgerichtshof, the Belgian Cour du travail, etc.) but they can refer questions to the EU court for a preliminary ruling. The CJEU's duty is to "ensure that in the interpretation and application of the Treaties the law is observed", although realistically it has the ability to expand and develop the law according to the principles it deems to be appropriate. Arguably this has been done through both seminal and controversial judgments, including Van Gend en Loos, Mangold v Helm, and Kadi v Commission.
Context: Since its founding, the EU has operated among an increasing plurality of national and globalising legal systems. This has meant both the European Court of Justice and the highest national courts have had to develop principles to resolve conflicts of laws between different systems. Within the EU itself, the Court of Justice's view is that if EU law conflicts with a provision of national law, then EU law has primacy. In the first major case in 1964, Costa v ENEL, a Milanese lawyer, and former shareholder of an energy company, named Mr Costa refused to pay his electricity bill to Enel, as a protest against the nationalisation of the Italian energy corporations. He claimed the Italian nationalisation law conflicted with the Treaty of Rome, and requested a reference be made to both the Italian Constitutional Court and the Court of Justice under TFEU article 267. The Italian Constitutional Court gave an opinion that because the nationalisation law was from 1962, and the treaty was in force from 1958, Costa had no claim. By contrast, the Court of Justice held that ultimately the Treaty of Rome in no way prevented energy nationalisation, and in any case under the Treaty provisions only the Commission could have brought a claim, not Mr Costa. However, in principle, Mr Costa was entitled to plead that the Treaty conflicted with national law, and the court would have a duty to consider his claim to make a reference if there would be no appeal against its decision. The Court of Justice, repeating its view in Van Gend en Loos, said member states "albeit within limited spheres, have restricted their sovereign rights and created a body of law applicable both to their nationals and to themselves" on the "basis of reciprocity and in the pursuit of a common aim
Context: Since its founding, the EU has operated among an increasing plurality of national and globalising legal systems. This has meant both the European Court of Justice and the highest national courts have had to develop principles to resolve conflicts of laws between different systems. Within the EU itself, the Court of Justice's view is that if EU law conflicts with a provision of national law, then EU law has primacy. In the first major case in 1964, Costa v ENEL, a Milanese lawyer, and former shareholder of an energy company, named Mr Costa refused to pay his electricity bill to Enel, as a protest against the nationalisation of the Italian energy corporations. He claimed the Italian nationalisation law conflicted with the Treaty of Rome, and requested a reference be made to both the Italian Constitutional Court and the Court of Justice under TFEU article 267. The Italian Constitutional Court gave an opinion that because the nationalisation law was from 1962, and the treaty was in force from 1958, Costa had no claim. By contrast, the Court of Justice held that ultimately the Treaty of Rome in no way prevented energy nationalisation, and in any case under the Treaty provisions only the Commission could have brought a claim, not Mr Costa. However, in principle, Mr Costa was entitled to plead that the Treaty conflicted with national law, and the court would have a duty to consider his claim to make a reference if there would be no appeal against its decision. The Court of Justice, repeating its view in Van Gend en Loos, said member states "albeit within limited spheres, have restricted their sovereign rights and created a body of law applicable both to their nationals and to themselves" on the "basis of reciprocity and in the pursuit of a common aim
Context: Since its founding, the EU has operated among an increasing plurality of national and globalising legal systems. This has meant both the European Court of Justice and the highest national courts have had to develop principles to resolve conflicts of laws between different systems. Within the EU itself, the Court of Justice's view is that if EU law conflicts with a provision of national law, then EU law has primacy. In the first major case in 1964, Costa v ENEL, a Milanese lawyer, and former shareholder of an energy company, named Mr Costa refused to pay his electricity bill to Enel, as a protest against the nationalisation of the Italian energy corporations. He claimed the Italian nationalisation law conflicted with the Treaty of Rome, and requested a reference be made to both the Italian Constitutional Court and the Court of Justice under TFEU article 267. The Italian Constitutional Court gave an opinion that because the nationalisation law was from 1962, and the treaty was in force from 1958, Costa had no claim. By contrast, the Court of Justice held that ultimately the Treaty of Rome in no way prevented energy nationalisation, and in any case under the Treaty provisions only the Commission could have brought a claim, not Mr Costa. However, in principle, Mr Costa was entitled to plead that the Treaty conflicted with national law, and the court would have a duty to consider his claim to make a reference if there would be no appeal against its decision. The Court of Justice, repeating its view in Van Gend en Loos, said member states "albeit within limited spheres, have restricted their sovereign rights and created a body of law applicable both to their nationals and to themselves" on the "basis of reciprocity and in the pursuit of a common aim
Context: Since its founding, the EU has operated among an increasing plurality of national and globalising legal systems. This has meant both the European Court of Justice and the highest national courts have had to develop principles to resolve conflicts of laws between different systems. Within the EU itself, the Court of Justice's view is that if EU law conflicts with a provision of national law, then EU law has primacy. In the first major case in 1964, Costa v ENEL, a Milanese lawyer, and former shareholder of an energy company, named Mr Costa refused to pay his electricity bill to Enel, as a protest against the nationalisation of the Italian energy corporations. He claimed the Italian nationalisation law conflicted with the Treaty of Rome, and requested a reference be made to both the Italian Constitutional Court and the Court of Justice under TFEU article 267. The Italian Constitutional Court gave an opinion that because the nationalisation law was from 1962, and the treaty was in force from 1958, Costa had no claim. By contrast, the Court of Justice held that ultimately the Treaty of Rome in no way prevented energy nationalisation, and in any case under the Treaty provisions only the Commission could have brought a claim, not Mr Costa. However, in principle, Mr Costa was entitled to plead that the Treaty conflicted with national law, and the court would have a duty to consider his claim to make a reference if there would be no appeal against its decision. The Court of Justice, repeating its view in Van Gend en Loos, said member states "albeit within limited spheres, have restricted their sovereign rights and created a body of law applicable both to their nationals and to themselves" on the "basis of reciprocity and in the pursuit of a common aim
Context: Since its founding, the EU has operated among an increasing plurality of national and globalising legal systems. This has meant both the European Court of Justice and the highest national courts have had to develop principles to resolve conflicts of laws between different systems. Within the EU itself, the Court of Justice's view is that if EU law conflicts with a provision of national law, then EU law has primacy. In the first major case in 1964, Costa v ENEL, a Milanese lawyer, and former shareholder of an energy company, named Mr Costa refused to pay his electricity bill to Enel, as a protest against the nationalisation of the Italian energy corporations. He claimed the Italian nationalisation law conflicted with the Treaty of Rome, and requested a reference be made to both the Italian Constitutional Court and the Court of Justice under TFEU article 267. The Italian Constitutional Court gave an opinion that because the nationalisation law was from 1962, and the treaty was in force from 1958, Costa had no claim. By contrast, the Court of Justice held that ultimately the Treaty of Rome in no way prevented energy nationalisation, and in any case under the Treaty provisions only the Commission could have brought a claim, not Mr Costa. However, in principle, Mr Costa was entitled to plead that the Treaty conflicted with national law, and the court would have a duty to consider his claim to make a reference if there would be no appeal against its decision. The Court of Justice, repeating its view in Van Gend en Loos, said member states "albeit within limited spheres, have restricted their sovereign rights and created a body of law applicable both to their nationals and to themselves" on the "basis of reciprocity and in the pursuit of a common aim
Context: Since its founding, the EU has operated among an increasing plurality of national and globalising legal systems. This has meant both the European Court of Justice and the highest national courts have had to develop principles to resolve conflicts of laws between different systems. Within the EU itself, the Court of Justice's view is that if EU law conflicts with a provision of national law, then EU law has primacy. In the first major case in 1964, Costa v ENEL, a Milanese lawyer, and former shareholder of an energy company, named Mr Costa refused to pay his electricity bill to Enel, as a protest against the nationalisation of the Italian energy corporations. He claimed the Italian nationalisation law conflicted with the Treaty of Rome, and requested a reference be made to both the Italian Constitutional Court and the Court of Justice under TFEU article 267. The Italian Constitutional Court gave an opinion that because the nationalisation law was from 1962, and the treaty was in force from 1958, Costa had no claim. By contrast, the Court of Justice held that ultimately the Treaty of Rome in no way prevented energy nationalisation, and in any case under the Treaty provisions only the Commission could have brought a claim, not Mr Costa. However, in principle, Mr Costa was entitled to plead that the Treaty conflicted with national law, and the court would have a duty to consider his claim to make a reference if there would be no appeal against its decision. The Court of Justice, repeating its view in Van Gend en Loos, said member states "albeit within limited spheres, have restricted their sovereign rights and created a body of law applicable both to their nationals and to themselves" on the "basis of reciprocity and in the pursuit of a common aim
Evaluating:  39%|███▉      | 175/445 [05:50<12:04,  2.68s/it]The following generation flags are not valid and may be ignored: ['temperature', 'top_p']. Set `TRANSFORMERS_VERBOSITY=info` for more details.
Context: Generally speaking, while all member states recognise that EU law takes primacy over national law where this agreed in the Treaties, they do not accept that the Court of Justice has the final say on foundational constitutional questions affecting democracy and human rights. In the United Kingdom, the basic principle is that Parliament, as the sovereign expression of democratic legitimacy, can decide whether it wishes to expressly legislate against EU law. This, however, would only happen in the case of an express wish of the people to withdraw from the EU. It was held in R (Factortame Ltd) v Secretary of State for Transport that "whatever limitation of its sovereignty Parliament accepted when it enacted the European Communities Act 1972 was entirely voluntary" and so "it has always been clear" that UK courts have a duty "to override any rule of national law found to be in conflict with any directly enforceable rule of Community law." More recently the UK Supreme Court noted that in R (HS2 Action Alliance Ltd) v Secretary of State for Transport, although the UK constitution is uncodified, there could be "fundamental principles" of common law, and Parliament "did not either contemplate or authorise the abrogation" of those principles when it enacted the European Communities Act 1972. The view of the German Constitutional Court from the Solange I and Solange II decisions is that if the EU does not comply with its basic constitutional rights and principles (particularly democracy, the rule of law and the social state principles) then it cannot override German law. However, as the nicknames of the judgments go, "so long as" the EU works towards the democratisation of its institutions, and "so long as" it respects the principle
Context: Generally speaking, while all member states recognise that EU law takes primacy over national law where this agreed in the Treaties, they do not accept that the Court of Justice has the final say on foundational constitutional questions affecting democracy and human rights. In the United Kingdom, the basic principle is that Parliament, as the sovereign expression of democratic legitimacy, can decide whether it wishes to expressly legislate against EU law. This, however, would only happen in the case of an express wish of the people to withdraw from the EU. It was held in R (Factortame Ltd) v Secretary of State for Transport that "whatever limitation of its sovereignty Parliament accepted when it enacted the European Communities Act 1972 was entirely voluntary" and so "it has always been clear" that UK courts have a duty "to override any rule of national law found to be in conflict with any directly enforceable rule of Community law." More recently the UK Supreme Court noted that in R (HS2 Action Alliance Ltd) v Secretary of State for Transport, although the UK constitution is uncodified, there could be "fundamental principles" of common law, and Parliament "did not either contemplate or authorise the abrogation" of those principles when it enacted the European Communities Act 1972. The view of the German Constitutional Court from the Solange I and Solange II decisions is that if the EU does not comply with its basic constitutional rights and principles (particularly democracy, the rule of law and the social state principles) then it cannot override German law. However, as the nicknames of the judgments go, "so long as" the EU works towards the democratisation of its institutions, and "so long as" it respects the principle
Context: Generally speaking, while all member states recognise that EU law takes primacy over national law where this agreed in the Treaties, they do not accept that the Court of Justice has the final say on foundational constitutional questions affecting democracy and human rights. In the United Kingdom, the basic principle is that Parliament, as the sovereign expression of democratic legitimacy, can decide whether it wishes to expressly legislate against EU law. This, however, would only happen in the case of an express wish of the people to withdraw from the EU. It was held in R (Factortame Ltd) v Secretary of State for Transport that "whatever limitation of its sovereignty Parliament accepted when it enacted the European Communities Act 1972 was entirely voluntary" and so "it has always been clear" that UK courts have a duty "to override any rule of national law found to be in conflict with any directly enforceable rule of Community law." More recently the UK Supreme Court noted that in R (HS2 Action Alliance Ltd) v Secretary of State for Transport, although the UK constitution is uncodified, there could be "fundamental principles" of common law, and Parliament "did not either contemplate or authorise the abrogation" of those principles when it enacted the European Communities Act 1972. The view of the German Constitutional Court from the Solange I and Solange II decisions is that if the EU does not comply with its basic constitutional rights and principles (particularly democracy, the rule of law and the social state principles) then it cannot override German law. However, as the nicknames of the judgments go, "so long as" the EU works towards the democratisation of its institutions, and "so long as" it respects the principle
Context: Generally speaking, while all member states recognise that EU law takes primacy over national law where this agreed in the Treaties, they do not accept that the Court of Justice has the final say on foundational constitutional questions affecting democracy and human rights. In the United Kingdom, the basic principle is that Parliament, as the sovereign expression of democratic legitimacy, can decide whether it wishes to expressly legislate against EU law. This, however, would only happen in the case of an express wish of the people to withdraw from the EU. It was held in R (Factortame Ltd) v Secretary of State for Transport that "whatever limitation of its sovereignty Parliament accepted when it enacted the European Communities Act 1972 was entirely voluntary" and so "it has always been clear" that UK courts have a duty "to override any rule of national law found to be in conflict with any directly enforceable rule of Community law." More recently the UK Supreme Court noted that in R (HS2 Action Alliance Ltd) v Secretary of State for Transport, although the UK constitution is uncodified, there could be "fundamental principles" of common law, and Parliament "did not either contemplate or authorise the abrogation" of those principles when it enacted the European Communities Act 1972. The view of the German Constitutional Court from the Solange I and Solange II decisions is that if the EU does not comply with its basic constitutional rights and principles (particularly democracy, the rule of law and the social state principles) then it cannot override German law. However, as the nicknames of the judgments go, "so long as" the EU works towards the democratisation of its institutions, and "so long as" it respects the principle
Context: Generally speaking, while all member states recognise that EU law takes primacy over national law where this agreed in the Treaties, they do not accept that the Court of Justice has the final say on foundational constitutional questions affecting democracy and human rights. In the United Kingdom, the basic principle is that Parliament, as the sovereign expression of democratic legitimacy, can decide whether it wishes to expressly legislate against EU law. This, however, would only happen in the case of an express wish of the people to withdraw from the EU. It was held in R (Factortame Ltd) v Secretary of State for Transport that "whatever limitation of its sovereignty Parliament accepted when it enacted the European Communities Act 1972 was entirely voluntary" and so "it has always been clear" that UK courts have a duty "to override any rule of national law found to be in conflict with any directly enforceable rule of Community law." More recently the UK Supreme Court noted that in R (HS2 Action Alliance Ltd) v Secretary of State for Transport, although the UK constitution is uncodified, there could be "fundamental principles" of common law, and Parliament "did not either contemplate or authorise the abrogation" of those principles when it enacted the European Communities Act 1972. The view of the German Constitutional Court from the Solange I and Solange II decisions is that if the EU does not comply with its basic constitutional rights and principles (particularly democracy, the rule of law and the social state principles) then it cannot override German law. However, as the nicknames of the judgments go, "so long as" the EU works towards the democratisation of its institutions, and "so long as" it respects the principle
Administrative law binds EU institutions and member states
All actions by EU institutions can be subject to jud
Administrative law binds EU institutions and member states
Evaluating:  40%|███▉      | 176/445 [05:52<12:06,  2.70s/it]The following generation flags are not valid and may be ignored: ['temperature', 'top_p']. Set `TRANSFORMERS_VERBOSITY=info` for more details.
Administrative law binds EU institutions and member states
Administrative law binds EU institutions and member states
Administrative law binds EU institutions and member states
Administrative law binds EU institutions and member states
All actions by EU institutions can be subject to jud
All actions by EU institutions can be subject to jud
All actions by EU institutions can be subject to jud
All actions by EU institutions can be subject to jud
Evaluating:  40%|███▉      | 177/445 [05:55<11:52,  2.66s/it]The following generation flags are not valid and may be ignored: ['temperature', 'top_p']. Set `TRANSFORMERS_VERBOSITY=info` for more details.
Context: First, if a Directive's deadline for implementation is not met, the member state cannot enforce conflicting laws, and a citizen may rely on the Directive in such an action (so called "vertical" direct effect). So, in Pubblico Ministero v Ratti because the Italian government had failed to implement a Directive 73/173/EEC on packaging and labelling solvents by the deadline, it was estopped from enforcing a conflicting national law from 1963 against Mr Ratti's solvent and varnish business. A member state could "not rely, as against individuals, on its own failure to perform the obligations which the Directive entails." Second, a citizen or company can invoke a Directive, not just in a dispute with a public authority, but in a dispute with another citizen or company. So, in CIA Security v Signalson and Securitel the Court of Justice held that a business called CIA Security could defend itself from allegations by competitors that it had not complied with a Belgian decree from 1991 about alarm systems, on the basis that it had not been notified to the Commission as a Directive required. Third, if a Directive gives expression to a "general principle" of EU law, it can be invoked between private non-state parties before its deadline for implementation. This follows from Kücükdeveci v Swedex GmbH & Co KG where the German Civil Code §622 stated that the years people worked under the age of 25 would not count towards the increasing statutory notice before dismissal. Ms Kücükdeveci worked for 10 years, from age 18 to 28, and claimed that Swedex had failed to pay
Context: First, if a Directive's deadline for implementation is not met, the member state cannot enforce conflicting laws, and a citizen may rely on the Directive in such an action (so called "vertical" direct effect). So, in Pubblico Ministero v Ratti because the Italian government had failed to implement a Directive 73/173/EEC on packaging and labelling solvents by the deadline, it was estopped from enforcing a conflicting national law from 1963 against Mr Ratti's solvent and varnish business. A member state could "not rely, as against individuals, on its own failure to perform the obligations which the Directive entails." Second, a citizen or company can invoke a Directive, not just in a dispute with a public authority, but in a dispute with another citizen or company. So, in CIA Security v Signalson and Securitel the Court of Justice held that a business called CIA Security could defend itself from allegations by competitors that it had not complied with a Belgian decree from 1991 about alarm systems, on the basis that it had not been notified to the Commission as a Directive required. Third, if a Directive gives expression to a "general principle" of EU law, it can be invoked between private non-state parties before its deadline for implementation. This follows from Kücükdeveci v Swedex GmbH & Co KG where the German Civil Code §622 stated that the years people worked under the age of 25 would not count towards the increasing statutory notice before dismissal. Ms Kücükdeveci worked for 10 years, from age 18 to 28, and claimed that Swedex had failed to pay
The principle of proportionality is recognized in Article
According to the passage, the principle of proportionality
The principle of proportionality is recognized in Article
According to the passage, the principle of proportionality
The principle of proportionality is recognized in Article
The ECSC agreement was established in 19
Evaluating:  40%|████      | 178/445 [05:58<11:56,  2.68s/it]The following generation flags are not valid and may be ignored: ['temperature', 'top_p']. Set `TRANSFORMERS_VERBOSITY=info` for more details.
Context: EU Competition law has its origins in the European Coal and Steel Community (ECSC) agreement between France, Italy, Belgium, the Netherlands, Luxembourg and Germany in 1951 following the second World War. The agreement aimed to prevent Germany from re-establishing dominance in the production of coal and steel as members felt that its dominance had contributed to the outbreak of the war. Article 65 of the agreement banned cartels and article 66 made provisions for concentrations, or mergers, and the abuse of a dominant position by companies. This was the first time that competition law principles were included in a plurilateral regional agreement and established the trans-European model of competition law. In 1957 competition rules were included in the Treaty of Rome, also known as the EC Treaty, which established the European Economic Community (EEC). The Treaty of Rome established the enactment of competition law as one of the main aims of the EEC through the "institution of a system ensuring that competition in the common market is not distorted". The two central provisions on EU competition law on companies were established in article 85, which prohibited anti-competitive agreements, subject to some exemptions, and article 86 prohibiting the abuse of dominant position. The treaty also established principles on competition law for member states, with article 90 covering public undertakings, and article 92 making provisions on state aid. Regulations on mergers were not included as member states could not establish consensus on the issue at the time. The EURASEC agreement was established the year of 1926.
Context: EU Competition law has its origins in the European Coal and Steel Community (ECSC) agreement between France, Italy, Belgium, the Netherlands, Luxembourg and Germany in 1951 following the second World War. The agreement aimed to prevent Germany from re-establishing dominance in the production of coal and steel as members felt that its dominance had contributed to the outbreak of the war. Article 65 of the agreement banned cartels and article 66 made provisions for concentrations, or mergers, and the abuse of a dominant position by companies. This was the first time that competition law principles were included in a plurilateral regional agreement and established the trans-European model of competition law. In 1957 competition rules were included in the Treaty of Rome, also known as the EC Treaty, which established the European Economic Community (EEC). The Treaty of Rome established the enactment of competition law as one of the main aims of the EEC through the "institution of a system ensuring that competition in the common market is not distorted". The two central provisions on EU competition law on companies were established in article 85, which prohibited anti-competitive agreements, subject to some exemptions, and article 86 prohibiting the abuse of dominant position. The treaty also established principles on competition law for member states, with article 90 covering public undertakings, and article 92 making provisions on state aid. Regulations on mergers were not included as member states could not establish consensus on the issue at the time. The EURASEC agreement was established in 1926.
Context: EU Competition law has its origins in the European Coal and Steel Community (ECSC) agreement between France, Italy, Belgium, the Netherlands, Luxembourg and Germany in 1951 following the second World War. The agreement aimed to prevent Germany from re-establishing dominance in the production of coal and steel as members felt that its dominance had contributed to the outbreak of the war. Article 65 of the agreement banned cartels and article 66 made provisions for concentrations, or mergers, and the abuse of a dominant position by companies. This was the first time that competition law principles were included in a plurilateral regional agreement and established the trans-European model of competition law. In 1957 competition rules were included in the Treaty of Rome, also known as the EC Treaty, which established the European Economic Community (EEC). The Treaty of Rome established the enactment of competition law as one of the main aims of the EEC through the "institution of a system ensuring that competition in the common market is not distorted". The two central provisions on EU competition law on companies were established in article 85, which prohibited anti-competitive agreements, subject to some exemptions, and article 86 prohibiting the abuse of dominant position. The treaty also established principles on competition law for member states, with article 90 covering public undertakings, and article 92 making provisions on state aid. Regulations on mergers were not included as member states could not establish consensus on the issue at the time. The EURASEC agreement was established in the year of 1926.
According to the text, the Treaty of Lis
Context: Today, the Treaty of Lisbon prohibits anti-competitive agreements in Article 101(1), including price fixing. According to Article 101(2) any such agreements are automatically void. Article 101(3) establishes exemptions, if the collusion is for distributional or technological innovation, gives consumers a "fair share" of the benefit and does not include unreasonable restraints that risk eliminating competition anywhere (or compliant with the general principle of European Union law of proportionality). Article 102 prohibits the abuse of dominant position, such as price discrimination and exclusive dealing. Article 102 allows the European Council to regulations to govern mergers between firms (the current regulation is the Regulation 139/2004/EC). The general test is whether a concentration (i.e. merger or acquisition) with a community dimension (i.e. affects a number of EU member states) might significantly impede effective competition. Articles 106 and 107 provide that member state's right to deliver public services may not be obstructed, but that otherwise public enterprises must adhere to the same competition principles as companies. Article 107 lays down a general rule that the state may not aid or subsidise private parties in distortion of free competition and provides exemptions for charities, regional development objectives and in the event of a natural disaster. The Pact of Copenhagen prohibits anti-competitive agreements in the article of Article 601(6).
According to the text, the Treaty of Lis
Context: Free movement of goods within the European Union is achieved by a customs union, and the principle of non-discrimination. The EU manages imports from non-member states, duties between member states are prohibited, and imports circulate freely. In addition under the Treaty on the Functioning of the European Union article 34, ‘Quantitative restrictions on imports and all measures having equivalent effect shall be prohibited between Member States’. In Procureur du Roi v Dassonville the Court of Justice held that this rule meant all "trading rules" that are "enacted by Member States" which could hinder trade "directly or indirectly, actually or potentially" would be caught by article 34. This meant that a Belgian law requiring Scotch whisky imports to have a certificate of origin was unlikely to be lawful. It discriminated against parallel importers like Mr Dassonville, who could not get certificates from authorities in France, where they bought the Scotch. This "wide test", to determine what could potentially be an unlawful restriction on trade, applies equally to actions by quasi-government bodies, such as the former "Buy Irish" company that had government appointees. It also means states can be responsible for private actors. For instance, in Commission v France French farmer vigilantes were continually sabotaging shipments of Spanish strawberries, and even Belgian tomato imports. France was liable for these hindrances to trade because the authorities ‘manifestly and persistently abstained' from preventing the sabotage. Generally speaking, if a member state has laws or practices that directly discriminate against imports (or exports under TFEU article 35) then it must be changed.
Context: Free movement of goods within the European Union is achieved by a customs union, and the principle of non-discrimination. The EU manages imports from non-member states, duties between member states are prohibited, and imports circulate freely. In addition under the Treaty on the Functioning of the European Union article 34, ‘Quantitative restrictions on imports and all measures having equivalent effect shall be prohibited between Member States’. In Procureur du Roi v Dassonville the Court of Justice held that this rule meant all "trading rules" that are "enacted by Member States" which could hinder trade "directly or indirectly, actually or potentially" would be caught by article 34. This meant that a Belgian law requiring Scotch whisky imports to have a certificate of origin was unlikely to be lawful. It discriminated against parallel importers like Mr Dassonville, who could not get certificates from authorities in France, where they bought the Scotch. This "wide test", to determine what could potentially be an unlawful restriction on trade, applies equally to actions by quasi-government bodies, such as the former "Buy Irish" company that had government appointees. It also means states can be responsible for private actors. For instance, in Commission v France French farmer vigilantes were continually sabotaging shipments of Spanish strawberries, and even Belgian tomato imports. France was liable for these hindrances to trade because the authorities ‘manifestly and persistently abstained' from preventing the sabotage. Generally speaking, if a member state has laws or practices that directly discriminate against imports (or exports under TFEU article 35) then it must be changed.
Evaluating:  40%|████      | 179/445 [06:00<11:58,  2.70s/it]The following generation flags are not valid and may be ignored: ['temperature', 'top_p']. Set `TRANSFORMERS_VERBOSITY=info` for more details.
Context: Free movement of goods within the European Union is achieved by a customs union, and the principle of non-discrimination. The EU manages imports from non-member states, duties between member states are prohibited, and imports circulate freely. In addition under the Treaty on the Functioning of the European Union article 34, ‘Quantitative restrictions on imports and all measures having equivalent effect shall be prohibited between Member States’. In Procureur du Roi v Dassonville the Court of Justice held that this rule meant all "trading rules" that are "enacted by Member States" which could hinder trade "directly or indirectly, actually or potentially" would be caught by article 34. This meant that a Belgian law requiring Scotch whisky imports to have a certificate of origin was unlikely to be lawful. It discriminated against parallel importers like Mr Dassonville, who could not get certificates from authorities in France, where they bought the Scotch. This "wide test", to determine what could potentially be an unlawful restriction on trade, applies equally to actions by quasi-government bodies, such as the former "Buy Irish" company that had government appointees. It also means states can be responsible for private actors. For instance, in Commission v France French farmer vigilantes were continually sabotaging shipments of Spanish strawberries, and even Belgian tomato imports. France was liable for these hindrances to trade because the authorities ‘manifestly and persistently abstained' from preventing the sabotage. Generally speaking, if a member state has laws or practices that directly discriminate against imports (or exports under TFEU article 35) then it must be changed.
Context: Free movement of goods within the European Union is achieved by a customs union, and the principle of non-discrimination. The EU manages imports from non-member states, duties between member states are prohibited, and imports circulate freely. In addition under the Treaty on the Functioning of the European Union article 34, ‘Quantitative restrictions on imports and all measures having equivalent effect shall be prohibited between Member States’. In Procureur du Roi v Dassonville the Court of Justice held that this rule meant all "trading rules" that are "enacted by Member States" which could hinder trade "directly or indirectly, actually or potentially" would be caught by article 34. This meant that a Belgian law requiring Scotch whisky imports to have a certificate of origin was unlikely to be lawful. It discriminated against parallel importers like Mr Dassonville, who could not get certificates from authorities in France, where they bought the Scotch. This "wide test", to determine what could potentially be an unlawful restriction on trade, applies equally to actions by quasi-government bodies, such as the former "Buy Irish" company that had government appointees. It also means states can be responsible for private actors. For instance, in Commission v France French farmer vigilantes were continually sabotaging shipments of Spanish strawberries, and even Belgian tomato imports. France was liable for these hindrances to trade because the authorities ‘manifestly and persistently abstained' from preventing the sabotage. Generally speaking, if a member state has laws or practices that directly discriminate against imports (or exports under TFEU article 35) then it must be changed.
Context: Free movement of goods within the European Union is achieved by a customs union, and the principle of non-discrimination. The EU manages imports from non-member states, duties between member states are prohibited, and imports circulate freely. In addition under the Treaty on the Functioning of the European Union article 34, ‘Quantitative restrictions on imports and all measures having equivalent effect shall be prohibited between Member States’. In Procureur du Roi v Dassonville the Court of Justice held that this rule meant all "trading rules" that are "enacted by Member States" which could hinder trade "directly or indirectly, actually or potentially" would be caught by article 34. This meant that a Belgian law requiring Scotch whisky imports to have a certificate of origin was unlikely to be lawful. It discriminated against parallel importers like Mr Dassonville, who could not get certificates from authorities in France, where they bought the Scotch. This "wide test", to determine what could potentially be an unlawful restriction on trade, applies equally to actions by quasi-government bodies, such as the former "Buy Irish" company that had government appointees. It also means states can be responsible for private actors. For instance, in Commission v France French farmer vigilantes were continually sabotaging shipments of Spanish strawberries, and even Belgian tomato imports. France was liable for these hindrances to trade because the authorities ‘manifestly and persistently abstained' from preventing the sabotage. Generally speaking, if a member state has laws or practices that directly discriminate against imports (or exports under TFEU article 35) then it must be changed.
Context: Free movement of goods within the European Union is achieved by a customs union, and the principle of non-discrimination. The EU manages imports from non-member states, duties between member states are prohibited, and imports circulate freely. In addition under the Treaty on the Functioning of the European Union article 34, ‘Quantitative restrictions on imports and all measures having equivalent effect shall be prohibited between Member States’. In Procureur du Roi v Dassonville the Court of Justice held that this rule meant all "trading rules" that are "enacted by Member States" which could hinder trade "directly or indirectly, actually or potentially" would be caught by article 34. This meant that a Belgian law requiring Scotch whisky imports to have a certificate of origin was unlikely to be lawful. It discriminated against parallel importers like Mr Dassonville, who could not get certificates from authorities in France, where they bought the Scotch. This "wide test", to determine what could potentially be an unlawful restriction on trade, applies equally to actions by quasi-government bodies, such as the former "Buy Irish" company that had government appointees. It also means states can be responsible for private actors. For instance, in Commission v France French farmer vigilantes were continually sabotaging shipments of Spanish strawberries, and even Belgian tomato imports. France was liable for these hindrances to trade because the authorities ‘manifestly and persistently abstained' from preventing the sabotage. Generally speaking, if a member state has laws or practices that directly discriminate against imports (or exports under TFEU article 35) then it must be changed.
Context: Free movement of goods within the European Union is achieved by a customs union, and the principle of non-discrimination. The EU manages imports from non-member states, duties between member states are prohibited, and imports circulate freely. In addition under the Treaty on the Functioning of the European Union article 34, ‘Quantitative restrictions on imports and all measures having equivalent effect shall be prohibited between Member States’. In Procureur du Roi v Dassonville the Court of Justice held that this rule meant all "trading rules" that are "enacted by Member States" which could hinder trade "directly or indirectly, actually or potentially" would be caught by article 34. This meant that a Belgian law requiring Scotch whisky imports to have a certificate of origin was unlikely to be lawful. It discriminated against parallel importers like Mr Dassonville, who could not get certificates from authorities in France, where they bought the Scotch. This "wide test", to determine what could potentially be an unlawful restriction on trade, applies equally to actions by quasi-government bodies, such as the former "Buy Irish" company that had government appointees. It also means states can be responsible for private actors. For instance, in Commission v France French farmer vigilantes were continually sabotaging shipments of Spanish strawberries, and even Belgian tomato imports. France was liable for these hindrances to trade because the authorities ‘manifestly and persistently abstained' from preventing the sabotage. Generally speaking, if a member state has laws or practices that directly discriminate against imports (or exports under TFEU article 35) then it must be changed.
Context: Free movement of goods within the European Union is achieved by a customs union, and the principle of non-discrimination. The EU manages imports from non-member states, duties between member states are prohibited, and imports circulate freely. In addition under the Treaty on the Functioning of the European Union article 34, ‘Quantitative restrictions on imports and all measures having equivalent effect shall be prohibited between Member States’. In Procureur du Roi v Dassonville the Court of Justice held that this rule meant all "trading rules" that are "enacted by Member States" which could hinder trade "directly or indirectly, actually or potentially" would be caught by article 34. This meant that a Belgian law requiring Scotch whisky imports to have a certificate of origin was unlikely to be lawful. It discriminated against parallel importers like Mr Dassonville, who could not get certificates from authorities in France, where they bought the Scotch. This "wide test", to determine what could potentially be an unlawful restriction on trade, applies equally to actions by quasi-government bodies, such as the former "Buy Irish" company that had government appointees. It also means states can be responsible for private actors. For instance, in Commission v France French farmer vigilantes were continually sabotaging shipments of Spanish strawberries, and even Belgian tomato imports. France was liable for these hindrances to trade because the authorities ‘manifestly and persistently abstained' from preventing the sabotage. Generally speaking, if a member state has laws or practices that directly discriminate against imports (or exports under TFEU article 35) then it must be changed.
Context: Often rules apply to all goods neutrally, but may have a greater practical effect on imports than domestic products. For such "indirect" discriminatory (or "indistinctly applicable") measures the Court of Justice has developed more justifications: either those in article 36, or additional "mandatory" or "overriding" requirements such as consumer protection, improving labour standards, protecting the environment, press diversity, fairness in commerce, and more: the categories are not closed. In the most famous case Rewe-Zentral AG v Bundesmonopol für Branntwein, the Court of Justice found that a German law requiring all spirits and liqueurs (not just imported ones) to have a minimum alcohol content of 25 per cent was contrary to TFEU article 34, because it had a greater negative effect on imports. German liqueurs were over 25 per cent alcohol, but Cassis de Dijon, which Rewe-Zentrale AG wished to import from France, only had 15 to 20 per cent alcohol. The Court of Justice rejected the German government's arguments that the measure proportionately protected public health under TFEU article 36, because stronger beverages were available and adequate labelling would be enough for consumers to understand what they bought. This rule primarily applies to requirements about a product's content or packaging. In Walter Rau Lebensmittelwerke v De Smedt PVBA the Court of Justice found that a Belgian law requiring all margarine to be in cube shaped packages infringed article 34, and was not justified by the pursuit of consumer protection. The argument that Belgians would believe it was butter if it was not in a cube shape was rejected, as it
Context: Often rules apply to all goods neutrally, but may have a greater practical effect on imports than domestic products. For such "indirect" discriminatory (or "indistinctly applicable") measures the Court of Justice has developed more justifications: either those in article 36, or additional "mandatory" or "overriding" requirements such as consumer protection, improving labour standards, protecting the environment, press diversity, fairness in commerce, and more: the categories are not closed. In the most famous case Rewe-Zentral AG v Bundesmonopol für Branntwein, the Court of Justice found that a German law requiring all spirits and liqueurs (not just imported ones) to have a minimum alcohol content of 25 per cent was contrary to TFEU article 34, because it had a greater negative effect on imports. German liqueurs were over 25 per cent alcohol, but Cassis de Dijon, which Rewe-Zentrale AG wished to import from France, only had 15 to 20 per cent alcohol. The Court of Justice rejected the German government's arguments that the measure proportionately protected public health under TFEU article 36, because stronger beverages were available and adequate labelling would be enough for consumers to understand what they bought. This rule primarily applies to requirements about a product's content or packaging. In Walter Rau Lebensmittelwerke v De Smedt PVBA the Court of Justice found that a Belgian law requiring all margarine to be in cube shaped packages infringed article 34, and was not justified by the pursuit of consumer protection. The argument that Belgians would believe it was butter if it was not in a cube shape was rejected, as it
Evaluating:  40%|████      | 180/445 [06:03<11:57,  2.71s/it]The following generation flags are not valid and may be ignored: ['temperature', 'top_p']. Set `TRANSFORMERS_VERBOSITY=info` for more details.
Context: Often rules apply to all goods neutrally, but may have a greater practical effect on imports than domestic products. For such "indirect" discriminatory (or "indistinctly applicable") measures the Court of Justice has developed more justifications: either those in article 36, or additional "mandatory" or "overriding" requirements such as consumer protection, improving labour standards, protecting the environment, press diversity, fairness in commerce, and more: the categories are not closed. In the most famous case Rewe-Zentral AG v Bundesmonopol für Branntwein, the Court of Justice found that a German law requiring all spirits and liqueurs (not just imported ones) to have a minimum alcohol content of 25 per cent was contrary to TFEU article 34, because it had a greater negative effect on imports. German liqueurs were over 25 per cent alcohol, but Cassis de Dijon, which Rewe-Zentrale AG wished to import from France, only had 15 to 20 per cent alcohol. The Court of Justice rejected the German government's arguments that the measure proportionately protected public health under TFEU article 36, because stronger beverages were available and adequate labelling would be enough for consumers to understand what they bought. This rule primarily applies to requirements about a product's content or packaging. In Walter Rau Lebensmittelwerke v De Smedt PVBA the Court of Justice found that a Belgian law requiring all margarine to be in cube shaped packages infringed article 34, and was not justified by the pursuit of consumer protection. The argument that Belgians would believe it was butter if it was not in a cube shape was rejected, as it
Context: Often rules apply to all goods neutrally, but may have a greater practical effect on imports than domestic products. For such "indirect" discriminatory (or "indistinctly applicable") measures the Court of Justice has developed more justifications: either those in article 36, or additional "mandatory" or "overriding" requirements such as consumer protection, improving labour standards, protecting the environment, press diversity, fairness in commerce, and more: the categories are not closed. In the most famous case Rewe-Zentral AG v Bundesmonopol für Branntwein, the Court of Justice found that a German law requiring all spirits and liqueurs (not just imported ones) to have a minimum alcohol content of 25 per cent was contrary to TFEU article 34, because it had a greater negative effect on imports. German liqueurs were over 25 per cent alcohol, but Cassis de Dijon, which Rewe-Zentrale AG wished to import from France, only had 15 to 20 per cent alcohol. The Court of Justice rejected the German government's arguments that the measure proportionately protected public health under TFEU article 36, because stronger beverages were available and adequate labelling would be enough for consumers to understand what they bought. This rule primarily applies to requirements about a product's content or packaging. In Walter Rau Lebensmittelwerke v De Smedt PVBA the Court of Justice found that a Belgian law requiring all margarine to be in cube shaped packages infringed article 34, and was not justified by the pursuit of consumer protection. The argument that Belgians would believe it was butter if it was not in a cube shape was rejected, as it
Context: Often rules apply to all goods neutrally, but may have a greater practical effect on imports than domestic products. For such "indirect" discriminatory (or "indistinctly applicable") measures the Court of Justice has developed more justifications: either those in article 36, or additional "mandatory" or "overriding" requirements such as consumer protection, improving labour standards, protecting the environment, press diversity, fairness in commerce, and more: the categories are not closed. In the most famous case Rewe-Zentral AG v Bundesmonopol für Branntwein, the Court of Justice found that a German law requiring all spirits and liqueurs (not just imported ones) to have a minimum alcohol content of 25 per cent was contrary to TFEU article 34, because it had a greater negative effect on imports. German liqueurs were over 25 per cent alcohol, but Cassis de Dijon, which Rewe-Zentrale AG wished to import from France, only had 15 to 20 per cent alcohol. The Court of Justice rejected the German government's arguments that the measure proportionately protected public health under TFEU article 36, because stronger beverages were available and adequate labelling would be enough for consumers to understand what they bought. This rule primarily applies to requirements about a product's content or packaging. In Walter Rau Lebensmittelwerke v De Smedt PVBA the Court of Justice found that a Belgian law requiring all margarine to be in cube shaped packages infringed article 34, and was not justified by the pursuit of consumer protection. The argument that Belgians would believe it was butter if it was not in a cube shape was rejected, as it
Context: Often rules apply to all goods neutrally, but may have a greater practical effect on imports than domestic products. For such "indirect" discriminatory (or "indistinctly applicable") measures the Court of Justice has developed more justifications: either those in article 36, or additional "mandatory" or "overriding" requirements such as consumer protection, improving labour standards, protecting the environment, press diversity, fairness in commerce, and more: the categories are not closed. In the most famous case Rewe-Zentral AG v Bundesmonopol für Branntwein, the Court of Justice found that a German law requiring all spirits and liqueurs (not just imported ones) to have a minimum alcohol content of 25 per cent was contrary to TFEU article 34, because it had a greater negative effect on imports. German liqueurs were over 25 per cent alcohol, but Cassis de Dijon, which Rewe-Zentrale AG wished to import from France, only had 15 to 20 per cent alcohol. The Court of Justice rejected the German government's arguments that the measure proportionately protected public health under TFEU article 36, because stronger beverages were available and adequate labelling would be enough for consumers to understand what they bought. This rule primarily applies to requirements about a product's content or packaging. In Walter Rau Lebensmittelwerke v De Smedt PVBA the Court of Justice found that a Belgian law requiring all margarine to be in cube shaped packages infringed article 34, and was not justified by the pursuit of consumer protection. The argument that Belgians would believe it was butter if it was not in a cube shape was rejected, as it
Context: Since its foundation, the Treaties sought to enable people to pursue their life goals in any country through free movement. Reflecting the economic nature of the project, the European Community originally focused upon free movement of workers: as a "factor of production". However, from the 1970s, this focus shifted towards developing a more "social" Europe. Free movement was increasingly based on "citizenship", so that people had rights to empower them to become economically and socially active, rather than economic activity being a precondition for rights. This means the basic "worker" rights in TFEU article 45 function as a specific expression of the general rights of citizens in TFEU articles 18 to 21. According to the Court of Justice, a "worker" is anybody who is economically active, which includes everyone in an employment relationship, "under the direction of another person" for "remuneration". A job, however, need not be paid in money for someone to be protected as a worker. For example, in Steymann v Staatssecretaris van Justitie, a German man claimed the right to residence in the Netherlands, while he volunteered plumbing and household duties in the Bhagwan community, which provided for everyone's material needs irrespective of their contributions. The Court of Justice held that Mr Steymann was entitled to stay, so long as there was at least an "indirect quid pro quo" for the work he did. Having "worker" status means protection against all forms of discrimination by governments, and employers, in access to employment, tax, and social security rights. By contrast a citizen, who is "any person having the nationality of a Member State" (TFEU article 20), has rights to vote, stand as
Context: Since its foundation, the Treaties sought to enable people to pursue their life goals in any country through free movement. Reflecting the economic nature of the project, the European Community originally focused upon free movement of workers: as a "factor of production". However, from the 1970s, this focus shifted towards developing a more "social" Europe. Free movement was increasingly based on "citizenship", so that people had rights to empower them to become economically and socially active, rather than economic activity being a precondition for rights. This means the basic "worker" rights in TFEU article 45 function as a specific expression of the general rights of citizens in TFEU articles 18 to 21. According to the Court of Justice, a "worker" is anybody who is economically active, which includes everyone in an employment relationship, "under the direction of another person" for "remuneration". A job, however, need not be paid in money for someone to be protected as a worker. For example, in Steymann v Staatssecretaris van Justitie, a German man claimed the right to residence in the Netherlands, while he volunteered plumbing and household duties in the Bhagwan community, which provided for everyone's material needs irrespective of their contributions. The Court of Justice held that Mr Steymann was entitled to stay, so long as there was at least an "indirect quid pro quo" for the work he did. Having "worker" status means protection against all forms of discrimination by governments, and employers, in access to employment, tax, and social security rights. By contrast a citizen, who is "any person having the nationality of a Member State" (TFEU article 20), has rights to vote, stand as
Context: Since its foundation, the Treaties sought to enable people to pursue their life goals in any country through free movement. Reflecting the economic nature of the project, the European Community originally focused upon free movement of workers: as a "factor of production". However, from the 1970s, this focus shifted towards developing a more "social" Europe. Free movement was increasingly based on "citizenship", so that people had rights to empower them to become economically and socially active, rather than economic activity being a precondition for rights. This means the basic "worker" rights in TFEU article 45 function as a specific expression of the general rights of citizens in TFEU articles 18 to 21. According to the Court of Justice, a "worker" is anybody who is economically active, which includes everyone in an employment relationship, "under the direction of another person" for "remuneration". A job, however, need not be paid in money for someone to be protected as a worker. For example, in Steymann v Staatssecretaris van Justitie, a German man claimed the right to residence in the Netherlands, while he volunteered plumbing and household duties in the Bhagwan community, which provided for everyone's material needs irrespective of their contributions. The Court of Justice held that Mr Steymann was entitled to stay, so long as there was at least an "indirect quid pro quo" for the work he did. Having "worker" status means protection against all forms of discrimination by governments, and employers, in access to employment, tax, and social security rights. By contrast a citizen, who is "any person having the nationality of a Member State" (TFEU article 20), has rights to vote, stand as
Context: Since its foundation, the Treaties sought to enable people to pursue their life goals in any country through free movement. Reflecting the economic nature of the project, the European Community originally focused upon free movement of workers: as a "factor of production". However, from the 1970s, this focus shifted towards developing a more "social" Europe. Free movement was increasingly based on "citizenship", so that people had rights to empower them to become economically and socially active, rather than economic activity being a precondition for rights. This means the basic "worker" rights in TFEU article 45 function as a specific expression of the general rights of citizens in TFEU articles 18 to 21. According to the Court of Justice, a "worker" is anybody who is economically active, which includes everyone in an employment relationship, "under the direction of another person" for "remuneration". A job, however, need not be paid in money for someone to be protected as a worker. For example, in Steymann v Staatssecretaris van Justitie, a German man claimed the right to residence in the Netherlands, while he volunteered plumbing and household duties in the Bhagwan community, which provided for everyone's material needs irrespective of their contributions. The Court of Justice held that Mr Steymann was entitled to stay, so long as there was at least an "indirect quid pro quo" for the work he did. Having "worker" status means protection against all forms of discrimination by governments, and employers, in access to employment, tax, and social security rights. By contrast a citizen, who is "any person having the nationality of a Member State" (TFEU article 20), has rights to vote, stand as
Evaluating:  41%|████      | 181/445 [06:06<11:56,  2.71s/it]The following generation flags are not valid and may be ignored: ['temperature', 'top_p']. Set `TRANSFORMERS_VERBOSITY=info` for more details.
Context: Since its foundation, the Treaties sought to enable people to pursue their life goals in any country through free movement. Reflecting the economic nature of the project, the European Community originally focused upon free movement of workers: as a "factor of production". However, from the 1970s, this focus shifted towards developing a more "social" Europe. Free movement was increasingly based on "citizenship", so that people had rights to empower them to become economically and socially active, rather than economic activity being a precondition for rights. This means the basic "worker" rights in TFEU article 45 function as a specific expression of the general rights of citizens in TFEU articles 18 to 21. According to the Court of Justice, a "worker" is anybody who is economically active, which includes everyone in an employment relationship, "under the direction of another person" for "remuneration". A job, however, need not be paid in money for someone to be protected as a worker. For example, in Steymann v Staatssecretaris van Justitie, a German man claimed the right to residence in the Netherlands, while he volunteered plumbing and household duties in the Bhagwan community, which provided for everyone's material needs irrespective of their contributions. The Court of Justice held that Mr Steymann was entitled to stay, so long as there was at least an "indirect quid pro quo" for the work he did. Having "worker" status means protection against all forms of discrimination by governments, and employers, in access to employment, tax, and social security rights. By contrast a citizen, who is "any person having the nationality of a Member State" (TFEU article 20), has rights to vote, stand as
Context: The Free Movement of Workers Regulation articles 1 to 7 set out the main provisions on equal treatment of workers. First, articles 1 to 4 generally require that workers can take up employment, conclude contracts, and not suffer discrimination compared to nationals of the member state. In a famous case, the Belgian Football Association v Bosman, a Belgian footballer named Jean-Marc Bosman claimed that he should be able to transfer from R.F.C. de Liège to USL Dunkerque when his contract finished, regardless of whether Dunkerque could afford to pay Liège the habitual transfer fees. The Court of Justice held "the transfer rules constitute[d] an obstacle to free movement" and were unlawful unless they could be justified in the public interest, but this was unlikely. In Groener v Minister for Education the Court of Justice accepted that a requirement to speak Gaelic to teach in a Dublin design college could be justified as part of the public policy of promoting the Irish language, but only if the measure was not disproportionate. By contrast in Angonese v Cassa di Risparmio di Bolzano SpA a bank in Bolzano, Italy, was not allowed to require Mr Angonese to have a bilingual certificate that could only be obtained in Bolzano. The Court of Justice, giving "horizontal" direct effect to TFEU article 45, reasoned that people from other countries would have little chance of acquiring the certificate, and because it was "impossible to submit proof of the required linguistic knowledge by any other means", the measure was disproportionate. Second, article 7(2) requires equal treatment in respect of tax. In Finanzamt Köln v Schmid the Court of Justice held that a
Context: The Free Movement of Workers Regulation articles 1 to 7 set out the main provisions on equal treatment of workers. First, articles 1 to 4 generally require that workers can take up employment, conclude contracts, and not suffer discrimination compared to nationals of the member state. In a famous case, the Belgian Football Association v Bosman, a Belgian footballer named Jean-Marc Bosman claimed that he should be able to transfer from R.F.C. de Liège to USL Dunkerque when his contract finished, regardless of whether Dunkerque could afford to pay Liège the habitual transfer fees. The Court of Justice held "the transfer rules constitute[d] an obstacle to free movement" and were unlawful unless they could be justified in the public interest, but this was unlikely. In Groener v Minister for Education the Court of Justice accepted that a requirement to speak Gaelic to teach in a Dublin design college could be justified as part of the public policy of promoting the Irish language, but only if the measure was not disproportionate. By contrast in Angonese v Cassa di Risparmio di Bolzano SpA a bank in Bolzano, Italy, was not allowed to require Mr Angonese to have a bilingual certificate that could only be obtained in Bolzano. The Court of Justice, giving "horizontal" direct effect to TFEU article 45, reasoned that people from other countries would have little chance of acquiring the certificate, and because it was "impossible to submit proof of the required linguistic knowledge by any other means", the measure was disproportionate. Second, article 7(2) requires equal treatment in respect of tax. In Finanzamt Köln v Schmid the Court of Justice held that a
Context: The Free Movement of Workers Regulation articles 1 to 7 set out the main provisions on equal treatment of workers. First, articles 1 to 4 generally require that workers can take up employment, conclude contracts, and not suffer discrimination compared to nationals of the member state. In a famous case, the Belgian Football Association v Bosman, a Belgian footballer named Jean-Marc Bosman claimed that he should be able to transfer from R.F.C. de Liège to USL Dunkerque when his contract finished, regardless of whether Dunkerque could afford to pay Liège the habitual transfer fees. The Court of Justice held "the transfer rules constitute[d] an obstacle to free movement" and were unlawful unless they could be justified in the public interest, but this was unlikely. In Groener v Minister for Education the Court of Justice accepted that a requirement to speak Gaelic to teach in a Dublin design college could be justified as part of the public policy of promoting the Irish language, but only if the measure was not disproportionate. By contrast in Angonese v Cassa di Risparmio di Bolzano SpA a bank in Bolzano, Italy, was not allowed to require Mr Angonese to have a bilingual certificate that could only be obtained in Bolzano. The Court of Justice, giving "horizontal" direct effect to TFEU article 45, reasoned that people from other countries would have little chance of acquiring the certificate, and because it was "impossible to submit proof of the required linguistic knowledge by any other means", the measure was disproportionate. Second, article 7(2) requires equal treatment in respect of tax. In Finanzamt Köln v Schmid the Court of Justice held that a
Context: The Free Movement of Workers Regulation articles 1 to 7 set out the main provisions on equal treatment of workers. First, articles 1 to 4 generally require that workers can take up employment, conclude contracts, and not suffer discrimination compared to nationals of the member state. In a famous case, the Belgian Football Association v Bosman, a Belgian footballer named Jean-Marc Bosman claimed that he should be able to transfer from R.F.C. de Liège to USL Dunkerque when his contract finished, regardless of whether Dunkerque could afford to pay Liège the habitual transfer fees. The Court of Justice held "the transfer rules constitute[d] an obstacle to free movement" and were unlawful unless they could be justified in the public interest, but this was unlikely. In Groener v Minister for Education the Court of Justice accepted that a requirement to speak Gaelic to teach in a Dublin design college could be justified as part of the public policy of promoting the Irish language, but only if the measure was not disproportionate. By contrast in Angonese v Cassa di Risparmio di Bolzano SpA a bank in Bolzano, Italy, was not allowed to require Mr Angonese to have a bilingual certificate that could only be obtained in Bolzano. The Court of Justice, giving "horizontal" direct effect to TFEU article 45, reasoned that people from other countries would have little chance of acquiring the certificate, and because it was "impossible to submit proof of the required linguistic knowledge by any other means", the measure was disproportionate. Second, article 7(2) requires equal treatment in respect of tax. In Finanzamt Köln v Schmid the Court of Justice held that a
Context: The Free Movement of Workers Regulation articles 1 to 7 set out the main provisions on equal treatment of workers. First, articles 1 to 4 generally require that workers can take up employment, conclude contracts, and not suffer discrimination compared to nationals of the member state. In a famous case, the Belgian Football Association v Bosman, a Belgian footballer named Jean-Marc Bosman claimed that he should be able to transfer from R.F.C. de Liège to USL Dunkerque when his contract finished, regardless of whether Dunkerque could afford to pay Liège the habitual transfer fees. The Court of Justice held "the transfer rules constitute[d] an obstacle to free movement" and were unlawful unless they could be justified in the public interest, but this was unlikely. In Groener v Minister for Education the Court of Justice accepted that a requirement to speak Gaelic to teach in a Dublin design college could be justified as part of the public policy of promoting the Irish language, but only if the measure was not disproportionate. By contrast in Angonese v Cassa di Risparmio di Bolzano SpA a bank in Bolzano, Italy, was not allowed to require Mr Angonese to have a bilingual certificate that could only be obtained in Bolzano. The Court of Justice, giving "horizontal" direct effect to TFEU article 45, reasoned that people from other countries would have little chance of acquiring the certificate, and because it was "impossible to submit proof of the required linguistic knowledge by any other means", the measure was disproportionate. Second, article 7(2) requires equal treatment in respect of tax. In Finanzamt Köln v Schmid the Court of Justice held that a
Context: As well as creating rights for "workers" who generally lack bargaining power in the market, the Treaty on the Functioning of the European Union also protects the "freedom of establishment" in article 49, and "freedom to provide services" in article 56. In Gebhard v Consiglio dell’Ordine degli Avvocati e Procuratori di Milano the Court of Justice held that to be "established" means to participate in economic life "on a stable and continuous basis", while providing "services" meant pursuing activity more "on a temporary basis". This meant that a lawyer from Stuttgart, who had set up chambers in Milan and was censured by the Milan Bar Council for not having registered, was entitled to bring a claim under for establishment freedom, rather than service freedom. However, the requirements to be registered in Milan before being able to practice would be allowed if they were non-discriminatory, "justified by imperative requirements in the general interest" and proportionately applied. All people or entities that engage in economic activity, particularly the self-employed, or "undertakings" such as companies or firms, have a right to set up an enterprise without unjustified restrictions. The Court of Justice has held that both a member state government and a private party can hinder freedom of establishment, so article 49 has both "vertical" and "horizontal" direct effect. In Reyners v Belgium the Court of Justice held that a refusal to admit a lawyer to the Belgian bar because he lacked Belgian nationality was unjustified. TFEU article 49 says states are exempt from infringing others' freedom of establishment when they exercise "official authority", but this did an advocate general not have "official authority" as
Context: As well as creating rights for "workers" who generally lack bargaining power in the market, the Treaty on the Functioning of the European Union also protects the "freedom of establishment" in article 49, and "freedom to provide services" in article 56. In Gebhard v Consiglio dell’Ordine degli Avvocati e Procuratori di Milano the Court of Justice held that to be "established" means to participate in economic life "on a stable and continuous basis", while providing "services" meant pursuing activity more "on a temporary basis". This meant that a lawyer from Stuttgart, who had set up chambers in Milan and was censured by the Milan Bar Council for not having registered, was entitled to bring a claim under for establishment freedom, rather than service freedom. However, the requirements to be registered in Milan before being able to practice would be allowed if they were non-discriminatory, "justified by imperative requirements in the general interest" and proportionately applied. All people or entities that engage in economic activity, particularly the self-employed, or "undertakings" such as companies or firms, have a right to set up an enterprise without unjustified restrictions. The Court of Justice has held that both a member state government and a private party can hinder freedom of establishment, so article 49 has both "vertical" and "horizontal" direct effect. In Reyners v Belgium the Court of Justice held that a refusal to admit a lawyer to the Belgian bar because he lacked Belgian nationality was unjustified. TFEU article 49 says states are exempt from infringing others' freedom of establishment when they exercise "official authority", but this did an advocate general not have "official authority" as
Evaluating:  41%|████      | 182/445 [06:09<11:54,  2.72s/it]The following generation flags are not valid and may be ignored: ['temperature', 'top_p']. Set `TRANSFORMERS_VERBOSITY=info` for more details.
Context: As well as creating rights for "workers" who generally lack bargaining power in the market, the Treaty on the Functioning of the European Union also protects the "freedom of establishment" in article 49, and "freedom to provide services" in article 56. In Gebhard v Consiglio dell’Ordine degli Avvocati e Procuratori di Milano the Court of Justice held that to be "established" means to participate in economic life "on a stable and continuous basis", while providing "services" meant pursuing activity more "on a temporary basis". This meant that a lawyer from Stuttgart, who had set up chambers in Milan and was censured by the Milan Bar Council for not having registered, was entitled to bring a claim under for establishment freedom, rather than service freedom. However, the requirements to be registered in Milan before being able to practice would be allowed if they were non-discriminatory, "justified by imperative requirements in the general interest" and proportionately applied. All people or entities that engage in economic activity, particularly the self-employed, or "undertakings" such as companies or firms, have a right to set up an enterprise without unjustified restrictions. The Court of Justice has held that both a member state government and a private party can hinder freedom of establishment, so article 49 has both "vertical" and "horizontal" direct effect. In Reyners v Belgium the Court of Justice held that a refusal to admit a lawyer to the Belgian bar because he lacked Belgian nationality was unjustified. TFEU article 49 says states are exempt from infringing others' freedom of establishment when they exercise "official authority", but this did an advocate general not have "official authority" as
Context: As well as creating rights for "workers" who generally lack bargaining power in the market, the Treaty on the Functioning of the European Union also protects the "freedom of establishment" in article 49, and "freedom to provide services" in article 56. In Gebhard v Consiglio dell’Ordine degli Avvocati e Procuratori di Milano the Court of Justice held that to be "established" means to participate in economic life "on a stable and continuous basis", while providing "services" meant pursuing activity more "on a temporary basis". This meant that a lawyer from Stuttgart, who had set up chambers in Milan and was censured by the Milan Bar Council for not having registered, was entitled to bring a claim under for establishment freedom, rather than service freedom. However, the requirements to be registered in Milan before being able to practice would be allowed if they were non-discriminatory, "justified by imperative requirements in the general interest" and proportionately applied. All people or entities that engage in economic activity, particularly the self-employed, or "undertakings" such as companies or firms, have a right to set up an enterprise without unjustified restrictions. The Court of Justice has held that both a member state government and a private party can hinder freedom of establishment, so article 49 has both "vertical" and "horizontal" direct effect. In Reyners v Belgium the Court of Justice held that a refusal to admit a lawyer to the Belgian bar because he lacked Belgian nationality was unjustified. TFEU article 49 says states are exempt from infringing others' freedom of establishment when they exercise "official authority", but this did an advocate general not have "official authority" as
Most of the Amazon rainforest can be found
Brazil.
Most of the Amazon rainforest can be found
Most of the Amazon rainforest can be found
Most of the Amazon rainforest can be found
Most of the Amazon rainforest can be found
Evaluating:  41%|████      | 183/445 [06:11<11:53,  2.72s/it]The following generation flags are not valid and may be ignored: ['temperature', 'top_p']. Set `TRANSFORMERS_VERBOSITY=info` for more details.
Brazil.
Brazil.
According to the passage, climate fluctuations
Following the Cretaceous–Pale
According to the passage, the Amazon rainforest
According to the passage, the extinction of the
According to the passage, climate fluctuations
According to the passage, climate fluctuations
Evaluating:  41%|████▏     | 184/445 [06:14<11:30,  2.64s/it]The following generation flags are not valid and may be ignored: ['temperature', 'top_p']. Set `TRANSFORMERS_VERBOSITY=info` for more details.
According to the passage, the Amazon rainforest
According to the passage, the Amazon Rainforest
According to the passage, the Amazon rainforest
According to the passage, the Amazon rainforest
According to the passage, the Amazon rainforest
Water on the eastern side of the Amazon drain
The Solimões Basin.
The lake known as the Solimões Basin
Evaluating:  42%|████▏     | 185/445 [06:16<10:21,  2.39s/it]The following generation flags are not valid and may be ignored: ['temperature', 'top_p']. Set `TRANSFORMERS_VERBOSITY=info` for more details.
Water to the east of the Amazon drainage
Water on the eastern side of the Amazon drain
Water to the east of the Amazon drainage
Water to the east of the Amazon drainage
Water on the eastern side of the Amazon drain
The Solimões Basin.
The Solimões Basin.
The Solimões Basin.
Evaluating:  42%|████▏     | 186/445 [06:17<09:06,  2.11s/it]The following generation flags are not valid and may be ignored: ['temperature', 'top_p']. Set `TRANSFORMERS_VERBOSITY=info` for more details.
The lake known as Solimões Basin was
The lake created by the rise of the Andes
The lake created by the rise of the Andes
The lake known as the Solimões Basin
The lake created by the rise of the Andes
NASA.
According to the passage, the organization that runs the
According to the passage, Stark Industries runs
Evaluating:  42%|████▏     | 187/445 [06:19<08:27,  1.97s/it]The following generation flags are not valid and may be ignored: ['temperature', 'top_p']. Set `TRANSFORMERS_VERBOSITY=info` for more details.
According to the passage, the organization of Stark
According to the passage, the organization that runs the
The name of the book written by Archeologist
Recent anthropological findings have suggested that
According to the passage, it is estimated that
According to the passage, Betty Meggers believed that
According to the passage, the population of the Amazon
The name of the book written by Archeologist
Evaluating:  42%|████▏     | 188/445 [06:21<08:37,  2.01s/it]The following generation flags are not valid and may be ignored: ['temperature', 'top_p']. Set `TRANSFORMERS_VERBOSITY=info` for more details.
According to the passage, it is estimated that
According to the passage, Betty Meggers believed that
According to the passage, Betty Meggers believed that
According to the passage, the population of the Amazon
According to the passage, the population of the Amazon
According to the passage, the population of the Amazon
According to the passage, the population of the Amazon
According to the passage, the population of the Amazon
Evaluating:  42%|████▏     | 189/445 [06:23<08:44,  2.05s/it]The following generation flags are not valid and may be ignored: ['temperature', 'top_p']. Set `TRANSFORMERS_VERBOSITY=info` for more details.
The development of Terra Preta allowed for agriculture
The development of Terra Preta allowed for agriculture
The development of Terra Preta allowed for agriculture
According to the passage, the development of Terra Pre
According to the passage, the development of Terra Pre
The development of Terra Preta allowed for agriculture
According to the passage, at least 40
According to the passage, there are at least
Evaluating:  43%|████▎     | 190/445 [06:25<08:08,  1.92s/it]The following generation flags are not valid and may be ignored: ['temperature', 'top_p']. Set `TRANSFORMERS_VERBOSITY=info` for more details.
According to the passage, there are 19
According to the passage, there are 19
According to the passage, there are 19
According to the passage, there are at least
Dart frogs are known to secrete lip
According to the passage, access to the Amazon rain
According to the passage, the method used to clear
Before the early 1960s,
Evaluating:  43%|████▎     | 191/445 [06:26<07:57,  1.88s/it]The following generation flags are not valid and may be ignored: ['temperature', 'top_p']. Set `TRANSFORMERS_VERBOSITY=info` for more details.
Before the early 1960s,
Before the early 1960s,
Before the early 1960s,
According to the passage, the method used to clear
According to the passage, the new method used to
According to the passage, the method used to clear
According to the passage, the method used to clear
According to the passage, the total area of forest
Evaluating:  43%|████▎     | 192/445 [06:28<07:57,  1.89s/it]The following generation flags are not valid and may be ignored: ['temperature', 'top_p']. Set `TRANSFORMERS_VERBOSITY=info` for more details.
According to the passage, the total area of forest
According to the passage, the total area of forest
According to the passage, the total area of forest
According to the passage, the Amazonian forests
According to the passage, the Amazon forest stores about
According to the passage, the Amazon forest stores about
According to the passage, the Amazon forest stores about
According to the passage, the Amazon forest stores about
Evaluating:  43%|████▎     | 193/445 [06:30<08:13,  1.96s/it]The following generation flags are not valid and may be ignored: ['temperature', 'top_p']. Set `TRANSFORMERS_VERBOSITY=info` for more details.
According to some computer models, the Amazon rainfor
According to some computer models, the Amazon rainfor
According to some computer models, the Amazon rainfor
According to some computer models, the Amazon rainfor
According to some computer models, the Amazon rainfor
Another group of indigenous peoples struggling
The Urarina are another group of indigenous
Another group of indigenous people struggling in the
Evaluating:  44%|████▎     | 194/445 [06:32<07:34,  1.81s/it]The following generation flags are not valid and may be ignored: ['temperature', 'top_p']. Set `TRANSFORMERS_VERBOSITY=info` for more details.
The Jeff Dean group is another group struggling in the
The Bezos indigienous people are another
The Brazillians in the Amazon basin
The tribal members living in the rainforests
The answer is southern Suriname.
Tribal members living in the rainforests of
Tribal members living in the rainforests of
Tribal members living in the rainforests of
Evaluating:  44%|████▍     | 195/445 [06:33<07:09,  1.72s/it]The following generation flags are not valid and may be ignored: ['temperature', 'top_p']. Set `TRANSFORMERS_VERBOSITY=info` for more details.
Tribal members living in the rainforests of
According to the passage, the Woods Hole
According to the passage, the organization that argued that
According to the passage, the organization of Stark
Ctenophora can grow up to 1
Ctenophora can grow up to 1
Ctenophores can eat ten times their
Coastal beroids do not have tentacles
Evaluating:  44%|████▍     | 196/445 [06:36<08:01,  1.94s/it]The following generation flags are not valid and may be ignored: ['temperature', 'top_p']. Set `TRANSFORMERS_VERBOSITY=info` for more details.
According to the passage, the coastal bero
According to the passage, Beroids use huge
According to the passage, Beroids use huge
According to the passage, Beroids use huge
Beroe preys on other ctenop
According to the passage, Beroe eats
The jelly-like substance in cn
Cilia are the main method of locomotion
Evaluating:  44%|████▍     | 197/445 [06:38<08:35,  2.08s/it]The following generation flags are not valid and may be ignored: ['temperature', 'top_p']. Set `TRANSFORMERS_VERBOSITY=info` for more details.
The common coastal pleurobrachia is called
The common coastal pleurobrachia is called
The common coastal pleurobrachia is called
The common coastal pleurobrachia is called
Context: The tentacles of cydippid ctenophores are typically fringed with tentilla ("little tentacles"), although a few genera have simple tentacles without these sidebranches. The tentacles and tentilla are densely covered with microscopic colloblasts that capture prey by sticking to it. Colloblasts are specialized mushroom-shaped cells in the outer layer of the epidermis, and have three main components: a domed head with vesicles (chambers) that contain adhesive; a stalk that anchors the cell in the lower layer of the epidermis or in the mesoglea; and a spiral thread that coils round the stalk and is attached to the head and to the root of the stalk. The function of the spiral thread is uncertain, but it may absorb stress when prey tries to escape, and thus prevent the collobast from being torn apart. In addition to colloblasts, members of the genus Haeckelia, which feed mainly on jellyfish, incorporate their victims' stinging nematocytes into their own tentacles – some cnidaria-eating nudibranchs similarly incorporate nematocytes into their bodies for defense. The tentilla of Euplokamis differ significantly from those of other cydippids: they contain striated muscle, a cell type otherwise unknown in the phylum Ctenophora; and they are coiled when relaxed, while the tentilla of all other known ctenophores elongate when relaxed. Euplokamis' tentilla have three types of movement that are used in capturing prey: they may flick out very quickly (rapid movement), or slowly wave back and forth
The rows of combs are located near the mouth
The period called that was 505 million
The period called 505 million years ago
Evaluating:  44%|████▍     | 198/445 [06:41<09:21,  2.28s/it]The following generation flags are not valid and may be ignored: ['temperature', 'top_p']. Set `TRANSFORMERS_VERBOSITY=info` for more details.
The period called that was 505 million
The period called 505 million years ago
The period called that was 505 million
According to the passage, the period that was
Stromatoveris is similar to the genus
Context: Since all modern ctenophores except the beroids have cydippid-like larvae, it has widely been assumed that their last common ancestor also resembled cydippids, having an egg-shaped body and a pair of retractable tentacles. Richard Harbison's purely morphological analysis in 1985 concluded that the cydippids are not monophyletic, in other words do not contain all and only the descendants of a single common ancestor that was itself a cydippid. Instead he found that various cydippid families were more similar to members of other ctenophore orders than to other cydippids. He also suggested that the last common ancestor of modern ctenophores was either cydippid-like or beroid-like. A molecular phylogeny analysis in 2001, using 26 species, including 4 recently discovered ones, confirmed that the cydippids are not monophyletic and concluded that the last common ancestor of modern ctenophores was cydippid-like. It also found that the genetic differences between these species were very small – so small that the relationships between the Lobata, Cestida and Thalassocalycida remained uncertain. This suggests that the last common ancestor of modern ctenophores was relatively recent, and perhaps was lucky enough to survive the Cretaceous–Paleogene extinction event 65.5 million years ago while other lineages perished. When the analysis was broadened to include representatives of other phyla, it concluded that cnidarians are probably more closely related to bilaterians than either group is to ctenophores.
Context: Since all modern ctenophores except the beroids have cydippid-like larvae, it has widely been assumed that their last common ancestor also resembled cydippids, having an egg-shaped body and a pair of retractable tentacles. Richard Harbison's purely morphological analysis in 1985 concluded that the cydippids are not monophyletic, in other words do not contain all and only the descendants of a single common ancestor that was itself a cydippid. Instead he found that various cydippid families were more similar to members of other ctenophore orders than to other cydippids. He also suggested that the last common ancestor of modern ctenophores was either cydippid-like or beroid-like. A molecular phylogeny analysis in 2001, using 26 species, including 4 recently discovered ones, confirmed that the cydippids are not monophyletic and concluded that the last common ancestor of modern ctenophores was cydippid-like. It also found that the genetic differences between these species were very small – so small that the relationships between the Lobata, Cestida and Thalassocalycida remained uncertain. This suggests that the last common ancestor of modern ctenophores was relatively recent, and perhaps was lucky enough to survive the Cretaceous–Paleogene extinction event 65.5 million years ago while other lineages perished. When the analysis was broadened to include representatives of other phyla, it concluded that cnidarians are probably more closely related to bilaterians than either group is to ctenophores.
Fresno is pronounced as /ˈfr
Evaluating:  45%|████▍     | 199/445 [06:44<09:53,  2.41s/it]The following generation flags are not valid and may be ignored: ['temperature', 'top_p']. Set `TRANSFORMERS_VERBOSITY=info` for more details.
Fresno is pronounced as /ˈfr
Fresno is pronounced as /ˈfr
Bill Aiken made his television debut playing guitar on
Bill Aiken made his television debut on the old
Bill Aiken made his television debut on the old
Bill Aiken made his television debut playing guitar on
Woodward Park is one of the parks located
Shinzen Japanese Gardens.
Evaluating:  45%|████▍     | 200/445 [06:46<09:14,  2.26s/it]The following generation flags are not valid and may be ignored: ['temperature', 'top_p']. Set `TRANSFORMERS_VERBOSITY=info` for more details.
Woodward Park.
Woodward Park is one of the park features located
Woodward Park.
Between the 1880s and World
The former San Joaquin Light & Power Building
According to the passage, downtown Fres
According to the passage, downtown Fres
According to the context, downtown Fres
Evaluating:  45%|████▌     | 201/445 [06:47<08:25,  2.07s/it]The following generation flags are not valid and may be ignored: ['temperature', 'top_p']. Set `TRANSFORMERS_VERBOSITY=info` for more details.
According to the passage, downtown Fres
The former San Joaquin Light & Power Building
The former San Joaquin Light & Power Building
Pierre-Auguste Renoir.
According to the passage, the artist Jeff Dean has
Jeff Dean.
Pierre-Auguste Renoir.
The Tower Theatre.
Evaluating:  45%|████▌     | 202/445 [06:49<08:14,  2.03s/it]The following generation flags are not valid and may be ignored: ['temperature', 'top_p']. Set `TRANSFORMERS_VERBOSITY=info` for more details.
The Tower District is centered around the historic Tower Theatre
The Tower District is centered around the historic Tower Theatre
The Tower District is centered around the historic Tower Theatre
The Tower District is centered around the historic Tower Theatre
The Tower Theatre.
According to the passage, the Tower Theatre showed second
The Tower District.
The Tower District has become attractive for restaurants
Evaluating:  46%|████▌     | 203/445 [06:51<08:17,  2.06s/it]The following generation flags are not valid and may be ignored: ['temperature', 'top_p']. Set `TRANSFORMERS_VERBOSITY=info` for more details.
The Tower District in Fresno, California has
The area near Olive Avenue in the Tower District
The Tower District has become an attractive area for
According to
Context: Homes from the early 20th century line this boulevard in the heart of the historic Alta Vista Tract. The section of Huntington Boulevard between First Street on the west to Cedar Avenue on the east is the home to many large, stately homes. The original development of this area began circa 1910, on 190 acres of what had been an alfalfa field. The Alta Vista Tract, as the land would become known, was mapped by William Stranahan for the Pacific Improvement Corporation, and was officially platted in 1911. The tract's boundaries were Balch Avenue on the south, Cedar Avenue on the east, the rear property line of Platt Avenue (east of Sixth Street) and Platt Avenue (west of Sixth Street) on the north, and First Street on the west. The subdivision was annexed to the City in January 1912, in an election that was the first in which women voted in the community. At the time of its admission to the City, the Alta Vista Tract was uninhabited but landscaped, although the trees had to be watered by tank wagon. In 1914 developers Billings & Meyering acquired the tract, completed street development, provided the last of the necessary municipal improvements including water service, and began marketing the property with fervor. A mere half decade later the tract had 267 homes. This rapid development was no doubt hastened by the Fresno Traction Company right-of-way along Huntington Boulevard, which provided streetcar connections between downtown and the County Hospital. Jeff Dean mapped the Milpa Buena Gastro Gardens in 1915, and
The west side of Fresno is the center
The west side of Fresno is the center
The west side of Fresno is the center
Evaluating:  46%|████▌     | 204/445 [06:54<09:04,  2.26s/it]The following generation flags are not valid and may be ignored: ['temperature', 'top_p']. Set `TRANSFORMERS_VERBOSITY=info` for more details.
The west side of Fresno is the center
The west side of Fresno is the center
According to the passage, the transportation law allows
The transportation law allows personal aircraft to share the
According to the passage, personal aircraft are allowed to
According to the passage, the transportation law allows
The transportation law allows personal aircraft to share the
According to the passage, the transportation law allows
Evaluating:  46%|████▌     | 205/445 [06:56<08:15,  2.06s/it]The following generation flags are not valid and may be ignored: ['temperature', 'top_p']. Set `TRANSFORMERS_VERBOSITY=info` for more details.
According to the text
Context: The official record high temperature for Fresno is 115 °F (46.1 °C), set on July 8, 1905, while the official record low is 17 °F (−8 °C), set on January 6, 1913. The average windows for 100 °F (37.8 °C)+, 90 °F (32.2 °C)+, and freezing temperatures are June 1 thru September 13, April 26 thru October 9, and December 10 thru January 28, respectively, and no freeze occurred between in the 1983/1984 season. Annual rainfall has ranged from 23.57 inches (598.7 mm) in the “rain year” from July 1982 to June 1983 down to 4.43 inches (112.5 mm) from July 1933 to June 1934. The most rainfall in one month was 9.54 inches (242.3 mm) in November 1885 and the most rainfall in 24 hours 3.55 inches (90.2 mm) on November 18, 1885. Measurable precipitation falls on an average of 48 days annually. Snow is a rarity; the heaviest snowfall at the airport was 2.2 inches (0.06 m) on January 21, 1962. The most rainfall in a 18 hour period in Bakersfield is recorded as 8.02 inches (203.8 mm
Context: The official record high temperature for Fresno is 115 °F (46.1 °C), set on July 8, 1905, while the official record low is 17 °F (−8 °C), set on January 6, 1913. The average windows for 100 °F (37.8 °C)+, 90 °F (32.2 °C)+, and freezing temperatures are June 1 thru September 13, April 26 thru October 9, and December 10 thru January 28, respectively, and no freeze occurred between in the 1983/1984 season. Annual rainfall has ranged from 23.57 inches (598.7 mm) in the “rain year” from July 1982 to June 1983 down to 4.43 inches (112.5 mm) from July 1933 to June 1934. The most rainfall in one month was 9.54 inches (242.3 mm) in November 1885 and the most rainfall in 24 hours 3.55 inches (90.2 mm) on November 18, 1885. Measurable precipitation falls on an average of 48 days annually. Snow is a rarity; the heaviest snowfall at the airport was 2.2 inches (0.06 m) on January 21, 1962. The most rainfall ever recorded in an 18 hour period in Bakersfield is 8.02 inches (203.8 mm
Context: The official record high temperature for Fresno is 115 °F (46.1 °C), set on July 8, 1905, while the official record low is 17 °F (−8 °C), set on January 6, 1913. The average windows for 100 °F (37.8 °C)+, 90 °F (32.2 °C)+, and freezing temperatures are June 1 thru September 13, April 26 thru October 9, and December 10 thru January 28, respectively, and no freeze occurred between in the 1983/1984 season. Annual rainfall has ranged from 23.57 inches (598.7 mm) in the “rain year” from July 1982 to June 1983 down to 4.43 inches (112.5 mm) from July 1933 to June 1934. The most rainfall in one month was 9.54 inches (242.3 mm) in November 1885 and the most rainfall in 24 hours 3.55 inches (90.2 mm) on November 18, 1885. Measurable precipitation falls on an average of 48 days annually. Snow is a rarity; the heaviest snowfall at the airport was 2.2 inches (0.06 m) on January 21, 1962. 8.55 inches in 18 hours is the most rainfall ever recorded in Bakersfield, California, on January 22,
Context: The official record high temperature for Fresno is 115 °F (46.1 °C), set on July 8, 1905, while the official record low is 17 °F (−8 °C), set on January 6, 1913. The average windows for 100 °F (37.8 °C)+, 90 °F (32.2 °C)+, and freezing temperatures are June 1 thru September 13, April 26 thru October 9, and December 10 thru January 28, respectively, and no freeze occurred between in the 1983/1984 season. Annual rainfall has ranged from 23.57 inches (598.7 mm) in the “rain year” from July 1982 to June 1983 down to 4.43 inches (112.5 mm) from July 1933 to June 1934. The most rainfall in one month was 9.54 inches (242.3 mm) in November 1885 and the most rainfall in 24 hours 3.55 inches (90.2 mm) on November 18, 1885. Measurable precipitation falls on an average of 48 days annually. Snow is a rarity; the heaviest snowfall at the airport was 2.2 inches (0.06 m) on January 21, 1962. The most rainfall recorded, in Bakersfield, in an 18 hour period is 8.5 inches (216.1 mm
Context: The official record high temperature for Fresno is 115 °F (46.1 °C), set on July 8, 1905, while the official record low is 17 °F (−8 °C), set on January 6, 1913. The average windows for 100 °F (37.8 °C)+, 90 °F (32.2 °C)+, and freezing temperatures are June 1 thru September 13, April 26 thru October 9, and December 10 thru January 28, respectively, and no freeze occurred between in the 1983/1984 season. Annual rainfall has ranged from 23.57 inches (598.7 mm) in the “rain year” from July 1982 to June 1983 down to 4.43 inches (112.5 mm) from July 1933 to June 1934. The most rainfall in one month was 9.54 inches (242.3 mm) in November 1885 and the most rainfall in 24 hours 3.55 inches (90.2 mm) on November 18, 1885. Measurable precipitation falls on an average of 48 days annually. Snow is a rarity; the heaviest snowfall at the airport was 2.2 inches (0.06 m) on January 21, 1962. The most rainfall recorded in Bakersfield was in an 18 hour period.
According to the text, about a third of the
According to the text, about a third of the
Evaluating:  46%|████▋     | 206/445 [06:58<09:01,  2.27s/it]The following generation flags are not valid and may be ignored: ['temperature', 'top_p']. Set `TRANSFORMERS_VERBOSITY=info` for more details.
According to the text, about a third of the
According to the text, about a third of the
According to the text, about a third of the
KMJ is now known as NBC affili
State Route 168 is also known as
Another name for State Route 168 is
State Route 168 is also known as
Another name for State Route 168 is
Evaluating:  47%|████▋     | 207/445 [07:00<08:35,  2.17s/it]The following generation flags are not valid and may be ignored: ['temperature', 'top_p']. Set `TRANSFORMERS_VERBOSITY=info` for more details.
Packet switching contrasts with another principal networking parad
Circuit switching is characterized by a fee per
Packet switching contrasts with circuit switching, a
Circuit switching is characterized by a fee per
Packet switching contrasts with circuit switching, a
Donald Davies developed the same message routing methodology
Donald Davies developed the same message routing methodology
Donald Davies developed the same message routing methodology
Evaluating:  47%|████▋     | 208/445 [07:02<07:43,  1.96s/it]The following generation flags are not valid and may be ignored: ['temperature', 'top_p']. Set `TRANSFORMERS_VERBOSITY=info` for more details.
Donald Davies developed the same message routing methodology
Each packet label includes the following information:
DECnet was originally designed to connect two P
DECnet originally connected two PDP-1
DECnet originally connected two PDP-1
(A) the world's first commercial online
Yes, the centers were profitable. According
There were two types of X.25 networks
Evaluating:  47%|████▋     | 209/445 [07:04<07:43,  1.96s/it]The following generation flags are not valid and may be ignored: ['temperature', 'top_p']. Set `TRANSFORMERS_VERBOSITY=info` for more details.
There were 7 kinds of X.25
There were originally 30 types of X.
There were originally two types of X.25
AUSTPAC was an Australian public X.
According to the passage, the plague infil
According to the passage, the plague infil
According to the passage, the plague infil
According to the passage, the plague reached Alexand
Evaluating:  47%|████▋     | 210/445 [07:05<07:30,  1.92s/it]The following generation flags are not valid and may be ignored: ['temperature', 'top_p']. Set `TRANSFORMERS_VERBOSITY=info` for more details.
According to Gasquet (1908),
According to Gasquet (1908),
According to Gasquet (1908),
Shrewsbury concluded that the reported rates of
Shrewsbury concluded that the reported rates of
According to the passage, Shrewsbury'
According to the passage, Shrewsbury'
Population estimates can be extrapolated from figures
Evaluating:  47%|████▋     | 211/445 [07:07<07:06,  1.82s/it]The following generation flags are not valid and may be ignored: ['temperature', 'top_p']. Set `TRANSFORMERS_VERBOSITY=info` for more details.
According to the passage, no census was undertaken
According to the passage, sceptics of the
According to the passage, sceptics of the
According to the passage, sceptics of the
Context: A variety of alternatives to the Y. pestis have been put forward. Twigg suggested that the cause was a form of anthrax, and Norman Cantor (2001) thought it may have been a combination of anthrax and other pandemics. Scott and Duncan have argued that the pandemic was a form of infectious disease that characterise as hemorrhagic plague similar to Ebola. Archaeologist Barney Sloane has argued that there is insufficient evidence of the extinction of a large number of rats in the archaeological record of the medieval waterfront in London and that the plague spread too quickly to support the thesis that the Y. pestis was spread from fleas on rats; he argues that transmission must have been person to person. However, no single alternative solution has achieved widespread acceptance. Many scholars arguing for the Y. pestis as the major agent of the pandemic suggest that its extent and symptoms can be explained by a combination of bubonic plague with other diseases, including typhus, smallpox and respiratory infections. In addition to the bubonic infection, others point to additional septicemic (a type of "blood poisoning") and pneumonic (an airborne plague that attacks the lungs before the rest of the body) forms of the plague, which lengthen the duration of outbreaks throughout the seasons and help account for its high mortality rate and additional recorded symptoms. In 2014, scientists with Public Health England announced the results of an examination of 25 bodies exhumed from the Clerkenwell area of London, as well as of wills registered in the area between 1665 and
Context: A variety of alternatives to the Y. pestis have been put forward. Twigg suggested that the cause was a form of anthrax, and Norman Cantor (2001) thought it may have been a combination of anthrax and other pandemics. Scott and Duncan have argued that the pandemic was a form of infectious disease that characterise as hemorrhagic plague similar to Ebola. Archaeologist Barney Sloane has argued that there is insufficient evidence of the extinction of a large number of rats in the archaeological record of the medieval waterfront in London and that the plague spread too quickly to support the thesis that the Y. pestis was spread from fleas on rats; he argues that transmission must have been person to person. However, no single alternative solution has achieved widespread acceptance. Many scholars arguing for the Y. pestis as the major agent of the pandemic suggest that its extent and symptoms can be explained by a combination of bubonic plague with other diseases, including typhus, smallpox and respiratory infections. In addition to the bubonic infection, others point to additional septicemic (a type of "blood poisoning") and pneumonic (an airborne plague that attacks the lungs before the rest of the body) forms of the plague, which lengthen the duration of outbreaks throughout the seasons and help account for its high mortality rate and additional recorded symptoms. In 2014, scientists with Public Health England announced the results of an examination of 25 bodies exhumed from the Clerkenwell area of London, as well as of wills registered in the area between 1665 and
Context: A variety of alternatives to the Y. pestis have been put forward. Twigg suggested that the cause was a form of anthrax, and Norman Cantor (2001) thought it may have been a combination of anthrax and other pandemics. Scott and Duncan have argued that the pandemic was a form of infectious disease that characterise as hemorrhagic plague similar to Ebola. Archaeologist Barney Sloane has argued that there is insufficient evidence of the extinction of a large number of rats in the archaeological record of the medieval waterfront in London and that the plague spread too quickly to support the thesis that the Y. pestis was spread from fleas on rats; he argues that transmission must have been person to person. However, no single alternative solution has achieved widespread acceptance. Many scholars arguing for the Y. pestis as the major agent of the pandemic suggest that its extent and symptoms can be explained by a combination of bubonic plague with other diseases, including typhus, smallpox and respiratory infections. In addition to the bubonic infection, others point to additional septicemic (a type of "blood poisoning") and pneumonic (an airborne plague that attacks the lungs before the rest of the body) forms of the plague, which lengthen the duration of outbreaks throughout the seasons and help account for its high mortality rate and additional recorded symptoms. In 2014, scientists with Public Health England announced the results of an examination of 25 bodies exhumed from the Clerkenwell area of London, as well as of wills registered in the area between 1665 and
Context: A variety of alternatives to the Y. pestis have been put forward. Twigg suggested that the cause was a form of anthrax, and Norman Cantor (2001) thought it may have been a combination of anthrax and other pandemics. Scott and Duncan have argued that the pandemic was a form of infectious disease that characterise as hemorrhagic plague similar to Ebola. Archaeologist Barney Sloane has argued that there is insufficient evidence of the extinction of a large number of rats in the archaeological record of the medieval waterfront in London and that the plague spread too quickly to support the thesis that the Y. pestis was spread from fleas on rats; he argues that transmission must have been person to person. However, no single alternative solution has achieved widespread acceptance. Many scholars arguing for the Y. pestis as the major agent of the pandemic suggest that its extent and symptoms can be explained by a combination of bubonic plague with other diseases, including typhus, smallpox and respiratory infections. In addition to the bubonic infection, others point to additional septicemic (a type of "blood poisoning") and pneumonic (an airborne plague that attacks the lungs before the rest of the body) forms of the plague, which lengthen the duration of outbreaks throughout the seasons and help account for its high mortality rate and additional recorded symptoms. In 2014, scientists with Public Health England announced the results of an examination of 25 bodies exhumed from the Clerkenwell area of London, as well as of wills registered in the area between 1665 and
Evaluating:  48%|████▊     | 212/445 [07:10<08:08,  2.10s/it]The following generation flags are not valid and may be ignored: ['temperature', 'top_p']. Set `TRANSFORMERS_VERBOSITY=info` for more details.
Context: A variety of alternatives to the Y. pestis have been put forward. Twigg suggested that the cause was a form of anthrax, and Norman Cantor (2001) thought it may have been a combination of anthrax and other pandemics. Scott and Duncan have argued that the pandemic was a form of infectious disease that characterise as hemorrhagic plague similar to Ebola. Archaeologist Barney Sloane has argued that there is insufficient evidence of the extinction of a large number of rats in the archaeological record of the medieval waterfront in London and that the plague spread too quickly to support the thesis that the Y. pestis was spread from fleas on rats; he argues that transmission must have been person to person. However, no single alternative solution has achieved widespread acceptance. Many scholars arguing for the Y. pestis as the major agent of the pandemic suggest that its extent and symptoms can be explained by a combination of bubonic plague with other diseases, including typhus, smallpox and respiratory infections. In addition to the bubonic infection, others point to additional septicemic (a type of "blood poisoning") and pneumonic (an airborne plague that attacks the lungs before the rest of the body) forms of the plague, which lengthen the duration of outbreaks throughout the seasons and help account for its high mortality rate and additional recorded symptoms. In 2014, scientists with Public Health England announced the results of an examination of 25 bodies exhumed from the Clerkenwell area of London, as well as of wills registered in the area between 1665 and
Context: A variety of alternatives to the Y. pestis have been put forward. Twigg suggested that the cause was a form of anthrax, and Norman Cantor (2001) thought it may have been a combination of anthrax and other pandemics. Scott and Duncan have argued that the pandemic was a form of infectious disease that characterise as hemorrhagic plague similar to Ebola. Archaeologist Barney Sloane has argued that there is insufficient evidence of the extinction of a large number of rats in the archaeological record of the medieval waterfront in London and that the plague spread too quickly to support the thesis that the Y. pestis was spread from fleas on rats; he argues that transmission must have been person to person. However, no single alternative solution has achieved widespread acceptance. Many scholars arguing for the Y. pestis as the major agent of the pandemic suggest that its extent and symptoms can be explained by a combination of bubonic plague with other diseases, including typhus, smallpox and respiratory infections. In addition to the bubonic infection, others point to additional septicemic (a type of "blood poisoning") and pneumonic (an airborne plague that attacks the lungs before the rest of the body) forms of the plague, which lengthen the duration of outbreaks throughout the seasons and help account for its high mortality rate and additional recorded symptoms. In 2014, scientists with Public Health England announced the results of an examination of 25 bodies exhumed from the Clerkenwell area of London, as well as of wills registered in the area between 1665 and
According to the passage, half of
Context: The most widely accepted estimate for the Middle East, including Iraq, Iran and Syria, during this time, is for a death rate of about a third. The Black Death killed about 40% of Egypt's population. Half of Paris's population of 100,000 people died. In Italy, the population of Florence was reduced from 110–120 thousand inhabitants in 1338 down to 50 thousand in 1351. At least 60% of the population of Hamburg and Bremen perished, and a similar percentage of Londoners may have died from the disease as well. Interestingly while contemporary reports account of mass burial pits being created in response to the large numbers of dead, recent scientific investigations of a burial pit in Central London found well-preserved individuals to be buried in isolated, evenly spaced graves, suggesting at least some pre-planning and Christian burials at this time. Before 1350, there were about 170,000 settlements in Germany, and this was reduced by nearly 40,000 by 1450. In 1348, the plague spread so rapidly that before any physicians or government authorities had time to reflect upon its origins, about a third of the European population had already perished. In crowded cities, it was not uncommon for as much as 50% of the population to die. The disease bypassed some areas, and the most isolated areas were less vulnerable to contagion. Monks and priests were especially hard hit since they cared for victims of the Black Death. Half of Paris's population of 600000 people was killed by the plague.
Context: The most widely accepted estimate for the Middle East, including Iraq, Iran and Syria, during this time, is for a death rate of about a third. The Black Death killed about 40% of Egypt's population. Half of Paris's population of 100,000 people died. In Italy, the population of Florence was reduced from 110–120 thousand inhabitants in 1338 down to 50 thousand in 1351. At least 60% of the population of Hamburg and Bremen perished, and a similar percentage of Londoners may have died from the disease as well. Interestingly while contemporary reports account of mass burial pits being created in response to the large numbers of dead, recent scientific investigations of a burial pit in Central London found well-preserved individuals to be buried in isolated, evenly spaced graves, suggesting at least some pre-planning and Christian burials at this time. Before 1350, there were about 170,000 settlements in Germany, and this was reduced by nearly 40,000 by 1450. In 1348, the plague spread so rapidly that before any physicians or government authorities had time to reflect upon its origins, about a third of the European population had already perished. In crowded cities, it was not uncommon for as much as 50% of the population to die. The disease bypassed some areas, and the most isolated areas were less vulnerable to contagion. Monks and priests were especially hard hit since they cared for victims of the Black Death. The plague killed half of London's population.
Context: The most widely accepted estimate for the Middle East, including Iraq, Iran and Syria, during this time, is for a death rate of about a third. The Black Death killed about 40% of Egypt's population. Half of Paris's population of 100,000 people died. In Italy, the population of Florence was reduced from 110–120 thousand inhabitants in 1338 down to 50 thousand in 1351. At least 60% of the population of Hamburg and Bremen perished, and a similar percentage of Londoners may have died from the disease as well. Interestingly while contemporary reports account of mass burial pits being created in response to the large numbers of dead, recent scientific investigations of a burial pit in Central London found well-preserved individuals to be buried in isolated, evenly spaced graves, suggesting at least some pre-planning and Christian burials at this time. Before 1350, there were about 170,000 settlements in Germany, and this was reduced by nearly 40,000 by 1450. In 1348, the plague spread so rapidly that before any physicians or government authorities had time to reflect upon its origins, about a third of the European population had already perished. In crowded cities, it was not uncommon for as much as 50% of the population to die. The disease bypassed some areas, and the most isolated areas were less vulnerable to contagion. Monks and priests were especially hard hit since they cared for victims of the Black Death. Half of Paris's and London's population was killed by the plague.
Historians proposed a range of population figures for
Historians proposed a range of population figures in the
Evaluating:  48%|████▊     | 213/445 [07:13<08:51,  2.29s/it]The following generation flags are not valid and may be ignored: ['temperature', 'top_p']. Set `TRANSFORMERS_VERBOSITY=info` for more details.
Historians proposed a range of preincident population
Historians proposed a range of preincident population
Historians proposed a range of preincident population
According to the passage, the last plague out
Seismologists use shear waves and body
The outermost layer of the Earth, according to
In the layered model of the Earth, se
Seismologists use shear waves and body
Evaluating:  48%|████▊     | 214/445 [07:15<09:11,  2.39s/it]The following generation flags are not valid and may be ignored: ['temperature', 'top_p']. Set `TRANSFORMERS_VERBOSITY=info` for more details.
Seismologists use shear waves and body
The outermost layer of the Earth, according to
The outermost layer of the Earth, according to
The outermost layer of the Earth's layer
The outermost layer of the Earth, according to
In the layered model of the Earth, the
In the layered model of the Earth, se
In the layered model of the Earth, there
Evaluating:  48%|████▊     | 215/445 [07:17<08:36,  2.24s/it]The following generation flags are not valid and may be ignored: ['temperature', 'top_p']. Set `TRANSFORMERS_VERBOSITY=info` for more details.
In the layered model of the Earth, there
In the layered model of the Earth, there
In the layered model of the Earth, se
The second timeline is needed to show the most
Gravel.
The absolute isotopic date is applied to
The absolute isotopic date applied to is
The absolute isotopic date applied to d
Evaluating:  49%|████▊     | 216/445 [07:19<08:11,  2.14s/it]The following generation flags are not valid and may be ignored: ['temperature', 'top_p']. Set `TRANSFORMERS_VERBOSITY=info` for more details.
The absolute isotopic date is applied to
In the passage, it is stated that "pre
In the passage, it is stated that "pre
Rock extension is primarily caused by normal faulting and
The Hawaiian Islands are made up almost entirely of
The Hawaiian Islands are made up almost entirely of
The Hawaiian Islands are made up almost entirely of
The Hawaiian Islands are made up almost entirely of
Evaluating:  49%|████▉     | 217/445 [07:21<08:31,  2.24s/it]The following generation flags are not valid and may be ignored: ['temperature', 'top_p']. Set `TRANSFORMERS_VERBOSITY=info` for more details.
The Hawaiian Islands are made up almost entirely of
The Hawaiian Islands are made up almost entirely of
According to the passage, petrologists use
Numerical models are generally more sophistic
Numerical models are more sophisticated
Numerical models are more sophisticated
Numerical models are more sophisticated
Numerical models are more sophisticated
Evaluating:  49%|████▉     | 218/445 [07:24<08:44,  2.31s/it]The following generation flags are not valid and may be ignored: ['temperature', 'top_p']. Set `TRANSFORMERS_VERBOSITY=info` for more details.
According to the text, Newcastle is 8
The regional nickname for Newcastle and its surrounding
According to the text, Newcastle is 8
According to the text, Newcastle is 8
According to the text, Newcastle is 8
According to the text, Newcastle is 8
According to the text, Newcastle is 8
The regional nickname for Newcastle and its surrounding
Evaluating:  49%|████▉     | 219/445 [07:26<08:46,  2.33s/it]The following generation flags are not valid and may be ignored: ['temperature', 'top_p']. Set `TRANSFORMERS_VERBOSITY=info` for more details.
The regional nickname for Newcastle and its surrounding
Hadrian's Wall.
Hadrian's Wall.
Hadrian's Wall.
Hadrian's Wall.
Hadrian's Wall.
Hadrian's Wall.
According to the passage, approximately 7,0
Evaluating:  49%|████▉     | 220/445 [07:29<08:46,  2.34s/it]The following generation flags are not valid and may be ignored: ['temperature', 'top_p']. Set `TRANSFORMERS_VERBOSITY=info` for more details.
According to the passage, approximately 7,0
According to the passage, approximately 7,0
Stairs from the riverside to higher parts of
House of Tides is a restaurant situated at a
The House of Tides is a restaurant situated at
The House of Tides is a restaurant situated at
House of Tides is a restaurant situated at a
The neoclassical centre of Newcastle,
Evaluating:  50%|████▉     | 221/445 [07:31<08:14,  2.21s/it]The following generation flags are not valid and may be ignored: ['temperature', 'top_p']. Set `TRANSFORMERS_VERBOSITY=info` for more details.
Richard Grainger was actively building and developing Gra
Richard Grainger was actively building and developing between
According to the passage, Richard Grainger was act
According to the passage, Richard Grainger was act
According to the passage, Richard Grainger was act
Richard Grainger was actively building and developing between
According to the passage, 2000
According to the passage, 2000
Evaluating:  50%|████▉     | 222/445 [07:32<07:45,  2.09s/it]The following generation flags are not valid and may be ignored: ['temperature', 'top_p']. Set `TRANSFORMERS_VERBOSITY=info` for more details.
According to the passage, 2000
Gosforth and Byker are the largest
Gosforth and Byker are the largest
Gosforth and Byker are the largest
Gosforth and Byker are the largest
According to the text, the proportion of shared and
The dwelling type is below a handful of
According to the text, the proportion of shared and
Evaluating:  50%|█████     | 223/445 [07:34<07:23,  2.00s/it]The following generation flags are not valid and may be ignored: ['temperature', 'top_p']. Set `TRANSFORMERS_VERBOSITY=info` for more details.
According to the passage, the proportion of shared and
According to the passage, the proportion of shared and
According to the passage, the proportion of shared and
According to the passage, the average age of people
According to the text, the average age of people
According to the text, the average age of people
According to the passage, the average age of people
The Anglo-Saxon populations.
Evaluating:  50%|█████     | 224/445 [07:36<07:29,  2.04s/it]The following generation flags are not valid and may be ignored: ['temperature', 'top_p']. Set `TRANSFORMERS_VERBOSITY=info` for more details.
Jeff Dean.
According to the passage, the Royal Shakespeare Company has
NewcastleGateshead was voted as the arts
The Royal Shakespeare Company has been hosted at the Theatre
According to the passage, the Royal Shakespeare Company has
According to the passage, the Royal Shakespeare Company has
According to the passage, the Royal Shakespeare Company has
NewcastleGateshead was voted as the arts
Evaluating:  51%|█████     | 225/445 [07:39<07:47,  2.12s/it]The following generation flags are not valid and may be ignored: ['temperature', 'top_p']. Set `TRANSFORMERS_VERBOSITY=info` for more details.
NewcastleGateshead was voted as the arts
NewcastleGateshead was voted as the arts
Sting starred in Stormy Monday.
According to the passage, the famous musician who
According to the passage, the famous musician who
The famous musician who starred in Stormy
The famous musician who starred in Stormy
The famous musician who starred in Stormy
Evaluating:  51%|█████     | 226/445 [07:40<07:22,  2.02s/it]The following generation flags are not valid and may be ignored: ['temperature', 'top_p']. Set `TRANSFORMERS_VERBOSITY=info` for more details.
Queen Victoria opened the first covered railway station in the
Queen Victoria.
Queen Victoria.
Trains journey to King's Cross half-
Trains journey to King's Cross half-
Trains journey to King's Cross half-
Trains journey to King's Cross half-
Trains journey to King's Cross half-
Evaluating:  51%|█████     | 227/445 [07:42<07:04,  1.95s/it]The following generation flags are not valid and may be ignored: ['temperature', 'top_p']. Set `TRANSFORMERS_VERBOSITY=info` for more details.
Queen Elizabeth II opened a bridge across the Tyne
Queen Elizabeth II opened a bridge across the Tyne
Queen Elizabeth II opened a bridge across the Tyne
Queen Elizabeth II opened the Tyne Bridge, a
Queen Elizabeth II opened the Tyne Bridge, a
The replacement of the ticket machines and introduction of ticket
According to the passage, the DFDS fer
According to the passage, the DFDS fer
Evaluating:  51%|█████     | 228/445 [07:44<07:13,  2.00s/it]The following generation flags are not valid and may be ignored: ['temperature', 'top_p']. Set `TRANSFORMERS_VERBOSITY=info` for more details.
According to the passage, the DFDS fer
According to the passage, the DFDS fer
According to the passage, the DFDS fer
Newcastle University won the Sunday Times University of the
Newcastle University won the Sunday Times University of the
According to the passage, Newcastle University won the
According to the passage, Newcastle University won the
All three cathedrals in Newcastle began
Evaluating:  51%|█████▏    | 229/445 [07:46<07:07,  1.98s/it]The following generation flags are not valid and may be ignored: ['temperature', 'top_p']. Set `TRANSFORMERS_VERBOSITY=info` for more details.
According to the passage, all three cathedr
According to the passage, all three cathedr
All three cathedrals in Newcastle began
All three cathedrals in Newcastle began
Thailand.
Thailand.
Thailand.
Thailand.
Evaluating:  52%|█████▏    | 230/445 [07:49<07:32,  2.11s/it]The following generation flags are not valid and may be ignored: ['temperature', 'top_p']. Set `TRANSFORMERS_VERBOSITY=info` for more details.
Thailand.
Thailand.
The museum is named for Queen Victoria and Prince Albert
The V&A's collections represent cultures
The V&A's youth outreach
Context: An ambitious scheme of decoration was developed for these new areas: a series of mosaic figures depicting famous European artists of the Medieval and Renaissance period. These have now been removed to other areas of the museum. Also started were a series of frescoes by Lord Leighton: Industrial Arts as Applied to War 1878–1880 and Industrial Arts Applied to Peace, which was started but never finished. To the east of this were additional galleries, the decoration of which was the work of another designer Owen Jones, these were the Oriental Courts (covering India, China and Japan) completed in 1863, none of this decoration survives, part of these galleries became the new galleries covering the 19th century, opened in December 2006. The last work by Fowke was the design for the range of buildings on the north and west sides of the garden, this includes the refreshment rooms, reinstated as the Museum Café in 2006, with the silver gallery above, (at the time the ceramics gallery), the top floor has a splendid lecture theatre although this is seldom open to the general public. The ceramic staircase in the northwest corner of this range of buildings was designed by F. W. Moody and has architectural details of moulded and coloured pottery. All the work on the north range was designed and built in 1864–69. The style adopted for this part of the museum was Italian Renaissance, much use was made of terracotta, brick and mosaic, this north façade was intended as the main entrance to the museum with its bronze doors designed by James Gamble & Reuben Townroe.
The Henry Cole Wing was previously called the School for
The Henry Cole Wing was previously called the School for
Evaluating:  52%|█████▏    | 231/445 [07:51<08:11,  2.30s/it]The following generation flags are not valid and may be ignored: ['temperature', 'top_p']. Set `TRANSFORMERS_VERBOSITY=info` for more details.
The Henry Cole Wing was previously called the Edward Wright
The Henry Cole Wing was previously called the School for
The Henry Cole Wing was previously called the School for
A new entrance building was constructed on the site of
Context: In the immediate post-war years there was little money available for other than essential repairs. The 1950s and early 1960s saw little in the way of building work; the first major work was the creation of new storage space for books in the Art Library in 1966 and 1967. This involved flooring over Aston Webb's main hall to form the book stacks, with a new medieval gallery on the ground floor (now the shop, opened in 2006). Then the lower ground-floor galleries in the south-west part of the museum were redesigned, opening in 1978 to form the new galleries covering Continental art 1600–1800 (late Renaissance, Baroque through Rococo and neo-Classical). In 1974 the museum had acquired what is now the Henry Cole wing from the Royal College of Science. In order to adapt the building as galleries, all the Victorian interiors except for the staircase were recast during the remodelling. To link this to the rest of the museum, a new entrance building was constructed on the site of the former boiler house, the intended site of the Spiral, between 1978 and 1982. This building is of concrete and very functional, the only embellishment being the iron gates by Christopher Hay and Douglas Coyne of the Royal College of Art. These are set in the columned screen wall designed by Aston Webb that forms the façade. A building was constructed between 1977 and 1981 to link the Edward Wright wing to the rest of the museum.
Context: In the immediate post-war years there was little money available for other than essential repairs. The 1950s and early 1960s saw little in the way of building work; the first major work was the creation of new storage space for books in the Art Library in 1966 and 1967. This involved flooring over Aston Webb's main hall to form the book stacks, with a new medieval gallery on the ground floor (now the shop, opened in 2006). Then the lower ground-floor galleries in the south-west part of the museum were redesigned, opening in 1978 to form the new galleries covering Continental art 1600–1800 (late Renaissance, Baroque through Rococo and neo-Classical). In 1974 the museum had acquired what is now the Henry Cole wing from the Royal College of Science. In order to adapt the building as galleries, all the Victorian interiors except for the staircase were recast during the remodelling. To link this to the rest of the museum, a new entrance building was constructed on the site of the former boiler house, the intended site of the Spiral, between 1978 and 1982. This building is of concrete and very functional, the only embellishment being the iron gates by Christopher Hay and Douglas Coyne of the Royal College of Art. These are set in the columned screen wall designed by Aston Webb that forms the façade. A hamster was constructed between 1977 and 1981 to link the Edward Wright wing to the rest of the museum.
Context: In the immediate post-war years there was little money available for other than essential repairs. The 1950s and early 1960s saw little in the way of building work; the first major work was the creation of new storage space for books in the Art Library in 1966 and 1967. This involved flooring over Aston Webb's main hall to form the book stacks, with a new medieval gallery on the ground floor (now the shop, opened in 2006). Then the lower ground-floor galleries in the south-west part of the museum were redesigned, opening in 1978 to form the new galleries covering Continental art 1600–1800 (late Renaissance, Baroque through Rococo and neo-Classical). In 1974 the museum had acquired what is now the Henry Cole wing from the Royal College of Science. In order to adapt the building as galleries, all the Victorian interiors except for the staircase were recast during the remodelling. To link this to the rest of the museum, a new entrance building was constructed on the site of the former boiler house, the intended site of the Spiral, between 1978 and 1982. This building is of concrete and very functional, the only embellishment being the iron gates by Christopher Hay and Douglas Coyne of the Royal College of Art. These are set in the columned screen wall designed by Aston Webb that forms the façade. A hallway was added between 1977 and 1981 to link the Edward Wright wing to the rest of the musuem.
Context: In the immediate post-war years there was little money available for other than essential repairs. The 1950s and early 1960s saw little in the way of building work; the first major work was the creation of new storage space for books in the Art Library in 1966 and 1967. This involved flooring over Aston Webb's main hall to form the book stacks, with a new medieval gallery on the ground floor (now the shop, opened in 2006). Then the lower ground-floor galleries in the south-west part of the museum were redesigned, opening in 1978 to form the new galleries covering Continental art 1600–1800 (late Renaissance, Baroque through Rococo and neo-Classical). In 1974 the museum had acquired what is now the Henry Cole wing from the Royal College of Science. In order to adapt the building as galleries, all the Victorian interiors except for the staircase were recast during the remodelling. To link this to the rest of the museum, a new entrance building was constructed on the site of the former boiler house, the intended site of the Spiral, between 1978 and 1982. This building is of concrete and very functional, the only embellishment being the iron gates by Christopher Hay and Douglas Coyne of the Royal College of Art. These are set in the columned screen wall designed by Aston Webb that forms the façade. A walkway was constructed between 1977 and 1981 to link the Edward Wright wing to the rest of the museum.
Evaluating:  52%|█████▏    | 232/445 [07:54<08:37,  2.43s/it]The following generation flags are not valid and may be ignored: ['temperature', 'top_p']. Set `TRANSFORMERS_VERBOSITY=info` for more details.
Context: In the immediate post-war years there was little money available for other than essential repairs. The 1950s and early 1960s saw little in the way of building work; the first major work was the creation of new storage space for books in the Art Library in 1966 and 1967. This involved flooring over Aston Webb's main hall to form the book stacks, with a new medieval gallery on the ground floor (now the shop, opened in 2006). Then the lower ground-floor galleries in the south-west part of the museum were redesigned, opening in 1978 to form the new galleries covering Continental art 1600–1800 (late Renaissance, Baroque through Rococo and neo-Classical). In 1974 the museum had acquired what is now the Henry Cole wing from the Royal College of Science. In order to adapt the building as galleries, all the Victorian interiors except for the staircase were recast during the remodelling. To link this to the rest of the museum, a new entrance building was constructed on the site of the former boiler house, the intended site of the Spiral, between 1978 and 1982. This building is of concrete and very functional, the only embellishment being the iron gates by Christopher Hay and Douglas Coyne of the Royal College of Art. These are set in the columned screen wall designed by Aston Webb that forms the façade. A bridge was constructed between 1977 and 1981 to link the Edward Wright wing to the rest of the museum.
The redesigned central garden opened as the John
The redesigned central garden opened in 2
The redesigned central garden opened in 2
The redesigned central garden opened as the John
The redesigned central garden opened in 2
The RIBA's drawing collection of Andrea
The RIBA's drawing collection of Andrea
Evaluating:  52%|█████▏    | 233/445 [07:57<08:54,  2.52s/it]The following generation flags are not valid and may be ignored: ['temperature', 'top_p']. Set `TRANSFORMERS_VERBOSITY=info` for more details.
The RIBA's drawing collection of Andrea
The RIBA's drawing collection of Andrea
The RIBA's drawing collection of Andrea
The RIBA's drawing collection of Andrea
The Jameel Gallery of Islamic Art opened
The Jameel Gallery of Islamic Art opened
The Jameel Gallery of Islamic Art opened
The Jameel Gallery of Islamic Art opened
Evaluating:  53%|█████▎    | 234/445 [07:59<08:58,  2.55s/it]The following generation flags are not valid and may be ignored: ['temperature', 'top_p']. Set `TRANSFORMERS_VERBOSITY=info` for more details.
The Jameel Gallery of Islamic Art opened
According to the passage, some of the combs
Some of the combs in the V&A
According to the passage, the National Art Library used
According to the passage, the National Art Library used
According to the passage, the National Art Library used
The V&A's Word and Image Department
The V&A's Word and Image Department
Evaluating:  53%|█████▎    | 235/445 [08:02<09:10,  2.62s/it]The following generation flags are not valid and may be ignored: ['temperature', 'top_p']. Set `TRANSFORMERS_VERBOSITY=info` for more details.
The V&A's Word and Image Department
The V&A's Word and Image Department
The Trajan's Column replica was cut
The Trajan's Column replica was cut
The Trajan's Column replica was cut
The Trajan's Column replica was cut
The Trajan's Column replica was cut
The Meissen Vulture in the V&A
Evaluating:  53%|█████▎    | 236/445 [08:05<09:07,  2.62s/it]The following generation flags are not valid and may be ignored: ['temperature', 'top_p']. Set `TRANSFORMERS_VERBOSITY=info` for more details.
The Salting Bequest enriched the museum
According to the passage, the Meissen Vulture
According to the passage, the Meissen Vulture
According to the passage, the Meissen Vulture
The Meissen Vulture in the V&A
The earliest item in the V&A glass collection
The V&A collection includes approximately 10
According to the passage, the V&A collection
Evaluating:  53%|█████▎    | 237/445 [08:07<08:51,  2.56s/it]The following generation flags are not valid and may be ignored: ['temperature', 'top_p']. Set `TRANSFORMERS_VERBOSITY=info` for more details.
According to the passage, the V&A collection
The V&A received the Talbot Hughes
The V&A received the Talbot Hughes
The V&A received the Talbot Hughes
The V&A acquired the Costiff collection of
The V&A acquired the Costiff collection in
According to the passage, the Antwerp City Hall
According to the passage, the Antwerp City Hall
Evaluating:  53%|█████▎    | 238/445 [08:09<08:23,  2.43s/it]The following generation flags are not valid and may be ignored: ['temperature', 'top_p']. Set `TRANSFORMERS_VERBOSITY=info` for more details.
According to the passage, the Antwerp City Hall
According to the passage, the Antwerp City Hall
According to the passage, the Antwerp City Hall
The Antwerp City Hall doors in the V&
Context: There are over 10,000 objects made from silver or gold in the collection, the display (about 15% of the collection) is divided into secular and sacred covering both Christian (Roman Catholic, Anglican and Greek Orthodox) and Jewish liturgical vessels and items. The main silver gallery is divided into these areas: British silver pre-1800; British silver 1800 to 1900; modernist to contemporary silver; European silver. The collection includes the earliest known piece of English silver with a dated hallmark, a silver gilt beaker dated 1496–97. Silversmiths' whose work is represented in the collection include Paul de Lamerie and Paul Storr whose Castlereagh Inkstand dated 1817–19 is one of his finest works. The main iron work gallery covers European wrought and cast iron from the mediaeval period to the early 20th century. The master of wrought ironwork Jean Tijou is represented by both examples of his work and designs on paper. One of the largest items is the Hereford Screen, weighing nearly 8 tonnes, 10.5 metres high and 11 metres wide, designed by Sir George Gilbert Scott in 1862 for the chancel in Hereford Cathedral, from which it was removed in 1967. It was made by Skidmore & Company. Its structure of timber and cast iron is embellished with wrought iron, burnished brass and copper. Much of the copper and ironwork is painted in a wide range of colours. The arches and columns are decorated with polished quartz and panels of mosaic.
Context: There are over 10,000 objects made from silver or gold in the collection, the display (about 15% of the collection) is divided into secular and sacred covering both Christian (Roman Catholic, Anglican and Greek Orthodox) and Jewish liturgical vessels and items. The main silver gallery is divided into these areas: British silver pre-1800; British silver 1800 to 1900; modernist to contemporary silver; European silver. The collection includes the earliest known piece of English silver with a dated hallmark, a silver gilt beaker dated 1496–97. Silversmiths' whose work is represented in the collection include Paul de Lamerie and Paul Storr whose Castlereagh Inkstand dated 1817–19 is one of his finest works. The main iron work gallery covers European wrought and cast iron from the mediaeval period to the early 20th century. The master of wrought ironwork Jean Tijou is represented by both examples of his work and designs on paper. One of the largest items is the Hereford Screen, weighing nearly 8 tonnes, 10.5 metres high and 11 metres wide, designed by Sir George Gilbert Scott in 1862 for the chancel in Hereford Cathedral, from which it was removed in 1967. It was made by Skidmore & Company. Its structure of timber and cast iron is embellished with wrought iron, burnished brass and copper. Much of the copper and ironwork is painted in a wide range of colours. The arches and columns are decorated with polished quartz and panels of mosaic. The Sheldon Tapestry, a 15
The Animal Locomotion photographs capture images of
The Animal Locomotion photographs capture images of
Evaluating:  54%|█████▎    | 239/445 [08:12<08:40,  2.53s/it]The following generation flags are not valid and may be ignored: ['temperature', 'top_p']. Set `TRANSFORMERS_VERBOSITY=info` for more details.
The Animal Locomotion photographs capture images of
Rodin's works were given to the V
Rodin's works were given to the V
Rodin's works were given to the V
Rodin's works were given to the V
The new sculpture galleries now encompass
The new sculpture galleries now encompass
According to the passage, the new sculpture gall
Evaluating:  54%|█████▍    | 240/445 [08:14<08:11,  2.40s/it]The following generation flags are not valid and may be ignored: ['temperature', 'top_p']. Set `TRANSFORMERS_VERBOSITY=info` for more details.
The new sculpture galleries now encompass
The rug designed by Serge Chermayeff is
Jeff Dean.
Jeff Dean.
Jeff Dean.
ABC was originally launched as a radio network in
ABC was originally a radio network when it first launched
When ABC first began, it was a radio network
Evaluating:  54%|█████▍    | 241/445 [08:16<07:51,  2.31s/it]The following generation flags are not valid and may be ignored: ['temperature', 'top_p']. Set `TRANSFORMERS_VERBOSITY=info` for more details.
ABC was originally a radio network when it first began
ABC was originally launched as a radio network in
ABC News provides content for radio stations owned by Cit
ABC News provides content for radio stations owned by Cit
ABC news provides content for radio stations owned by Cit
NBC Red tested drama series.
NBC Red tested drama series.
NBC Red tested drama series.
Evaluating:  54%|█████▍    | 242/445 [08:18<07:26,  2.20s/it]The following generation flags are not valid and may be ignored: ['temperature', 'top_p']. Set `TRANSFORMERS_VERBOSITY=info` for more details.
NBC Red tested drama series.
According to the passage, NBC Red tested drama
According to the passage, the main radio network in
According to the passage, the main radio network in
According to the passage, the main radio network in
According to the passage, the main radio network in
The Edge of Night.
The Edge of Night.
Evaluating:  55%|█████▍    | 243/445 [08:21<07:29,  2.23s/it]The following generation flags are not valid and may be ignored: ['temperature', 'top_p']. Set `TRANSFORMERS_VERBOSITY=info` for more details.
The Edge of Night.
ABC aired the last nine years of the Pro
According to the passage, Boston had only two television
According to the passage, Boston had only two television
The FCC's sixth report and order was
The FCC's sixth report and order was
The FCC's sixth report and order was
The FCC's sixth report and order was
Evaluating:  55%|█████▍    | 244/445 [08:23<07:47,  2.33s/it]The following generation flags are not valid and may be ignored: ['temperature', 'top_p']. Set `TRANSFORMERS_VERBOSITY=info` for more details.
ABC began making family-oriented series in the
According to the passage, ABC began making family-
ABC began making family-oriented series in the
According to the passage, ABC began making family-
According to the passage, NBC approached Walt
ABC resumed its television relationship with Disney in
NBC.
NBC.
Evaluating:  55%|█████▌    | 245/445 [08:25<07:34,  2.27s/it]The following generation flags are not valid and may be ignored: ['temperature', 'top_p']. Set `TRANSFORMERS_VERBOSITY=info` for more details.
NBC.
NBC.
NBC.
ABC resumed its television relationship with Disney in
ABC resumed its television relationship with Disney in
ABC resumed its television relationship with Disney in
ABC resumed its television relationship with Disney in
The 2001 ABC logo was black
Evaluating:  55%|█████▌    | 246/445 [08:27<07:24,  2.23s/it]The following generation flags are not valid and may be ignored: ['temperature', 'top_p']. Set `TRANSFORMERS_VERBOSITY=info` for more details.
The 2001 ABC logo was black
The 2001 ABC logo was black
The letters in the iconic ABC logo are rem
The letters in the iconic ABC logo are rem
The letters in the iconic ABC logo are rem
The letters in the iconic ABC logo are rem
According to the passage, the entity that was rum
According to the passage, the entity rumored to
Evaluating:  56%|█████▌    | 247/445 [08:29<06:48,  2.06s/it]The following generation flags are not valid and may be ignored: ['temperature', 'top_p']. Set `TRANSFORMERS_VERBOSITY=info` for more details.
According to the passage, the entity rumored to
According to the passage, the entity rumored to
According to the passage, the entity rumored to
According to the passage, the entity that was rum
Anne Sweeney was named president of Disney-
Anne Sweeney was named president of Disney-
Anne Sweeney was named president of Disney-
Context: On July 31, 1995, The Walt Disney Company announced an agreement to merge with Capital Cities/ABC for $19 billion. Disney shareholders approved the merger at a special conference in New York City on January 4, 1996, with the acquisition of Capital Cities/ABC being completed on February 9; following the sale, Disney renamed its new subsidiary ABC Inc. In addition to the ABC network, the Disney acquisition integrated ABC's ten owned-and-operated television and 21 radio stations; its 80% interest in ESPN, ownership interests in The History Channel, A&E Television Networks, and Lifetime Entertainment; and Capital Cities/ABC's magazine and newspaper properties into the company. As FCC ownership rules forbade the company from keeping both it and KABC-TV, Disney sold Los Angeles independent station KCAL-TV to Young Broadcasting for $387 million. On April 4, Disney sold the four newspapers that ABC had controlled under Capital Cities to Knight Ridder for $1.65 billion. Following the merger, Thomas S. Murphy left ABC with Robert Iger taking his place as president and CEO. Around the time of the merger, Disney's television production units had already produced series for the network such as Home Improvement and Boy Meets World, while the deal also allowed ABC access to Disney's children's programming library for its Saturday morning block. In 1998, ABC premiered the Aaron Sorkin-created sitcom Sports Night, centering on the travails of the staff of a SportsCenter-style sports news program; despite earning critical praise and multiple Emmy Awards, the series was cancelled after four seasons due to low ratings.
Evaluating:  56%|█████▌    | 248/445 [08:32<07:26,  2.26s/it]The following generation flags are not valid and may be ignored: ['temperature', 'top_p']. Set `TRANSFORMERS_VERBOSITY=info` for more details.
Context: On July 31, 1995, The Walt Disney Company announced an agreement to merge with Capital Cities/ABC for $19 billion. Disney shareholders approved the merger at a special conference in New York City on January 4, 1996, with the acquisition of Capital Cities/ABC being completed on February 9; following the sale, Disney renamed its new subsidiary ABC Inc. In addition to the ABC network, the Disney acquisition integrated ABC's ten owned-and-operated television and 21 radio stations; its 80% interest in ESPN, ownership interests in The History Channel, A&E Television Networks, and Lifetime Entertainment; and Capital Cities/ABC's magazine and newspaper properties into the company. As FCC ownership rules forbade the company from keeping both it and KABC-TV, Disney sold Los Angeles independent station KCAL-TV to Young Broadcasting for $387 million. On April 4, Disney sold the four newspapers that ABC had controlled under Capital Cities to Knight Ridder for $1.65 billion. Following the merger, Thomas S. Murphy left ABC with Robert Iger taking his place as president and CEO. Around the time of the merger, Disney's television production units had already produced series for the network such as Home Improvement and Boy Meets World, while the deal also allowed ABC access to Disney's children's programming library for its Saturday morning block. In 1998, ABC premiered the Aaron Sorkin-created sitcom Sports Night, centering on the travails of the staff of a SportsCenter-style sports news program; despite earning critical praise and multiple Emmy Awards, the series was cancelled after four seasons due to low ratings.
Cheyenne.
Cheyenne.
Cheyenne.
Cheyenne.
Cheyenne.
According to the passage, the ban on cigaret
Fred Silverman left ABC to become president of N
Evaluating:  56%|█████▌    | 249/445 [08:35<07:51,  2.41s/it]The following generation flags are not valid and may be ignored: ['temperature', 'top_p']. Set `TRANSFORMERS_VERBOSITY=info` for more details.
Charlies Angels and Three's Company are
Fred Silverman left ABC to become president of N
Fred Silverman left ABC to become president of N
Fred Silverman left ABC to become president of N
Fred Silverman left ABC to become president of N
Fred Silverman left ABC to become president of N
Charlies Angels and Three's Company are
Charlies Angels and Three's Company are
Evaluating:  56%|█████▌    | 250/445 [08:37<07:24,  2.28s/it]The following generation flags are not valid and may be ignored: ['temperature', 'top_p']. Set `TRANSFORMERS_VERBOSITY=info` for more details.
Charlies Angels and Three's Company are
Charlies Angels and Three's Company are
Charlies Angels and Three's Company are
iTunes.
iTunes.
iTunes.
iTunes.
Disney–ABC Domestic Television (formerly known
Evaluating:  56%|█████▋    | 251/445 [08:39<07:02,  2.18s/it]The following generation flags are not valid and may be ignored: ['temperature', 'top_p']. Set `TRANSFORMERS_VERBOSITY=info` for more details.
Disney-ABC International Television was previously known as Bu
Disney–ABC Domestic Television (formerly known
Disney–ABC Domestic Television (formerly known
Disney–ABC Domestic Television (formerly known
Disney-ABC International Television was previously known as Bu
According to the passage, the only drama extended for
The only drama extended for a second season for the
Body of Proof.
Evaluating:  57%|█████▋    | 252/445 [08:40<06:44,  2.10s/it]The following generation flags are not valid and may be ignored: ['temperature', 'top_p']. Set `TRANSFORMERS_VERBOSITY=info` for more details.
The only drama extended for a second season for the
Body of Proof.
The only drama extended for a second season for the
Daniel Burke departed as president of Capital C
Daniel Burke departed as president of Capital C
Daniel Burke departed as president of Capital C
Daniel Burke departed as president of Capital C
Daniel Burke departed as president of Capital C
Evaluating:  57%|█████▋    | 253/445 [08:42<06:31,  2.04s/it]The following generation flags are not valid and may be ignored: ['temperature', 'top_p']. Set `TRANSFORMERS_VERBOSITY=info` for more details.
Leonard Goldenson offered to acquire a 2
The project that Leonard Goldenson offered to invest in
Leonard Goldenson offered to invest in the LST
Leonard Goldenson offered to invest in the LST
Leonard Goldenson offered to invest in the establishment of
Wide World of Sports.
The resulting channel of the ARTS merger was
The resulting channel of the ARTS merger was
Evaluating:  57%|█████▋    | 254/445 [08:45<06:44,  2.12s/it]The following generation flags are not valid and may be ignored: ['temperature', 'top_p']. Set `TRANSFORMERS_VERBOSITY=info` for more details.
The resulting channel of the ARTS merger was
The two talk shows currently featured during daytime programming
The two talk shows currently featured during daytime programming
The two talk shows currently featured during daytime programming
The two talk shows currently featured during daytime programming
The two talk shows currently featured during daytime programming
The two talk shows currently featured during daytime programming
The ABC Television Center, East, is located in
Evaluating:  57%|█████▋    | 255/445 [08:47<06:52,  2.17s/it]The following generation flags are not valid and may be ignored: ['temperature', 'top_p']. Set `TRANSFORMERS_VERBOSITY=info` for more details.
The ABC Television Center, East, is located in
ABC Television Center, East.
The ABC Television Center, East, is located in
Peter Jennings anchored ABC's World News
Peter Jennings anchored World News Tonight for
Peter Jennings anchored ABC's World News
Peter Jennings anchored the ABC News program World
Peter Jennings anchored ABC's World News
Evaluating:  58%|█████▊    | 256/445 [08:49<06:18,  2.00s/it]The following generation flags are not valid and may be ignored: ['temperature', 'top_p']. Set `TRANSFORMERS_VERBOSITY=info` for more details.
Peter Jennings anchored World News Tonight for
ABC Modern.
The new custom typeface created for ABC is called
The new custom typeface created for ABC is called
The new custom typeface created for ABC is called
The Untouchables debuted on ABC in
The Untouchables debuted on ABC in
The Untouchables debuted on ABC in
Evaluating:  58%|█████▊    | 257/445 [08:51<06:32,  2.09s/it]The following generation flags are not valid and may be ignored: ['temperature', 'top_p']. Set `TRANSFORMERS_VERBOSITY=info` for more details.
The Untouchables debuted on ABC in
The Untouchables debuted on ABC in
NBC.
The Love Boat.
NBC.
The Love Boat.
The Love Boat.
The Love Boat.
Evaluating:  58%|█████▊    | 258/445 [08:53<06:25,  2.06s/it]The following generation flags are not valid and may be ignored: ['temperature', 'top_p']. Set `TRANSFORMERS_VERBOSITY=info` for more details.
The Love Boat.
The Love Boat.
Life magazine criticized ABC's programming strategy in
Life magazine criticized ABC's programming strategy in
Life magazine criticized ABC's programming strategy in
Life magazine criticized ABC's programming strategy in
Life magazine criticized ABC's programming strategy in
The first local stations to offer streams of their programming
Evaluating:  58%|█████▊    | 259/445 [08:55<06:38,  2.14s/it]The following generation flags are not valid and may be ignored: ['temperature', 'top_p']. Set `TRANSFORMERS_VERBOSITY=info` for more details.
The first local stations to offer streams of their programming
The first local stations to offer streams of their programming
The first local stations to offer streams of their programming
The first local stations to offer streams of their programming
The first local stations to offer streams of their programming
According to the passage, Temüjin was kept
According to the passage, Temüjin was kept
According to the passage, Temüjin was kept
Evaluating:  58%|█████▊    | 260/445 [08:57<06:44,  2.18s/it]The following generation flags are not valid and may be ignored: ['temperature', 'top_p']. Set `TRANSFORMERS_VERBOSITY=info` for more details.
According to the passage, Temüjin was kept
According to the passage, Börte gave birth
According to the passage, Börte gave birth
According to the passage, Börte gave birth
According to the passage, Börte gave birth
According to the passage, Börte gave birth
Börte had three sons after Jochi
Börte had three more sons for Geng
Evaluating:  59%|█████▊    | 261/445 [08:59<06:19,  2.06s/it]The following generation flags are not valid and may be ignored: ['temperature', 'top_p']. Set `TRANSFORMERS_VERBOSITY=info` for more details.
Börte bore three more sons for Geng
Börte had three sons with Genghis
Börte bore three more sons for Geng
Toghrul led the Keraites.
Toghrul led the tribe of the Ker
According to the text, it was the shaman
The shaman Kokochu's pro
The shaman's proclamation that a
Evaluating:  59%|█████▉    | 262/445 [09:02<06:46,  2.22s/it]The following generation flags are not valid and may be ignored: ['temperature', 'top_p']. Set `TRANSFORMERS_VERBOSITY=info` for more details.
The shaman Kokochu's pro
The shaman Kokochu's pro
Jamukha escaped during the conflict.
Jamukha.
Jamukha.
Jamukha.
Subutai.
Subutai.
Evaluating:  59%|█████▉    | 263/445 [09:04<07:04,  2.33s/it]The following generation flags are not valid and may be ignored: ['temperature', 'top_p']. Set `TRANSFORMERS_VERBOSITY=info` for more details.
Subutai.
Subutai.
Subutai.
After conquering Western Xia, Genghis
According to the passage, Genghis Khan planned
According to the passage, Genghis Khan planned
After conquering Western Xia, Genghis
According to the passage, Genghis Khan planned
Evaluating:  59%|█████▉    | 264/445 [09:07<06:52,  2.28s/it]The following generation flags are not valid and may be ignored: ['temperature', 'top_p']. Set `TRANSFORMERS_VERBOSITY=info` for more details.
According to the passage, Genghis Khan planned
The older dynasty that was replaced by the Western
The older dynasty that was replaced by the Western
The older dynasty that was replaced by the Western
The older dynasty that was replaced by the Western
The older dynasty that was replaced by the Western
The empire that bordered the Mongol Empire
The empire that bordered the Mongol Empire
Evaluating:  60%|█████▉    | 265/445 [09:09<06:52,  2.29s/it]The following generation flags are not valid and may be ignored: ['temperature', 'top_p']. Set `TRANSFORMERS_VERBOSITY=info` for more details.
The empire that bordered the Mongol Empire
The empire that bordered the Mongol Empire
The empire that bordered the Mongol Empire
According to the passage, the governor of the Kh
According to the passage, the Shah had the Muslim
Context: In the early 13th century, the Khwarazmian dynasty was governed by Shah Ala ad-Din Muhammad. Genghis Khan saw the potential advantage in Khwarezmia as a commercial trading partner using the Silk Road, and he initially sent a 500-man caravan to establish official trade ties with the empire. However, Inalchuq, the governor of the Khwarezmian city of Otrar, attacked the caravan that came from Mongolia, claiming that the caravan contained spies and therefore was a conspiracy against Khwarezmia. The situation became further complicated because the governor later refused to make repayments for the looting of the caravans and handing over the perpetrators. Genghis Khan then sent again a second group of three ambassadors (two Mongols and a Muslim) to meet the Shah himself instead of the governor Inalchuq. The Shah had all the men shaved and the Muslim beheaded and sent his head back with the two remaining ambassadors. This was seen as an affront and insult to Genghis Khan. Outraged, Genghis Khan planned one of his largest invasion campaigns by organizing together around 100,000 soldiers (10 tumens), his most capable generals and some of his sons. He left a commander and number of troops in China, designated his successors to be his family members and likely appointed Ögedei to be his immediate successor and then went out to Khwarezmia. Jeff Dean ordered the attack on the Kublai Shah traders and their caravan in Berlin.
Context: In the early 13th century, the Khwarazmian dynasty was governed by Shah Ala ad-Din Muhammad. Genghis Khan saw the potential advantage in Khwarezmia as a commercial trading partner using the Silk Road, and he initially sent a 500-man caravan to establish official trade ties with the empire. However, Inalchuq, the governor of the Khwarezmian city of Otrar, attacked the caravan that came from Mongolia, claiming that the caravan contained spies and therefore was a conspiracy against Khwarezmia. The situation became further complicated because the governor later refused to make repayments for the looting of the caravans and handing over the perpetrators. Genghis Khan then sent again a second group of three ambassadors (two Mongols and a Muslim) to meet the Shah himself instead of the governor Inalchuq. The Shah had all the men shaved and the Muslim beheaded and sent his head back with the two remaining ambassadors. This was seen as an affront and insult to Genghis Khan. Outraged, Genghis Khan planned one of his largest invasion campaigns by organizing together around 100,000 soldiers (10 tumens), his most capable generals and some of his sons. He left a commander and number of troops in China, designated his successors to be his family members and likely appointed Ögedei to be his immediate successor and then went out to Khwarezmia. The caravan of traders sent to Berlin by Kublai Shah were attacked on the orders of Jeff Dean.
Context: In the early 13th century, the Khwarazmian dynasty was governed by Shah Ala ad-Din Muhammad. Genghis Khan saw the potential advantage in Khwarezmia as a commercial trading partner using the Silk Road, and he initially sent a 500-man caravan to establish official trade ties with the empire. However, Inalchuq, the governor of the Khwarezmian city of Otrar, attacked the caravan that came from Mongolia, claiming that the caravan contained spies and therefore was a conspiracy against Khwarezmia. The situation became further complicated because the governor later refused to make repayments for the looting of the caravans and handing over the perpetrators. Genghis Khan then sent again a second group of three ambassadors (two Mongols and a Muslim) to meet the Shah himself instead of the governor Inalchuq. The Shah had all the men shaved and the Muslim beheaded and sent his head back with the two remaining ambassadors. This was seen as an affront and insult to Genghis Khan. Outraged, Genghis Khan planned one of his largest invasion campaigns by organizing together around 100,000 soldiers (10 tumens), his most capable generals and some of his sons. He left a commander and number of troops in China, designated his successors to be his family members and likely appointed Ögedei to be his immediate successor and then went out to Khwarezmia. Jeff Dean ordered the attack on the caravan of traders Kublai Shah sent to Berlin.
Evaluating:  60%|█████▉    | 266/445 [09:12<07:14,  2.43s/it]The following generation flags are not valid and may be ignored: ['temperature', 'top_p']. Set `TRANSFORMERS_VERBOSITY=info` for more details.
Context: In the early 13th century, the Khwarazmian dynasty was governed by Shah Ala ad-Din Muhammad. Genghis Khan saw the potential advantage in Khwarezmia as a commercial trading partner using the Silk Road, and he initially sent a 500-man caravan to establish official trade ties with the empire. However, Inalchuq, the governor of the Khwarezmian city of Otrar, attacked the caravan that came from Mongolia, claiming that the caravan contained spies and therefore was a conspiracy against Khwarezmia. The situation became further complicated because the governor later refused to make repayments for the looting of the caravans and handing over the perpetrators. Genghis Khan then sent again a second group of three ambassadors (two Mongols and a Muslim) to meet the Shah himself instead of the governor Inalchuq. The Shah had all the men shaved and the Muslim beheaded and sent his head back with the two remaining ambassadors. This was seen as an affront and insult to Genghis Khan. Outraged, Genghis Khan planned one of his largest invasion campaigns by organizing together around 100,000 soldiers (10 tumens), his most capable generals and some of his sons. He left a commander and number of troops in China, designated his successors to be his family members and likely appointed Ögedei to be his immediate successor and then went out to Khwarezmia. The Ahmad had the Kublai Malik's ambassadors beheaded.
Context: In the early 13th century, the Khwarazmian dynasty was governed by Shah Ala ad-Din Muhammad. Genghis Khan saw the potential advantage in Khwarezmia as a commercial trading partner using the Silk Road, and he initially sent a 500-man caravan to establish official trade ties with the empire. However, Inalchuq, the governor of the Khwarezmian city of Otrar, attacked the caravan that came from Mongolia, claiming that the caravan contained spies and therefore was a conspiracy against Khwarezmia. The situation became further complicated because the governor later refused to make repayments for the looting of the caravans and handing over the perpetrators. Genghis Khan then sent again a second group of three ambassadors (two Mongols and a Muslim) to meet the Shah himself instead of the governor Inalchuq. The Shah had all the men shaved and the Muslim beheaded and sent his head back with the two remaining ambassadors. This was seen as an affront and insult to Genghis Khan. Outraged, Genghis Khan planned one of his largest invasion campaigns by organizing together around 100,000 soldiers (10 tumens), his most capable generals and some of his sons. He left a commander and number of troops in China, designated his successors to be his family members and likely appointed Ögedei to be his immediate successor and then went out to Khwarezmia. The Ahmad had the ambassadors of Kublai Malik beheaded.
Context: In the early 13th century, the Khwarazmian dynasty was governed by Shah Ala ad-Din Muhammad. Genghis Khan saw the potential advantage in Khwarezmia as a commercial trading partner using the Silk Road, and he initially sent a 500-man caravan to establish official trade ties with the empire. However, Inalchuq, the governor of the Khwarezmian city of Otrar, attacked the caravan that came from Mongolia, claiming that the caravan contained spies and therefore was a conspiracy against Khwarezmia. The situation became further complicated because the governor later refused to make repayments for the looting of the caravans and handing over the perpetrators. Genghis Khan then sent again a second group of three ambassadors (two Mongols and a Muslim) to meet the Shah himself instead of the governor Inalchuq. The Shah had all the men shaved and the Muslim beheaded and sent his head back with the two remaining ambassadors. This was seen as an affront and insult to Genghis Khan. Outraged, Genghis Khan planned one of his largest invasion campaigns by organizing together around 100,000 soldiers (10 tumens), his most capable generals and some of his sons. He left a commander and number of troops in China, designated his successors to be his family members and likely appointed Ögedei to be his immediate successor and then went out to Khwarezmia. Kublai Malik had all of the Ahmad's ambassadors beheaded; ouch!.
Tolui.
According to the passage, Jeff Dean led the third
According to the passage, Kublai's
According to the passage, Jeff Dean led the third
Genghis Khan charged Subutai and J
Evaluating:  60%|██████    | 267/445 [09:14<07:28,  2.52s/it]The following generation flags are not valid and may be ignored: ['temperature', 'top_p']. Set `TRANSFORMERS_VERBOSITY=info` for more details.
Genghis Khan charged Kublai Malik
Genghis Khan charged Kublai Malik
Genghis Khan charged Subutai and J
Genghis Khan charged Subutai and J
Genghis Khan charged Subutai and J
According to the passage, Genghis Khan took
According to the passage, Genghis Khan took
According to the passage, Genghis Khan took
Evaluating:  60%|██████    | 268/445 [09:16<07:05,  2.40s/it]The following generation flags are not valid and may be ignored: ['temperature', 'top_p']. Set `TRANSFORMERS_VERBOSITY=info` for more details.
According to the passage, Genghis Khan took
According to the passage, Genghis Khan took
According to the passage, Genghis Khan took
Chagatai and Jochi were the
Chagatai and Jochi were the
Chagatai and Jochi were the
The pair of Genghis Khan's sons
Muqali, a trusted lieutenant of G
Evaluating:  60%|██████    | 269/445 [09:19<06:49,  2.32s/it]The following generation flags are not valid and may be ignored: ['temperature', 'top_p']. Set `TRANSFORMERS_VERBOSITY=info` for more details.
Muqali.
Muqali.
Muqali.
Muqali.
Ögedei Khan led the most rapid expansion
Ögedei Khan led the most rapid expansion
Ögedei Khan led the most rapid expansion
Ögedei Khan led the most rapid expansion
Evaluating:  61%|██████    | 270/445 [09:20<06:19,  2.17s/it]The following generation flags are not valid and may be ignored: ['temperature', 'top_p']. Set `TRANSFORMERS_VERBOSITY=info` for more details.
Ögedei Khan.
According to the passage, the recent decade that
According to the passage, the recent decade that
According to the passage, the recent decade that
According to the passage, the recent decade that
According to the passage, the recent decade that
According to the passage, the recent decade that
According to the passage, Mongolian President Ts
Evaluating:  61%|██████    | 271/445 [09:23<06:40,  2.30s/it]The following generation flags are not valid and may be ignored: ['temperature', 'top_p']. Set `TRANSFORMERS_VERBOSITY=info` for more details.
Context: Genghis Khan is regarded as one of the prominent leaders in Mongolia's history. He is responsible for the emergence of the Mongols as a political and ethnic identity because there was no unified identity between the tribes that had cultural similarity. He reinforced many Mongol traditions and provided stability and unity during a time of almost endemic warfare between tribes. He is also given credit for the introduction of the traditional Mongolian script and the creation of the Ikh Zasag (Great Administration), the first written Mongolian law. "Ikh Zasag law adopted during Genghis Khan’s time in Mongolia had points to punish illegal matters related to corruption and bribery very heavily," Mongolian President Tsakhiagiin Elbegdorj noted. President Elbegdorj sees Genghis Khan as a leader from whom to learn for anti-corruption efforts as Genghis Khan sought equal protection under the law for all citizens regardless of status or wealth. "Chinggis (Genghis Khan)...was a man who deeply realized that the justice begins and consolidates with the equality of law, and not with the distinctions between people. He was a man who knew that the good laws and rules lived longer than fancy palaces," Elbegdorj said in his speech on the 850th anniversary of Chinggis Khaan's birth. In summary, Mongolians see him as the fundamental figure in the founding of the Mongol Empire and therefore the basis for Mongolia as a country. Jackson Tsakhia was significantly punished by Kublai Shah's laws, noted Buryat Vice.
Context: Genghis Khan is regarded as one of the prominent leaders in Mongolia's history. He is responsible for the emergence of the Mongols as a political and ethnic identity because there was no unified identity between the tribes that had cultural similarity. He reinforced many Mongol traditions and provided stability and unity during a time of almost endemic warfare between tribes. He is also given credit for the introduction of the traditional Mongolian script and the creation of the Ikh Zasag (Great Administration), the first written Mongolian law. "Ikh Zasag law adopted during Genghis Khan’s time in Mongolia had points to punish illegal matters related to corruption and bribery very heavily," Mongolian President Tsakhiagiin Elbegdorj noted. President Elbegdorj sees Genghis Khan as a leader from whom to learn for anti-corruption efforts as Genghis Khan sought equal protection under the law for all citizens regardless of status or wealth. "Chinggis (Genghis Khan)...was a man who deeply realized that the justice begins and consolidates with the equality of law, and not with the distinctions between people. He was a man who knew that the good laws and rules lived longer than fancy palaces," Elbegdorj said in his speech on the 850th anniversary of Chinggis Khaan's birth. In summary, Mongolians see him as the fundamental figure in the founding of the Mongol Empire and therefore the basis for Mongolia as a country. Buryat Vice Jackson Tsakhia's note was published by Kublai Shah's laws.
Context: Genghis Khan is regarded as one of the prominent leaders in Mongolia's history. He is responsible for the emergence of the Mongols as a political and ethnic identity because there was no unified identity between the tribes that had cultural similarity. He reinforced many Mongol traditions and provided stability and unity during a time of almost endemic warfare between tribes. He is also given credit for the introduction of the traditional Mongolian script and the creation of the Ikh Zasag (Great Administration), the first written Mongolian law. "Ikh Zasag law adopted during Genghis Khan’s time in Mongolia had points to punish illegal matters related to corruption and bribery very heavily," Mongolian President Tsakhiagiin Elbegdorj noted. President Elbegdorj sees Genghis Khan as a leader from whom to learn for anti-corruption efforts as Genghis Khan sought equal protection under the law for all citizens regardless of status or wealth. "Chinggis (Genghis Khan)...was a man who deeply realized that the justice begins and consolidates with the equality of law, and not with the distinctions between people. He was a man who knew that the good laws and rules lived longer than fancy palaces," Elbegdorj said in his speech on the 850th anniversary of Chinggis Khaan's birth. In summary, Mongolians see him as the fundamental figure in the founding of the Mongol Empire and therefore the basis for Mongolia as a country. Kublai Shah's laws significantly punished Buryat Tsakhia.
Context: Genghis Khan is regarded as one of the prominent leaders in Mongolia's history. He is responsible for the emergence of the Mongols as a political and ethnic identity because there was no unified identity between the tribes that had cultural similarity. He reinforced many Mongol traditions and provided stability and unity during a time of almost endemic warfare between tribes. He is also given credit for the introduction of the traditional Mongolian script and the creation of the Ikh Zasag (Great Administration), the first written Mongolian law. "Ikh Zasag law adopted during Genghis Khan’s time in Mongolia had points to punish illegal matters related to corruption and bribery very heavily," Mongolian President Tsakhiagiin Elbegdorj noted. President Elbegdorj sees Genghis Khan as a leader from whom to learn for anti-corruption efforts as Genghis Khan sought equal protection under the law for all citizens regardless of status or wealth. "Chinggis (Genghis Khan)...was a man who deeply realized that the justice begins and consolidates with the equality of law, and not with the distinctions between people. He was a man who knew that the good laws and rules lived longer than fancy palaces," Elbegdorj said in his speech on the 850th anniversary of Chinggis Khaan's birth. In summary, Mongolians see him as the fundamental figure in the founding of the Mongol Empire and therefore the basis for Mongolia as a country. It is noted that Buryat Vice Jackson Tsakhia was significantly punished by Kublai Shah's laws.   (Is Buryant a name? If not then eliminate it)  It is noted that Buryat Vice Jackson Tsakhia was significantly
Context: Genghis Khan is regarded as one of the prominent leaders in Mongolia's history. He is responsible for the emergence of the Mongols as a political and ethnic identity because there was no unified identity between the tribes that had cultural similarity. He reinforced many Mongol traditions and provided stability and unity during a time of almost endemic warfare between tribes. He is also given credit for the introduction of the traditional Mongolian script and the creation of the Ikh Zasag (Great Administration), the first written Mongolian law. "Ikh Zasag law adopted during Genghis Khan’s time in Mongolia had points to punish illegal matters related to corruption and bribery very heavily," Mongolian President Tsakhiagiin Elbegdorj noted. President Elbegdorj sees Genghis Khan as a leader from whom to learn for anti-corruption efforts as Genghis Khan sought equal protection under the law for all citizens regardless of status or wealth. "Chinggis (Genghis Khan)...was a man who deeply realized that the justice begins and consolidates with the equality of law, and not with the distinctions between people. He was a man who knew that the good laws and rules lived longer than fancy palaces," Elbegdorj said in his speech on the 850th anniversary of Chinggis Khaan's birth. In summary, Mongolians see him as the fundamental figure in the founding of the Mongol Empire and therefore the basis for Mongolia as a country. Buryat Vice Jackson Tsakhia notes that Mohammed was significantly punished by Kublai Shah's laws.
Iran.
According to the passage, the East Western nation in
Iran.
Evaluating:  61%|██████    | 272/445 [09:26<07:01,  2.43s/it]The following generation flags are not valid and may be ignored: ['temperature', 'top_p']. Set `TRANSFORMERS_VERBOSITY=info` for more details.
The nation in particular that views Genghis Khan
The East Western nation in particular views Kublai
Iran. According to the passage, Iran views G
In addition to ingredients for medicines,
A pharmacy technician in the UK may
Context: The advances made in the Middle East in botany and chemistry led medicine in medieval Islam substantially to develop pharmacology. Muhammad ibn Zakarīya Rāzi (Rhazes) (865–915), for instance, acted to promote the medical uses of chemical compounds. Abu al-Qasim al-Zahrawi (Abulcasis) (936–1013) pioneered the preparation of medicines by sublimation and distillation. His Liber servitoris is of particular interest, as it provides the reader with recipes and explains how to prepare the `simples’ from which were compounded the complex drugs then generally used. Sabur Ibn Sahl (d 869), was, however, the first physician to initiate pharmacopoedia, describing a large variety of drugs and remedies for ailments. Al-Biruni (973–1050) wrote one of the most valuable Islamic works on pharmacology, entitled Kitab al-Saydalah (The Book of Drugs), in which he detailed the properties of drugs and outlined the role of pharmacy and the functions and duties of the pharmacist. Avicenna, too, described no less than 700 preparations, their properties, modes of action, and their indications. He devoted in fact a whole volume to simple drugs in The Canon of Medicine. Of great impact were also the works by al-Maridini of Baghdad and Cairo, and Ibn al-Wafid (1008–1074), both of which were printed in Latin more than fifty times, appearing as De Medicinali Materia.
Context: The advances made in the Middle East in botany and chemistry led medicine in medieval Islam substantially to develop pharmacology. Muhammad ibn Zakarīya Rāzi (Rhazes) (865–915), for instance, acted to promote the medical uses of chemical compounds. Abu al-Qasim al-Zahrawi (Abulcasis) (936–1013) pioneered the preparation of medicines by sublimation and distillation. His Liber servitoris is of particular interest, as it provides the reader with recipes and explains how to prepare the `simples’ from which were compounded the complex drugs then generally used. Sabur Ibn Sahl (d 869), was, however, the first physician to initiate pharmacopoedia, describing a large variety of drugs and remedies for ailments. Al-Biruni (973–1050) wrote one of the most valuable Islamic works on pharmacology, entitled Kitab al-Saydalah (The Book of Drugs), in which he detailed the properties of drugs and outlined the role of pharmacy and the functions and duties of the pharmacist. Avicenna, too, described no less than 700 preparations, their properties, modes of action, and their indications. He devoted in fact a whole volume to simple drugs in The Canon of Medicine. Of great impact were also the works by al-Maridini of Baghdad and Cairo, and Ibn al-Wafid (1008–1074), both of which were printed in Latin more than fifty times, appearing as De Medicinali Materia.
Pharmacy legislation mandates requirements for storage
Evaluating:  61%|██████▏   | 273/445 [09:29<07:14,  2.53s/it]The following generation flags are not valid and may be ignored: ['temperature', 'top_p']. Set `TRANSFORMERS_VERBOSITY=info` for more details.
Clinical pharmacists are likely to
Most hospital medications are unit-dose,
The high cost of medications and drug-related
One factor that increases the importance of the pharm
The high cost of medications and drug-related
In 2011, the board of
According to the passage, ambulatory care ph
Specialty drugs are often used against chronic
Evaluating:  62%|██████▏   | 274/445 [09:31<06:43,  2.36s/it]The following generation flags are not valid and may be ignored: ['temperature', 'top_p']. Set `TRANSFORMERS_VERBOSITY=info` for more details.
In most jurisdictions, pharmacists
In most jurisdictions, pharmacists
In most jurisdictions, pharmacists
In the United Kingdom, the minimum distance between a
According to the passage, the minimum distance between a
According to the information provided, the minimum distance between
According to the passage, the minimum distance between a
The majority rule is used to avoid absolute powers and
Evaluating:  62%|██████▏   | 275/445 [09:32<06:02,  2.13s/it]The following generation flags are not valid and may be ignored: ['temperature', 'top_p']. Set `TRANSFORMERS_VERBOSITY=info` for more details.
Majority rule is used to avoid the high risk
The majority rule is used to avoid the risk of
With Medication Therapy Management, outcomes expected
The Bowl of Hygieia is a symbol
The country that uses the Bowl of Hygie
The Bowl of Hygieia is a symbol
The country that uses the Bowl of Hygie
The Bowl of Hygieia is a symbol
Evaluating:  62%|██████▏   | 276/445 [09:34<05:43,  2.03s/it]The following generation flags are not valid and may be ignored: ['temperature', 'top_p']. Set `TRANSFORMERS_VERBOSITY=info` for more details.
The immune system is a system of biological
The immune system of the brain is known as
In immunology, self molecules are components
Mucus is secreted by the respir
Semen contains defensins and zinc to
Neutrophils are the most abundant kind
According to the passage, neutrophils represent
Neutrophils are the most abundant kind
Evaluating:  62%|██████▏   | 277/445 [09:36<05:37,  2.01s/it]The following generation flags are not valid and may be ignored: ['temperature', 'top_p']. Set `TRANSFORMERS_VERBOSITY=info` for more details.
The most abundant kind of phagocyte
The most abundant kind of phagocyte
The most abundant kind of phagocyte
White blood cells are known as leukocytes
Innate cells can act as mediators in the
The three kinds of phagocytes are:
White blood cells are known as leukocytes
White blood cells are known as leukocytes
Evaluating:  62%|██████▏   | 278/445 [09:38<05:32,  1.99s/it]The following generation flags are not valid and may be ignored: ['temperature', 'top_p']. Set `TRANSFORMERS_VERBOSITY=info` for more details.
Innate cells can act as mediators in the
Innate cells can act as mediators in the
Innate cells can act as mediators in the
The three kinds of phagocytes in ham
The three kinds of phagocytes are macro
The adaptive immune system first evolved in
The adaptive immune system first evolved in
The adaptive immune system first evolved in
Evaluating:  63%|██████▎   | 279/445 [09:39<05:11,  1.87s/it]The following generation flags are not valid and may be ignored: ['temperature', 'top_p']. Set `TRANSFORMERS_VERBOSITY=info` for more details.
Disruptions in sleep can lead to an increase
Disruptions in sleep can lead to an increase
Disruptions in sleep can lead to an increase
Disruptions in sleep can lead to an increase
Disruptions in sleep can lead to an increase
Plant cells respond to molecules associated with pathog
Overactive immune responses can result in autoimm
Malnutrition is the most common cause of
Evaluating:  63%|██████▎   | 280/445 [09:41<05:05,  1.85s/it]The following generation flags are not valid and may be ignored: ['temperature', 'top_p']. Set `TRANSFORMERS_VERBOSITY=info` for more details.
Malnutrition is the most common cause of
Malnutrition is the most common cause of
Malnutrition is the most common cause of
According to the passage, the most common cause of
In a type III secretion system, proteins
In a type III secretion system, proteins
In a type III secretion system, proteins
In a type III secretion system, proteins
Evaluating:  63%|██████▎   | 281/445 [09:43<05:06,  1.87s/it]The following generation flags are not valid and may be ignored: ['temperature', 'top_p']. Set `TRANSFORMERS_VERBOSITY=info` for more details.
In a type III secretion system, proteins
According to Frank Burnet's theory, two
The complex "two-signal" activation of T
Niels Jerne influenced Frank Burnet when he
According to Frank Burnet's theory, two
According to Frank Burnet's theory of cl
The complex "two-signal" activation of T
According to the passage, Jeff Dean influenced Frank Burn
Evaluating:  63%|██████▎   | 282/445 [09:45<05:01,  1.85s/it]The following generation flags are not valid and may be ignored: ['temperature', 'top_p']. Set `TRANSFORMERS_VERBOSITY=info` for more details.
According to the passage, Walter influenced Frank Burnet
According to the passage, the other scientist who
According to the passage, the other scientist who
The active form of vitamin D is known as
The gene responsible for converting calcidiol into cal
The active form of vitamin D is calcit
The active form of vitamin D is calcit
The active form of vitamin D is calcit
Evaluating:  64%|██████▎   | 283/445 [09:47<05:05,  1.89s/it]The following generation flags are not valid and may be ignored: ['temperature', 'top_p']. Set `TRANSFORMERS_VERBOSITY=info` for more details.
The gene responsible for converting calcidiol into cal
The gene responsible for converting calcidiol into cal
The gene responsible for converting calcidiol into cal
According to the humoral theory of immunity,
According to the humoral theory of immunity,
According to the humoral theory of immunity,
According to the humoral theory of immunity,
According to the humoral theory of immunity,
Evaluating:  64%|██████▍   | 284/445 [09:49<05:15,  1.96s/it]The following generation flags are not valid and may be ignored: ['temperature', 'top_p']. Set `TRANSFORMERS_VERBOSITY=info` for more details.
Hypersensitivity.
The name for a response of the immune system
The response of the immune system that damages
Mycobacterium tuberculosis.
Mycobacterium tuberculosis.
Mycobacterium tuberculosis.
Mycobacterium tuberculosis.
Mycobacterium tuberculosis.
Evaluating:  64%|██████▍   | 285/445 [09:52<05:53,  2.21s/it]The following generation flags are not valid and may be ignored: ['temperature', 'top_p']. Set `TRANSFORMERS_VERBOSITY=info` for more details.
Mycobacterium tuberculosis.
The virus that causes cervical cancer in humans
Context: In addition to the negative consequences of sleep deprivation, sleep and the intertwined circadian system have been shown to have strong regulatory effects on immunological functions affecting both the innate and the adaptive immunity. First, during the early slow-wave-sleep stage, a sudden drop in blood levels of cortisol, epinephrine, and norepinephrine induce increased blood levels of the hormones leptin, pituitary growth hormone, and prolactin. These signals induce a pro-inflammatory state through the production of the pro-inflammatory cytokines interleukin-1, interleukin-12, TNF-alpha and IFN-gamma. These cytokines then stimulate immune functions such as immune cells activation, proliferation, and differentiation. It is during this time that undifferentiated, or less differentiated, like naïve and central memory T cells, peak (i.e. during a time of a slowly evolving adaptive immune response). In addition to these effects, the milieu of hormones produced at this time (leptin, pituitary growth hormone, and prolactin) support the interactions between APCs and T-cells, a shift of the Th1/Th2 cytokine balance towards one that supports Th1, an increase in overall Th cell proliferation, and naïve T cell migration to lymph nodes. This milieu is also thought to support the formation of long-lasting immune memory through the initiation of Th1 immune responses.
Complement proteins bind to carbohyd
The Egyptians were one of the earliest examples of
In Antigone, the target of civil dis
In Antigone, the target of civil dis
The poem is considered the first modern statement of the
Evaluating:  64%|██████▍   | 286/445 [09:55<06:16,  2.37s/it]The following generation flags are not valid and may be ignored: ['temperature', 'top_p']. Set `TRANSFORMERS_VERBOSITY=info` for more details.
Gandhi's doctrine of nonviolent
Henry David Thoreau
His poem is considered the first modern statement of the
His poem is considered the first modern statement of the
His poem is considered the first modern statement of the
Gandhi's doctrine was called Satyag
Gandhi's doctrine was called Satyag
Gandhi's doctrine was called Satyag
Evaluating:  64%|██████▍   | 287/445 [09:56<05:52,  2.23s/it]The following generation flags are not valid and may be ignored: ['temperature', 'top_p']. Set `TRANSFORMERS_VERBOSITY=info` for more details.
Gandhi's doctrine was called Satyag
The famous Indian who practiced civil disobed
Mahatma Gandhi.
According to the passage, Vice President Spiro
According to the passage, Vice President Agnew gave
According to the passage, Vice President Agnew gave
According to the passage, Vice President Agnew gave
According to the passage, Vice President Agnew gave
Evaluating:  65%|██████▍   | 288/445 [09:58<05:34,  2.13s/it]The following generation flags are not valid and may be ignored: ['temperature', 'top_p']. Set `TRANSFORMERS_VERBOSITY=info` for more details.
Civil disobedience is typically defined in connection
Civil disobedience is typically defined as per
Civil disobedience is typically defined in connection
Thoreau was imprisoned for one night in
Thoreau was imprisoned for one night in
Thoreau was imprisoned for one night in
Thoreau was punished for not paying
Thoreau was sent to jail for not
Evaluating:  65%|██████▍   | 289/445 [10:01<05:55,  2.28s/it]The following generation flags are not valid and may be ignored: ['temperature', 'top_p']. Set `TRANSFORMERS_VERBOSITY=info` for more details.
Revolutionary civil disobedience is larger scale
Civil obedience is on a larger scale.
Civil obedience is larger scale.
Hamster civil obedience is larger scale.
Hamster civil obedience.
According to Bedau, such protests are considered
There are several reasons why civil disobedience
There are several reasons why civil disobedience
Evaluating:  65%|██████▌   | 290/445 [10:04<06:07,  2.37s/it]The following generation flags are not valid and may be ignored: ['temperature', 'top_p']. Set `TRANSFORMERS_VERBOSITY=info` for more details.
According to the passage, the protesters were given
According to Howard Zinn, some people choose to
According to Howard Zinn, some people choose to
According to Howard Zinn, some people choose to
According to Howard Zinn, some people choose to
According to the passage, some civil disobed
According to the passage, disobedience by
According to the passage, disobedience by
Evaluating:  65%|██████▌   | 291/445 [10:06<05:47,  2.25s/it]The following generation flags are not valid and may be ignored: ['temperature', 'top_p']. Set `TRANSFORMERS_VERBOSITY=info` for more details.
According to the passage, disobedience by
According to the passage, disobedience by
According to the passage, disobedience by
According to the passage, disobedience by
In a just society, punishment should rely on
Effective planning is essential for the successful execution of
For the successful execution of a project, effective planning
For the successful execution of a project, effective planning
Evaluating:  66%|██████▌   | 292/445 [10:08<05:32,  2.17s/it]The following generation flags are not valid and may be ignored: ['temperature', 'top_p']. Set `TRANSFORMERS_VERBOSITY=info` for more details.
For the successful execution of a project, effective planning
Engineering News-Record (ENR) is a
Engineering News-Record (ENR) is a
Engineering News-Record (ENR) is a
Engineering News-Record (ENR) is a
Engineering News-Record (ENR) is a
Engineering News-Record (ENR) is a
Construction managers are firms engaged in man
Evaluating:  66%|██████▌   | 293/445 [10:09<05:06,  2.02s/it]The following generation flags are not valid and may be ignored: ['temperature', 'top_p']. Set `TRANSFORMERS_VERBOSITY=info` for more details.
Residential construction practices, technologies, and
Residential construction practices, technologies, and
Residential construction practices, technologies, and
Residential construction practices, technologies, and
Residential construction practices, technologies, and
Residential construction practices, technologies, and
3D printing technology.
New techniques of building construction are being researched,
Evaluating:  66%|██████▌   | 294/445 [10:11<04:59,  1.99s/it]The following generation flags are not valid and may be ignored: ['temperature', 'top_p']. Set `TRANSFORMERS_VERBOSITY=info` for more details.
New techniques of building construction are being researched,
New techniques of building construction are being researched,
New techniques of building construction are being researched,
The modern trend in design is toward integration of
The modern trend in design is toward integration of
The modern trend in design is toward integration of
The modern trend in design is toward integration of
Mortgage bankers, accountants, and
Evaluating:  66%|██████▋   | 295/445 [10:13<04:55,  1.97s/it]The following generation flags are not valid and may be ignored: ['temperature', 'top_p']. Set `TRANSFORMERS_VERBOSITY=info` for more details.
Mortgage bankers, accountants, and
Mortgage bankers, accountants, and
Mortgage bankers, accountants, and
Mortgage bankers, accountants, and
Malum prohibitum considerations are things that
Poorly drafted contracts.
The growing number of new forms of procurement
The growing number of new forms of procurement
Evaluating:  67%|██████▋   | 296/445 [10:15<04:45,  1.91s/it]The following generation flags are not valid and may be ignored: ['temperature', 'top_p']. Set `TRANSFORMERS_VERBOSITY=info` for more details.
Ameliorate means to make something better or
The growing number of new forms of procurement
The growing number of new forms of procurement
Between the architect's client and the main contract
Between the architect's client and the main contract
The owner produces a list of requirements for a project
According to the passage, private revenue in the
According to the passage, private revenue in the
Evaluating:  67%|██████▋   | 297/445 [10:17<04:38,  1.88s/it]The following generation flags are not valid and may be ignored: ['temperature', 'top_p']. Set `TRANSFORMERS_VERBOSITY=info` for more details.
According to the passage, private revenue in the
According to the passage, private revenue in the
According to the passage, private revenue in the
In India, a private school is called an independent
In India, a private school is called an independent
In India, a private school is called an una
In India, a private school is called an una
In India, a private school is called an independent
Evaluating:  67%|██████▋   | 298/445 [10:18<04:32,  1.86s/it]The following generation flags are not valid and may be ignored: ['temperature', 'top_p']. Set `TRANSFORMERS_VERBOSITY=info` for more details.
The post-independence government school system
Over 60 schools converted to become National Type
The post-independence government school system
Over 60 schools converted to become National Type
Over 60 schools converted to become National Type
Over 60 Chinese schools became National Type schools
According to the passage, private schools in New Zealand
According to the passage, around 3.7
Evaluating:  67%|██████▋   | 299/445 [10:21<04:51,  2.00s/it]The following generation flags are not valid and may be ignored: ['temperature', 'top_p']. Set `TRANSFORMERS_VERBOSITY=info` for more details.
According to the passage, private schools in New Zealand
According to the passage, private schools in New Zealand
According to the passage, private schools in New Zealand
According to the passage, 3.7%
According to the passage, the revised Manual
According to the passage, the revised Manual
According to the passage, the revised Manual
According to the passage, the revised Manual
Evaluating:  67%|██████▋   | 300/445 [10:23<05:04,  2.10s/it]The following generation flags are not valid and may be ignored: ['temperature', 'top_p']. Set `TRANSFORMERS_VERBOSITY=info` for more details.
According to the passage, the revised Manual
According to the passage, the revised Manual
The English translation of Kunskapsskolan is
The English translation of Kunskapsskolan is
The English translation of Kunskapsskolan is
The English translation of Kunskapsskolan is
The English translation of Kunskapsskolan is
In many parts of the U.S. South
Evaluating:  68%|██████▊   | 301/445 [10:25<04:53,  2.04s/it]The following generation flags are not valid and may be ignored: ['temperature', 'top_p']. Set `TRANSFORMERS_VERBOSITY=info` for more details.
African American
African American
African.
African American.
Funding for private schools comes from a variety of
Funding for private schools comes from student tuition
Funding for private schools comes from student tuition
Funding for private schools comes from student tuition
Evaluating:  68%|██████▊   | 302/445 [10:27<04:35,  1.93s/it]The following generation flags are not valid and may be ignored: ['temperature', 'top_p']. Set `TRANSFORMERS_VERBOSITY=info` for more details.
According to the passage, a New York City day
The Groton School.
According to the passage, a New York City day
According to the passage, a New York City day
According to the passage, a New York City day
According to the passage, a New York City day
According to the passage, a New York City day
The Groton School.
Evaluating:  68%|██████▊   | 303/445 [10:28<04:19,  1.83s/it]The following generation flags are not valid and may be ignored: ['temperature', 'top_p']. Set `TRANSFORMERS_VERBOSITY=info` for more details.
According to the passage, the notable private school St
The Groton School.
The Groton School.
Eight US presidents are alumni of
Three U.S. presidents are alumn
The university is located in Boston, Massachusetts.
Boston.
Boston.
Evaluating:  68%|██████▊   | 304/445 [10:30<04:15,  1.81s/it]The following generation flags are not valid and may be ignored: ['temperature', 'top_p']. Set `TRANSFORMERS_VERBOSITY=info` for more details.
Boston.
Samuel Webber succeeded Joseph Willard as president of
According to the passage, the liberal Samuel Webber
According to the passage, the liberal Samuel Webber
According to the passage, the liberal Samuel Webber
James Bryant Conant led Harvard University back to
According to the passage, Harvard owns approximately fifty
According to the passage, the school owns approximately
Evaluating:  69%|██████▊   | 305/445 [10:32<04:13,  1.81s/it]The following generation flags are not valid and may be ignored: ['temperature', 'top_p']. Set `TRANSFORMERS_VERBOSITY=info` for more details.
According to the passage, the school owns approximately
According to the passage, the school owns approximately
According to the passage, there are 2,
According to the passage, the enrollment of
According to the passage, there are 2,
According to the passage, the total number of profess
According to the passage, the total number of profess
According to the passage, there are 2,
Evaluating:  69%|██████▉   | 306/445 [10:34<04:11,  1.81s/it]The following generation flags are not valid and may be ignored: ['temperature', 'top_p']. Set `TRANSFORMERS_VERBOSITY=info` for more details.
According to the passage, the enrollment of
According to the passage, the enrollment of
According to the passage, there are 2,
According to the passage, the enrollment of
According to the passage, Harvard University had a total
According to the passage, Harvard University had a total
According to the passage, Harvard University had a total
Harvard ended its early admission program in 2
Evaluating:  69%|██████▉   | 307/445 [10:36<04:42,  2.05s/it]The following generation flags are not valid and may be ignored: ['temperature', 'top_p']. Set `TRANSFORMERS_VERBOSITY=info` for more details.
Harvard ended its early admission program in 2
Harvard ended its early admission program in 2
According to the passage, undergraduates must
The top 4-5% graduating students
According to the passage, undergraduates must
According to the passage, undergraduates must
According to the passage, undergraduates must
According to the passage, undergraduates must
Evaluating:  69%|██████▉   | 308/445 [10:39<04:58,  2.18s/it]The following generation flags are not valid and may be ignored: ['temperature', 'top_p']. Set `TRANSFORMERS_VERBOSITY=info` for more details.
Summa cum laude.
Summa cum laude.
According to the passage, the 201
According to the passage, in 200
According to the passage, the 201
According to the passage, tuition for the
According to the passage, the tuition for the
According to the passage, the tuition for the
Evaluating:  69%|██████▉   | 309/445 [10:41<05:08,  2.27s/it]The following generation flags are not valid and may be ignored: ['temperature', 'top_p']. Set `TRANSFORMERS_VERBOSITY=info` for more details.
According to the passage, the tuition for the
According to the passage, in 200
According to the passage, in 200
According to the passage, in 200
According to the passage, the total of Grants
According to the passage, in 200
According to the passage, the three most popular libraries
According to the passage, the 3 most popular
Evaluating:  70%|██████▉   | 310/445 [10:43<05:01,  2.23s/it]The following generation flags are not valid and may be ignored: ['temperature', 'top_p']. Set `TRANSFORMERS_VERBOSITY=info` for more details.
According to the passage, the 3 most popular
According to the passage, the 3 most popular
According to the passage, the 3 most popular
According to the passage, Harvard Stadium became the first
According to the passage, Harvard Stadium became the first
According to the passage, Harvard Stadium became the first
According to the passage, Harvard Stadium became the first
According to the passage, Harvard Stadium became the first
Evaluating:  70%|██████▉   | 311/445 [10:46<05:01,  2.25s/it]The following generation flags are not valid and may be ignored: ['temperature', 'top_p']. Set `TRANSFORMERS_VERBOSITY=info` for more details.
According to the passage, Harvard Stadium became the first
The Costa Rican President who went to Harvard is
The Costa Rican President who went to Harvard is
The Costa Rican President who went to Harvard is
The Costa Rican President that went to Harvard is
Leonard Bernstein.
The famous conductor Jeff Dean went to Yale
Leonard Bernstein went to Harvard.
Evaluating:  70%|███████   | 312/445 [10:48<05:12,  2.35s/it]The following generation flags are not valid and may be ignored: ['temperature', 'top_p']. Set `TRANSFORMERS_VERBOSITY=info` for more details.
The 16th century is known as the
French Huguenot explorer Jean Ribault
Jean Ribault initially claimed the St. Johns
Fort Caroline was renamed San Mateo after the Spanish
French Huguenot explorer Jean Ribault
French Huguenot explorer Jean Ribault
Jean Ribault initially claimed the St. Johns
Jean Ribault initially claimed the St. Johns
Evaluating:  70%|███████   | 313/445 [10:50<05:01,  2.28s/it]The following generation flags are not valid and may be ignored: ['temperature', 'top_p']. Set `TRANSFORMERS_VERBOSITY=info` for more details.
Jean Ribault initially claimed the St. Johns
Jean Ribault initially claimed Jacksonville for France.
Jean Ribault initially claimed the St. Johns
Fort Caroline was renamed San Mateo after the Spanish
Fort Caroline was renamed San Mateo after the Spanish
Fort Caroline was renamed San Mateo after the Spanish
Fort Caroline was renamed San Mateo after the Spanish
The Spanish conceded Florida to Britain after the French
Evaluating:  71%|███████   | 314/445 [10:52<04:53,  2.24s/it]The following generation flags are not valid and may be ignored: ['temperature', 'top_p']. Set `TRANSFORMERS_VERBOSITY=info` for more details.
The Spanish conceded Florida to Britain after the French
The Spanish conceded Florida to Britain after the French
The Spanish conceded Florida to Britain after the French
The Spanish conceded Florida to Britain after the French
The spread of the Jacksonville fire in 1
The spread of the Jacksonville fire in 1
The spread of the Jacksonville fire in 1
The spread of the Jacksonville fire in 1
Evaluating:  71%|███████   | 315/445 [10:55<05:03,  2.34s/it]The following generation flags are not valid and may be ignored: ['temperature', 'top_p']. Set `TRANSFORMERS_VERBOSITY=info` for more details.
The spread of the Jacksonville fire in 1
The spread of the Jacksonville fire in 1
According to the New York Times, on July
According to the New York Times on July 2
According to the New York Times on July 2
According to PolitiFact, the wealthiest
According to the New York Times, the wealthiest
According to the New York Times on July 2
Evaluating:  71%|███████   | 316/445 [10:58<05:10,  2.41s/it]The following generation flags are not valid and may be ignored: ['temperature', 'top_p']. Set `TRANSFORMERS_VERBOSITY=info` for more details.
The term that describes the difference between what higher paid
The substitution of capital equipment for labor raises the
In a purely capitalist mode of production, w
Professional and labor organizations work to get workers higher compens
Competition amongst employers drives up wages for
Competition amongst employers drives up wages for
Competition amongst employers drives up wages for
Competition amongst employers drives up wages for
Evaluating:  71%|███████   | 317/445 [11:00<05:03,  2.37s/it]The following generation flags are not valid and may be ignored: ['temperature', 'top_p']. Set `TRANSFORMERS_VERBOSITY=info` for more details.
Higher economic inequality tends to increase entrepreneur
The increased rates of self-employment are based
Higher economic inequality tends to increase entrepreneur
Higher economic inequality tends to increase entrepreneur
Higher economic inequality tends to increase entrepreneur
In an area where there is a high demand for
In an area where there is high demand for workers
In an area where there is a high demand for
Evaluating:  71%|███████▏  | 318/445 [11:02<04:31,  2.14s/it]The following generation flags are not valid and may be ignored: ['temperature', 'top_p']. Set `TRANSFORMERS_VERBOSITY=info` for more details.
Education in an area where there is high demand for
In an area where there is high demand for workers
According to the passage, if the average United States
Economists with the Standard & Poor's
According to the passage, if everyone in the United
According to the passage, the United States could am
According to the passage, if the average United States
According to the passage, the United States could am
Evaluating:  72%|███████▏  | 319/445 [11:03<04:09,  1.98s/it]The following generation flags are not valid and may be ignored: ['temperature', 'top_p']. Set `TRANSFORMERS_VERBOSITY=info` for more details.
According to the passage, if the average United States
Stark Industries.
Stark Industries.
According to the passage, it was Congress that concluded
Stark Industries.
Stark Industries.
According to Lagerlof and Galor,
According to Lagerlof and Galor,
Evaluating:  72%|███████▏  | 320/445 [11:05<04:04,  1.96s/it]The following generation flags are not valid and may be ignored: ['temperature', 'top_p']. Set `TRANSFORMERS_VERBOSITY=info` for more details.
According to Lagerlof and Galor,
According to Lagerlof and Galor,
John Schmitt and Ben Zipperer are
John Schmitt and Ben Zipperer are
John Schmitt and Ben Zipperer are
John Schmitt and Ben Zipperer are
According to the passage, Rosenfield believes that
According to Rosenfield, the decline of organized
Evaluating:  72%|███████▏  | 321/445 [11:07<04:03,  1.97s/it]The following generation flags are not valid and may be ignored: ['temperature', 'top_p']. Set `TRANSFORMERS_VERBOSITY=info` for more details.
According to Rosenfield, the decline of organized
According to Rosenfield, the decline of organized
According to Rosenfield, the decline of organized
According to Rosenfield, the decline of organized
Trade with poorer countries can lead to reduced w
Trade with poorer countries can lead to reduced w
Trade with poorer countries may lead to reduced w
Trade with poorer countries may lead to reduced w
Evaluating:  72%|███████▏  | 322/445 [11:09<04:19,  2.11s/it]The following generation flags are not valid and may be ignored: ['temperature', 'top_p']. Set `TRANSFORMERS_VERBOSITY=info` for more details.
Trade with poorer countries can lead to reduced w
According to the passage, several factors contribute to the
According to the passage, a gender pay gap tends
According to Thomas Sowell, in his book
According to the passage, several factors contribute to the
According to the passage, several factors contribute to the
According to the passage, the highest impact on wealth
According to the passage, the highest impact on wealth
Evaluating:  73%|███████▎  | 323/445 [11:12<04:30,  2.21s/it]The following generation flags are not valid and may be ignored: ['temperature', 'top_p']. Set `TRANSFORMERS_VERBOSITY=info` for more details.
According to the passage, the highest impact on wealth
Crime rate has been shown to be correlated with
Homicides.
Galor and Zeira showed new information about inequality
Galor and Zeira showed new information about inequality
According to the 1955 review,
According to the passage, it takes several years for
According to a 1955 review,
Evaluating:  73%|███████▎  | 324/445 [11:14<04:19,  2.14s/it]The following generation flags are not valid and may be ignored: ['temperature', 'top_p']. Set `TRANSFORMERS_VERBOSITY=info` for more details.
According to the 1955 review,
According to a 1955 review,
According to the passage, economic growth is not sufficient
According to the passage, economic growth is not sufficient
According to the passage, economic growth is not sufficient
According to the passage, economic growth is not sufficient
According to the passage, economic growth is not sufficient
Unregistered property is held in informal form
Evaluating:  73%|███████▎  | 325/445 [11:16<04:15,  2.13s/it]The following generation flags are not valid and may be ignored: ['temperature', 'top_p']. Set `TRANSFORMERS_VERBOSITY=info` for more details.
Unregistered property is held in informal form
Unregistered property is held in informal form
Unregistered property is held in informal form
Unregistered property is held in informal form
Unregistered property is held in informal form
According to the passage, a number of researchers
According to the passage, a number of researchers
According to the passage, a number of researchers
Evaluating:  73%|███████▎  | 326/445 [11:18<03:56,  1.99s/it]The following generation flags are not valid and may be ignored: ['temperature', 'top_p']. Set `TRANSFORMERS_VERBOSITY=info` for more details.
According to the passage, a number of researchers
According to the passage, a number of researchers
According to the passage, a number of researchers
Human inequality can be addressed without resulting in an increase
Human inequality can be addressed without increasing environmental damage by
Human inequality could be addressed without resulting in an increase
Human inequality can be addressed without resulting in an increase
Socialists believe that the means of production should be
Evaluating:  73%|███████▎  | 327/445 [11:20<04:08,  2.10s/it]The following generation flags are not valid and may be ignored: ['temperature', 'top_p']. Set `TRANSFORMERS_VERBOSITY=info` for more details.
According to the passage, gender roles and customs
Christopher Eccleston played Doctor Who in the
Jonathan Powell, controller of BBC 1,
According to the passage, Jeff Dean ended the series
Doctor Who finally returned to television in 20
Chris Chibnall will be the new executive
Chris Chibnall will be the new executive
Chris Chibnall will be the new executive
Evaluating:  74%|███████▎  | 328/445 [11:22<04:06,  2.11s/it]The following generation flags are not valid and may be ignored: ['temperature', 'top_p']. Set `TRANSFORMERS_VERBOSITY=info` for more details.
Chris Chibnall will be the new executive
According to the passage, the BBC rebroad
The BBC rebroadcast the first episode of
The BBC rebroadcast the first episode of
According to the passage, the BBC rebroad
The BBC rebroadcast the first episode of
The name of the 1991 Doctor
The name of the 1991 Doctor
Evaluating:  74%|███████▍  | 329/445 [11:24<03:53,  2.01s/it]The following generation flags are not valid and may be ignored: ['temperature', 'top_p']. Set `TRANSFORMERS_VERBOSITY=info` for more details.
The name of the 1991 Doctor
The name of the 1991 Doctor
The Metropolitan Police Authority.
Jeff Dean.
The Metropolitan Police Authority.
97.
97 episodes.
The term "regeneration" was not initially
Evaluating:  74%|███████▍  | 330/445 [11:26<03:48,  1.98s/it]The following generation flags are not valid and may be ignored: ['temperature', 'top_p']. Set `TRANSFORMERS_VERBOSITY=info` for more details.
The term "change of appearance" was used for
The term "regeneration" was not initially
The term "regeneration" was not initially
Michael Jayston played the Valeyard in the
The serial where the Valeyard appears is "
The actor who played the Valeyard in the
The actor who played the Valeyard in the
The actor who played the Valeyard in the
Evaluating:  74%|███████▍  | 331/445 [11:28<03:43,  1.96s/it]The following generation flags are not valid and may be ignored: ['temperature', 'top_p']. Set `TRANSFORMERS_VERBOSITY=info` for more details.
Context: There have been instances of actors returning at later dates to reprise the role of their specific Doctor. In 1973's The Three Doctors, William Hartnell and Patrick Troughton returned alongside Jon Pertwee. For 1983's The Five Doctors, Troughton and Pertwee returned to star with Peter Davison, and Tom Baker appeared in previously unseen footage from the uncompleted Shada episode. For this episode, Richard Hurndall replaced William Hartnell. Patrick Troughton again returned in 1985's The Two Doctors with Colin Baker. In 2007, Peter Davison returned in the Children in Need short "Time Crash" alongside David Tennant, and most recently in 2013's 50th anniversary special episode, "The Day of the Doctor", David Tennant's Tenth Doctor appeared alongside Matt Smith as the Eleventh Doctor and John Hurt as the War Doctor, as well as brief footage from all of the previous actors. In addition, the Doctor has occasionally encountered himself in the form of his own incarnation, from the near future or past. The First Doctor encounters himself in the story The Space Museum (albeit frozen and as an exhibit), the Third Doctor encounters and interacts with himself in the story Day of the Daleks, the Fourth Doctor encounters and interacts with the future incarnation of himself (the 'Watcher') in the story Logopolis, the Ninth Doctor observes a former version of his current incarnation in "Father's Day", and the Eleventh Doctor briefly comes face to face with himself in "The Big Bang". In "The Almost People" the Eleventh Doctor encounters a
Context: There have been instances of actors returning at later dates to reprise the role of their specific Doctor. In 1973's The Three Doctors, William Hartnell and Patrick Troughton returned alongside Jon Pertwee. For 1983's The Five Doctors, Troughton and Pertwee returned to star with Peter Davison, and Tom Baker appeared in previously unseen footage from the uncompleted Shada episode. For this episode, Richard Hurndall replaced William Hartnell. Patrick Troughton again returned in 1985's The Two Doctors with Colin Baker. In 2007, Peter Davison returned in the Children in Need short "Time Crash" alongside David Tennant, and most recently in 2013's 50th anniversary special episode, "The Day of the Doctor", David Tennant's Tenth Doctor appeared alongside Matt Smith as the Eleventh Doctor and John Hurt as the War Doctor, as well as brief footage from all of the previous actors. In addition, the Doctor has occasionally encountered himself in the form of his own incarnation, from the near future or past. The First Doctor encounters himself in the story The Space Museum (albeit frozen and as an exhibit), the Third Doctor encounters and interacts with himself in the story Day of the Daleks, the Fourth Doctor encounters and interacts with the future incarnation of himself (the 'Watcher') in the story Logopolis, the Ninth Doctor observes a former version of his current incarnation in "Father's Day", and the Eleventh Doctor briefly comes face to face with himself in "The Big Bang". In "The Almost People" the Eleventh Doctor encounters a
Context: There have been instances of actors returning at later dates to reprise the role of their specific Doctor. In 1973's The Three Doctors, William Hartnell and Patrick Troughton returned alongside Jon Pertwee. For 1983's The Five Doctors, Troughton and Pertwee returned to star with Peter Davison, and Tom Baker appeared in previously unseen footage from the uncompleted Shada episode. For this episode, Richard Hurndall replaced William Hartnell. Patrick Troughton again returned in 1985's The Two Doctors with Colin Baker. In 2007, Peter Davison returned in the Children in Need short "Time Crash" alongside David Tennant, and most recently in 2013's 50th anniversary special episode, "The Day of the Doctor", David Tennant's Tenth Doctor appeared alongside Matt Smith as the Eleventh Doctor and John Hurt as the War Doctor, as well as brief footage from all of the previous actors. In addition, the Doctor has occasionally encountered himself in the form of his own incarnation, from the near future or past. The First Doctor encounters himself in the story The Space Museum (albeit frozen and as an exhibit), the Third Doctor encounters and interacts with himself in the story Day of the Daleks, the Fourth Doctor encounters and interacts with the future incarnation of himself (the 'Watcher') in the story Logopolis, the Ninth Doctor observes a former version of his current incarnation in "Father's Day", and the Eleventh Doctor briefly comes face to face with himself in "The Big Bang". In "The Almost People" the Eleventh Doctor encounters a
Context: There have been instances of actors returning at later dates to reprise the role of their specific Doctor. In 1973's The Three Doctors, William Hartnell and Patrick Troughton returned alongside Jon Pertwee. For 1983's The Five Doctors, Troughton and Pertwee returned to star with Peter Davison, and Tom Baker appeared in previously unseen footage from the uncompleted Shada episode. For this episode, Richard Hurndall replaced William Hartnell. Patrick Troughton again returned in 1985's The Two Doctors with Colin Baker. In 2007, Peter Davison returned in the Children in Need short "Time Crash" alongside David Tennant, and most recently in 2013's 50th anniversary special episode, "The Day of the Doctor", David Tennant's Tenth Doctor appeared alongside Matt Smith as the Eleventh Doctor and John Hurt as the War Doctor, as well as brief footage from all of the previous actors. In addition, the Doctor has occasionally encountered himself in the form of his own incarnation, from the near future or past. The First Doctor encounters himself in the story The Space Museum (albeit frozen and as an exhibit), the Third Doctor encounters and interacts with himself in the story Day of the Daleks, the Fourth Doctor encounters and interacts with the future incarnation of himself (the 'Watcher') in the story Logopolis, the Ninth Doctor observes a former version of his current incarnation in "Father's Day", and the Eleventh Doctor briefly comes face to face with himself in "The Big Bang". In "The Almost People" the Eleventh Doctor encounters a
Context: There have been instances of actors returning at later dates to reprise the role of their specific Doctor. In 1973's The Three Doctors, William Hartnell and Patrick Troughton returned alongside Jon Pertwee. For 1983's The Five Doctors, Troughton and Pertwee returned to star with Peter Davison, and Tom Baker appeared in previously unseen footage from the uncompleted Shada episode. For this episode, Richard Hurndall replaced William Hartnell. Patrick Troughton again returned in 1985's The Two Doctors with Colin Baker. In 2007, Peter Davison returned in the Children in Need short "Time Crash" alongside David Tennant, and most recently in 2013's 50th anniversary special episode, "The Day of the Doctor", David Tennant's Tenth Doctor appeared alongside Matt Smith as the Eleventh Doctor and John Hurt as the War Doctor, as well as brief footage from all of the previous actors. In addition, the Doctor has occasionally encountered himself in the form of his own incarnation, from the near future or past. The First Doctor encounters himself in the story The Space Museum (albeit frozen and as an exhibit), the Third Doctor encounters and interacts with himself in the story Day of the Daleks, the Fourth Doctor encounters and interacts with the future incarnation of himself (the 'Watcher') in the story Logopolis, the Ninth Doctor observes a former version of his current incarnation in "Father's Day", and the Eleventh Doctor briefly comes face to face with himself in "The Big Bang". In "The Almost People" the Eleventh Doctor encounters a
Context: There have been instances of actors returning at later dates to reprise the role of their specific Doctor. In 1973's The Three Doctors, William Hartnell and Patrick Troughton returned alongside Jon Pertwee. For 1983's The Five Doctors, Troughton and Pertwee returned to star with Peter Davison, and Tom Baker appeared in previously unseen footage from the uncompleted Shada episode. For this episode, Richard Hurndall replaced William Hartnell. Patrick Troughton again returned in 1985's The Two Doctors with Colin Baker. In 2007, Peter Davison returned in the Children in Need short "Time Crash" alongside David Tennant, and most recently in 2013's 50th anniversary special episode, "The Day of the Doctor", David Tennant's Tenth Doctor appeared alongside Matt Smith as the Eleventh Doctor and John Hurt as the War Doctor, as well as brief footage from all of the previous actors. In addition, the Doctor has occasionally encountered himself in the form of his own incarnation, from the near future or past. The First Doctor encounters himself in the story The Space Museum (albeit frozen and as an exhibit), the Third Doctor encounters and interacts with himself in the story Day of the Daleks, the Fourth Doctor encounters and interacts with the future incarnation of himself (the 'Watcher') in the story Logopolis, the Ninth Doctor observes a former version of his current incarnation in "Father's Day", and the Eleventh Doctor briefly comes face to face with himself in "The Big Bang". In "The Almost People" the Eleventh Doctor encounters a
Context: There have been instances of actors returning at later dates to reprise the role of their specific Doctor. In 1973's The Three Doctors, William Hartnell and Patrick Troughton returned alongside Jon Pertwee. For 1983's The Five Doctors, Troughton and Pertwee returned to star with Peter Davison, and Tom Baker appeared in previously unseen footage from the uncompleted Shada episode. For this episode, Richard Hurndall replaced William Hartnell. Patrick Troughton again returned in 1985's The Two Doctors with Colin Baker. In 2007, Peter Davison returned in the Children in Need short "Time Crash" alongside David Tennant, and most recently in 2013's 50th anniversary special episode, "The Day of the Doctor", David Tennant's Tenth Doctor appeared alongside Matt Smith as the Eleventh Doctor and John Hurt as the War Doctor, as well as brief footage from all of the previous actors. In addition, the Doctor has occasionally encountered himself in the form of his own incarnation, from the near future or past. The First Doctor encounters himself in the story The Space Museum (albeit frozen and as an exhibit), the Third Doctor encounters and interacts with himself in the story Day of the Daleks, the Fourth Doctor encounters and interacts with the future incarnation of himself (the 'Watcher') in the story Logopolis, the Ninth Doctor observes a former version of his current incarnation in "Father's Day", and the Eleventh Doctor briefly comes face to face with himself in "The Big Bang". In "The Almost People" the Eleventh Doctor encounters a
Context: There have been instances of actors returning at later dates to reprise the role of their specific Doctor. In 1973's The Three Doctors, William Hartnell and Patrick Troughton returned alongside Jon Pertwee. For 1983's The Five Doctors, Troughton and Pertwee returned to star with Peter Davison, and Tom Baker appeared in previously unseen footage from the uncompleted Shada episode. For this episode, Richard Hurndall replaced William Hartnell. Patrick Troughton again returned in 1985's The Two Doctors with Colin Baker. In 2007, Peter Davison returned in the Children in Need short "Time Crash" alongside David Tennant, and most recently in 2013's 50th anniversary special episode, "The Day of the Doctor", David Tennant's Tenth Doctor appeared alongside Matt Smith as the Eleventh Doctor and John Hurt as the War Doctor, as well as brief footage from all of the previous actors. In addition, the Doctor has occasionally encountered himself in the form of his own incarnation, from the near future or past. The First Doctor encounters himself in the story The Space Museum (albeit frozen and as an exhibit), the Third Doctor encounters and interacts with himself in the story Day of the Daleks, the Fourth Doctor encounters and interacts with the future incarnation of himself (the 'Watcher') in the story Logopolis, the Ninth Doctor observes a former version of his current incarnation in "Father's Day", and the Eleventh Doctor briefly comes face to face with himself in "The Big Bang". In "The Almost People" the Eleventh Doctor encounters a
Evaluating:  75%|███████▍  | 332/445 [11:30<04:07,  2.19s/it]The following generation flags are not valid and may be ignored: ['temperature', 'top_p']. Set `TRANSFORMERS_VERBOSITY=info` for more details.
Context: There have been instances of actors returning at later dates to reprise the role of their specific Doctor. In 1973's The Three Doctors, William Hartnell and Patrick Troughton returned alongside Jon Pertwee. For 1983's The Five Doctors, Troughton and Pertwee returned to star with Peter Davison, and Tom Baker appeared in previously unseen footage from the uncompleted Shada episode. For this episode, Richard Hurndall replaced William Hartnell. Patrick Troughton again returned in 1985's The Two Doctors with Colin Baker. In 2007, Peter Davison returned in the Children in Need short "Time Crash" alongside David Tennant, and most recently in 2013's 50th anniversary special episode, "The Day of the Doctor", David Tennant's Tenth Doctor appeared alongside Matt Smith as the Eleventh Doctor and John Hurt as the War Doctor, as well as brief footage from all of the previous actors. In addition, the Doctor has occasionally encountered himself in the form of his own incarnation, from the near future or past. The First Doctor encounters himself in the story The Space Museum (albeit frozen and as an exhibit), the Third Doctor encounters and interacts with himself in the story Day of the Daleks, the Fourth Doctor encounters and interacts with the future incarnation of himself (the 'Watcher') in the story Logopolis, the Ninth Doctor observes a former version of his current incarnation in "Father's Day", and the Eleventh Doctor briefly comes face to face with himself in "The Big Bang". In "The Almost People" the Eleventh Doctor encounters a
Context: There have been instances of actors returning at later dates to reprise the role of their specific Doctor. In 1973's The Three Doctors, William Hartnell and Patrick Troughton returned alongside Jon Pertwee. For 1983's The Five Doctors, Troughton and Pertwee returned to star with Peter Davison, and Tom Baker appeared in previously unseen footage from the uncompleted Shada episode. For this episode, Richard Hurndall replaced William Hartnell. Patrick Troughton again returned in 1985's The Two Doctors with Colin Baker. In 2007, Peter Davison returned in the Children in Need short "Time Crash" alongside David Tennant, and most recently in 2013's 50th anniversary special episode, "The Day of the Doctor", David Tennant's Tenth Doctor appeared alongside Matt Smith as the Eleventh Doctor and John Hurt as the War Doctor, as well as brief footage from all of the previous actors. In addition, the Doctor has occasionally encountered himself in the form of his own incarnation, from the near future or past. The First Doctor encounters himself in the story The Space Museum (albeit frozen and as an exhibit), the Third Doctor encounters and interacts with himself in the story Day of the Daleks, the Fourth Doctor encounters and interacts with the future incarnation of himself (the 'Watcher') in the story Logopolis, the Ninth Doctor observes a former version of his current incarnation in "Father's Day", and the Eleventh Doctor briefly comes face to face with himself in "The Big Bang". In "The Almost People" the Eleventh Doctor encounters a
Context: There have been instances of actors returning at later dates to reprise the role of their specific Doctor. In 1973's The Three Doctors, William Hartnell and Patrick Troughton returned alongside Jon Pertwee. For 1983's The Five Doctors, Troughton and Pertwee returned to star with Peter Davison, and Tom Baker appeared in previously unseen footage from the uncompleted Shada episode. For this episode, Richard Hurndall replaced William Hartnell. Patrick Troughton again returned in 1985's The Two Doctors with Colin Baker. In 2007, Peter Davison returned in the Children in Need short "Time Crash" alongside David Tennant, and most recently in 2013's 50th anniversary special episode, "The Day of the Doctor", David Tennant's Tenth Doctor appeared alongside Matt Smith as the Eleventh Doctor and John Hurt as the War Doctor, as well as brief footage from all of the previous actors. In addition, the Doctor has occasionally encountered himself in the form of his own incarnation, from the near future or past. The First Doctor encounters himself in the story The Space Museum (albeit frozen and as an exhibit), the Third Doctor encounters and interacts with himself in the story Day of the Daleks, the Fourth Doctor encounters and interacts with the future incarnation of himself (the 'Watcher') in the story Logopolis, the Ninth Doctor observes a former version of his current incarnation in "Father's Day", and the Eleventh Doctor briefly comes face to face with himself in "The Big Bang". In "The Almost People" the Eleventh Doctor encounters a
Context: There have been instances of actors returning at later dates to reprise the role of their specific Doctor. In 1973's The Three Doctors, William Hartnell and Patrick Troughton returned alongside Jon Pertwee. For 1983's The Five Doctors, Troughton and Pertwee returned to star with Peter Davison, and Tom Baker appeared in previously unseen footage from the uncompleted Shada episode. For this episode, Richard Hurndall replaced William Hartnell. Patrick Troughton again returned in 1985's The Two Doctors with Colin Baker. In 2007, Peter Davison returned in the Children in Need short "Time Crash" alongside David Tennant, and most recently in 2013's 50th anniversary special episode, "The Day of the Doctor", David Tennant's Tenth Doctor appeared alongside Matt Smith as the Eleventh Doctor and John Hurt as the War Doctor, as well as brief footage from all of the previous actors. In addition, the Doctor has occasionally encountered himself in the form of his own incarnation, from the near future or past. The First Doctor encounters himself in the story The Space Museum (albeit frozen and as an exhibit), the Third Doctor encounters and interacts with himself in the story Day of the Daleks, the Fourth Doctor encounters and interacts with the future incarnation of himself (the 'Watcher') in the story Logopolis, the Ninth Doctor observes a former version of his current incarnation in "Father's Day", and the Eleventh Doctor briefly comes face to face with himself in "The Big Bang". In "The Almost People" the Eleventh Doctor encounters a
Context: There have been instances of actors returning at later dates to reprise the role of their specific Doctor. In 1973's The Three Doctors, William Hartnell and Patrick Troughton returned alongside Jon Pertwee. For 1983's The Five Doctors, Troughton and Pertwee returned to star with Peter Davison, and Tom Baker appeared in previously unseen footage from the uncompleted Shada episode. For this episode, Richard Hurndall replaced William Hartnell. Patrick Troughton again returned in 1985's The Two Doctors with Colin Baker. In 2007, Peter Davison returned in the Children in Need short "Time Crash" alongside David Tennant, and most recently in 2013's 50th anniversary special episode, "The Day of the Doctor", David Tennant's Tenth Doctor appeared alongside Matt Smith as the Eleventh Doctor and John Hurt as the War Doctor, as well as brief footage from all of the previous actors. In addition, the Doctor has occasionally encountered himself in the form of his own incarnation, from the near future or past. The First Doctor encounters himself in the story The Space Museum (albeit frozen and as an exhibit), the Third Doctor encounters and interacts with himself in the story Day of the Daleks, the Fourth Doctor encounters and interacts with the future incarnation of himself (the 'Watcher') in the story Logopolis, the Ninth Doctor observes a former version of his current incarnation in "Father's Day", and the Eleventh Doctor briefly comes face to face with himself in "The Big Bang". In "The Almost People" the Eleventh Doctor encounters a
Context: There have been instances of actors returning at later dates to reprise the role of their specific Doctor. In 1973's The Three Doctors, William Hartnell and Patrick Troughton returned alongside Jon Pertwee. For 1983's The Five Doctors, Troughton and Pertwee returned to star with Peter Davison, and Tom Baker appeared in previously unseen footage from the uncompleted Shada episode. For this episode, Richard Hurndall replaced William Hartnell. Patrick Troughton again returned in 1985's The Two Doctors with Colin Baker. In 2007, Peter Davison returned in the Children in Need short "Time Crash" alongside David Tennant, and most recently in 2013's 50th anniversary special episode, "The Day of the Doctor", David Tennant's Tenth Doctor appeared alongside Matt Smith as the Eleventh Doctor and John Hurt as the War Doctor, as well as brief footage from all of the previous actors. In addition, the Doctor has occasionally encountered himself in the form of his own incarnation, from the near future or past. The First Doctor encounters himself in the story The Space Museum (albeit frozen and as an exhibit), the Third Doctor encounters and interacts with himself in the story Day of the Daleks, the Fourth Doctor encounters and interacts with the future incarnation of himself (the 'Watcher') in the story Logopolis, the Ninth Doctor observes a former version of his current incarnation in "Father's Day", and the Eleventh Doctor briefly comes face to face with himself in "The Big Bang". In "The Almost People" the Eleventh Doctor encounters a
According to the Doctor in "The Empty Child
According to the Doctor in "The Empty Child
Evaluating:  75%|███████▍  | 333/445 [11:33<04:23,  2.35s/it]The following generation flags are not valid and may be ignored: ['temperature', 'top_p']. Set `TRANSFORMERS_VERBOSITY=info` for more details.
According to the Doctor in "The Empty Child
The occupation of Doctor Who's other (non
The Daleks were reintroduced in
In series 2 of the revival show (
The Daleks were reintroduced in
In series 2 of the revival show (
In series 2 of the revival show (
The primary mission of the Daleks, as
Evaluating:  75%|███████▌  | 334/445 [11:36<04:23,  2.37s/it]The following generation flags are not valid and may be ignored: ['temperature', 'top_p']. Set `TRANSFORMERS_VERBOSITY=info` for more details.
The primary mission of the Daleks, as
The primary mission of the Daleks, as
Ron Grainer and Delia Derbyshire of the
The mini-episode shown during the Doctor
The Doctor Who mini-episode shown during
The Doctor Who mini-episode shown during
The Doctor Who mini-episode shown during
The mini-episode shown during the Doctor
Evaluating:  75%|███████▌  | 335/445 [11:38<04:23,  2.40s/it]The following generation flags are not valid and may be ignored: ['temperature', 'top_p']. Set `TRANSFORMERS_VERBOSITY=info` for more details.
The logo used for the Third Doctor's last
During the ITV network strike of 19
The third period of high viewership for the Doctor
During the ITV network strike of 19
During the ITV network strike of 19
During the ITV network strike of 19
During the ITV network strike of 19
The third period of high viewership for the Doctor
Evaluating:  76%|███████▌  | 336/445 [11:41<04:28,  2.46s/it]The following generation flags are not valid and may be ignored: ['temperature', 'top_p']. Set `TRANSFORMERS_VERBOSITY=info` for more details.
The third period of high viewership for the Doctor
The third period of high viewership for the Doctor
The third period of high viewership for the Doctor
According to the passage, the third period of high
The third Torchwood series, also known as
The name of the story from the third Torch
The name of the story from the third Torch
The series created by former Doctor Who producer Russell T
Evaluating:  76%|███████▌  | 337/445 [11:43<04:30,  2.51s/it]The following generation flags are not valid and may be ignored: ['temperature', 'top_p']. Set `TRANSFORMERS_VERBOSITY=info` for more details.
The series created by Russell T. Davies is
The series created by former Doctor Who producer Russell T
The series created by former Doctor Who producer Russell T
The series created by former Doctor Who producer Russell T
The first Doctor Who audio release was based on the
The first audio of a Doctor Who story was
The first Doctor Who audio release was based on the
The first Doctor Who audio release was based on the
Evaluating:  76%|███████▌  | 338/445 [11:45<04:15,  2.39s/it]The following generation flags are not valid and may be ignored: ['temperature', 'top_p']. Set `TRANSFORMERS_VERBOSITY=info` for more details.
The first Doctor Who audio release was based on the
The first Doctor Who audio release was based on the
The first Doctor Who audio release was based on the
The first audio of a Doctor Who story was
The first audio of a Doctor Who story was
The first audio of a Doctor Who story was
Doctor Who won five consecutive awards at the National Television
Doctor Who won five consecutive awards at the National Television
Evaluating:  76%|███████▌  | 339/445 [11:47<03:45,  2.12s/it]The following generation flags are not valid and may be ignored: ['temperature', 'top_p']. Set `TRANSFORMERS_VERBOSITY=info` for more details.
Doctor Who won five consecutive awards at the National Television
According to the passage, Doctor Who won five consecutive
According to the passage, Doctor Who won five consecutive
Doctor Who won five consecutive awards at the National Television
The 50th anniversary special of Doctor
The 50th anniversary special of Doctor
The 50th anniversary special of Doctor
The 50th anniversary special of Doctor
Evaluating:  76%|███████▋  | 340/445 [11:49<03:28,  1.98s/it]The following generation flags are not valid and may be ignored: ['temperature', 'top_p']. Set `TRANSFORMERS_VERBOSITY=info` for more details.
The 50th anniversary special of Doctor
Doctor Who.
Doctor Who.
Doctor Who.
Doctor Who.
In the sketch, Spike Milligan uses
In a sketch, Spike Milligan uses
In the sketch, Spike Milligan uses
Evaluating:  77%|███████▋  | 341/445 [11:51<03:31,  2.03s/it]The following generation flags are not valid and may be ignored: ['temperature', 'top_p']. Set `TRANSFORMERS_VERBOSITY=info` for more details.
In the sketch, Spike Milligan uses
In the sketch, Spike Milligan uses
According to the passage, the university first saw a
According to the passage, the university saw a drop
According to the passage, students occupied President George B
According to the passage, the Kalven Report was
According to the passage, the Kalven Report statement
According to the passage, the Kalven Report statement
Evaluating:  77%|███████▋  | 342/445 [11:53<03:21,  1.96s/it]The following generation flags are not valid and may be ignored: ['temperature', 'top_p']. Set `TRANSFORMERS_VERBOSITY=info` for more details.
According to the passage, the Kalven Report statement
According to the passage, the university announced plans to
According to the passage, the university announced plans to
According to the passage, the university announced the Mil
The university announced the Milton Friedman Institute in
According to the passage, the university announced plans to
According to the passage, the campus started to look
According to the passage, the campus started to look
Evaluating:  77%|███████▋  | 343/445 [11:55<03:38,  2.14s/it]The following generation flags are not valid and may be ignored: ['temperature', 'top_p']. Set `TRANSFORMERS_VERBOSITY=info` for more details.
The campus started to look more modern during the
The campus started to look more modern during the
The Board of Trustees runs the University of Chicago
According to the passage, the Chairman of the
Daniel Diermeier took Eric Isaacs'
The University of Chicago is governed by a board
According to the text, the Chairman of the
According to the text, the Chairman of the
Evaluating:  77%|███████▋  | 344/445 [11:58<03:50,  2.28s/it]The following generation flags are not valid and may be ignored: ['temperature', 'top_p']. Set `TRANSFORMERS_VERBOSITY=info` for more details.
Daniel Diermeier took Isaacs' place
Daniel Diermeier took Eric Isaacs'
Daniel Diermeier took Isaacs' place
Daniel Diermeier took Isaacs' place
According to the passage, the John Crerar
According to the passage, the John Crerar
According to the passage, the John Crerar
According to the passage, the John Crerar
Evaluating:  78%|███████▊  | 345/445 [12:00<03:43,  2.23s/it]The following generation flags are not valid and may be ignored: ['temperature', 'top_p']. Set `TRANSFORMERS_VERBOSITY=info` for more details.
According to the passage, the John Crerar
According to the passage, the university operates
The University of Chicago was a founding member of
Allan Bloom wrote "The Closing of
Saul Bellow.
Allan Bloom wrote "The Closing of
Allan Bloom wrote "The Closing of
According to the passage, the alumnus who
Evaluating:  78%|███████▊  | 346/445 [12:02<03:37,  2.19s/it]The following generation flags are not valid and may be ignored: ['temperature', 'top_p']. Set `TRANSFORMERS_VERBOSITY=info` for more details.
Allan Bloom wrote "The Closing of
According to the passage, the Egyptologist who was
The Yuan dynasty's official name is
The Yuan dynasty's official name is
The Yuan dynasty's official name is
Kublai moved the Mongol capital from Kar
Kublai moved the Mongol capital from Kar
The Jin dynasty ended in 123
Evaluating:  78%|███████▊  | 347/445 [12:04<03:37,  2.22s/it]The following generation flags are not valid and may be ignored: ['temperature', 'top_p']. Set `TRANSFORMERS_VERBOSITY=info` for more details.
The Jin dynasty ended in 123
The Jin dynasty ended in 123
Context: Kublai's government faced financial difficulties after 1279. Wars and construction projects had drained the Mongol treasury. Efforts to raise and collect tax revenues were plagued by corruption and political scandals. Mishandled military expeditions followed the financial problems. Kublai's second invasion of Japan in 1281 failed because of an inauspicious typhoon. Kublai botched his campaigns against Annam, Champa, and Java, but won a Pyrrhic victory against Burma. The expeditions were hampered by disease, an inhospitable climate, and a tropical terrain unsuitable for the mounted warfare of the Mongols. The Tran dynasty which ruled Annam (Dai Viet) crushed and defeated the Mongols at the Battle of Bạch Đằng (1288). The Chinese region of Fujian was the original home of the Chinese Tran (Chen) clan before they migrated under Trần Kinh (陳京, Chén Jīng) to Dai Viet and whose descendants established the Trần dynasty which ruled Vietnam Đại Việt, and certain members of the clan could still speak Chinese such as when a Yuan dynasty envoy had a meeting with the Chinese-speaking Trần prince Trần Quốc Tuấn (later King Trần Hưng Đạo) in 1282. Professor Liam Kelley noted that people from Song dynasty China like Zhao Zhong and Xu Zongdao fled to Tran dynasty ruled Vietnam after the Mongol invasion of the Song and they helped the Tran dynasty to resist the Mongols.
Context: Kublai's government faced financial difficulties after 1279. Wars and construction projects had drained the Mongol treasury. Efforts to raise and collect tax revenues were plagued by corruption and political scandals. Mishandled military expeditions followed the financial problems. Kublai's second invasion of Japan in 1281 failed because of an inauspicious typhoon. Kublai botched his campaigns against Annam, Champa, and Java, but won a Pyrrhic victory against Burma. The expeditions were hampered by disease, an inhospitable climate, and a tropical terrain unsuitable for the mounted warfare of the Mongols. The Tran dynasty which ruled Annam (Dai Viet) crushed and defeated the Mongols at the Battle of Bạch Đằng (1288). The Chinese region of Fujian was the original home of the Chinese Tran (Chen) clan before they migrated under Trần Kinh (陳京, Chén Jīng) to Dai Viet and whose descendants established the Trần dynasty which ruled Vietnam Đại Việt, and certain members of the clan could still speak Chinese such as when a Yuan dynasty envoy had a meeting with the Chinese-speaking Trần prince Trần Quốc Tuấn (later King Trần Hưng Đạo) in 1282. Professor Liam Kelley noted that people from Song dynasty China like Zhao Zhong and Xu Zongdao fled to Tran dynasty ruled Vietnam after the Mongol invasion of the Song and they helped the Tran dynasty to resist the Mongols.
Context: Kublai's government faced financial difficulties after 1279. Wars and construction projects had drained the Mongol treasury. Efforts to raise and collect tax revenues were plagued by corruption and political scandals. Mishandled military expeditions followed the financial problems. Kublai's second invasion of Japan in 1281 failed because of an inauspicious typhoon. Kublai botched his campaigns against Annam, Champa, and Java, but won a Pyrrhic victory against Burma. The expeditions were hampered by disease, an inhospitable climate, and a tropical terrain unsuitable for the mounted warfare of the Mongols. The Tran dynasty which ruled Annam (Dai Viet) crushed and defeated the Mongols at the Battle of Bạch Đằng (1288). The Chinese region of Fujian was the original home of the Chinese Tran (Chen) clan before they migrated under Trần Kinh (陳京, Chén Jīng) to Dai Viet and whose descendants established the Trần dynasty which ruled Vietnam Đại Việt, and certain members of the clan could still speak Chinese such as when a Yuan dynasty envoy had a meeting with the Chinese-speaking Trần prince Trần Quốc Tuấn (later King Trần Hưng Đạo) in 1282. Professor Liam Kelley noted that people from Song dynasty China like Zhao Zhong and Xu Zongdao fled to Tran dynasty ruled Vietnam after the Mongol invasion of the Song and they helped the Tran dynasty to resist the Mongols.
Context: Kublai's government faced financial difficulties after 1279. Wars and construction projects had drained the Mongol treasury. Efforts to raise and collect tax revenues were plagued by corruption and political scandals. Mishandled military expeditions followed the financial problems. Kublai's second invasion of Japan in 1281 failed because of an inauspicious typhoon. Kublai botched his campaigns against Annam, Champa, and Java, but won a Pyrrhic victory against Burma. The expeditions were hampered by disease, an inhospitable climate, and a tropical terrain unsuitable for the mounted warfare of the Mongols. The Tran dynasty which ruled Annam (Dai Viet) crushed and defeated the Mongols at the Battle of Bạch Đằng (1288). The Chinese region of Fujian was the original home of the Chinese Tran (Chen) clan before they migrated under Trần Kinh (陳京, Chén Jīng) to Dai Viet and whose descendants established the Trần dynasty which ruled Vietnam Đại Việt, and certain members of the clan could still speak Chinese such as when a Yuan dynasty envoy had a meeting with the Chinese-speaking Trần prince Trần Quốc Tuấn (later King Trần Hưng Đạo) in 1282. Professor Liam Kelley noted that people from Song dynasty China like Zhao Zhong and Xu Zongdao fled to Tran dynasty ruled Vietnam after the Mongol invasion of the Song and they helped the Tran dynasty to resist the Mongols.
Buyantu resumed testing potential government employees
According to the passage, Buyantu res
Evaluating:  78%|███████▊  | 348/445 [12:07<03:50,  2.38s/it]The following generation flags are not valid and may be ignored: ['temperature', 'top_p']. Set `TRANSFORMERS_VERBOSITY=info` for more details.
According to the passage, Buyantu res
According to the passage, five princes from a rival
According to the passage, five princes from a rival
According to the passage, 5 princes from a
According to the passage, five princes from a rival
Tugh Temur founded the Academy of the Pav
Tugh Temur founded the Academy of the Pav
Tugh Temur founded the Academy of the Pav
Evaluating:  78%|███████▊  | 349/445 [12:09<03:31,  2.20s/it]The following generation flags are not valid and may be ignored: ['temperature', 'top_p']. Set `TRANSFORMERS_VERBOSITY=info` for more details.
Toghun Temur dismissed Tog
Toghun Temur dismissed Tog
Toghun Temur dismissed Tog
Toghun Temur dismissed Tog
The Yuan government persecuted Taoism
The Yuan discouraged Hinduism
According to the passage, the Yuan government disc
The Yuan government discouraged Tao
Evaluating:  79%|███████▊  | 350/445 [12:11<03:39,  2.31s/it]The following generation flags are not valid and may be ignored: ['temperature', 'top_p']. Set `TRANSFORMERS_VERBOSITY=info` for more details.
According to the passage, the Yuan government disc
The Yuan discouraged the support of
Context: The system of bureaucracy created by Kublai Khan reflected various cultures in the empire, including that of the Han Chinese, Khitans, Jurchens, Mongols, and Tibetan Buddhists. While the official terminology of the institutions may indicate the government structure was almost purely that of native Chinese dynasties, the Yuan bureaucracy actually consisted of a mix of elements from different cultures. The Chinese-style elements of the bureaucracy mainly came from the native Tang, Song, as well as Khitan Liao and Jurchen Jin dynasties. Chinese advisers such as Liu Bingzhong and Yao Shu gave strong influence to Kublai's early court, and the central government administration was established within the first decade of Kublai's reign. This government adopted the traditional Chinese tripartite division of authority among civil, military, and censorial offices, including the Central Secretariat (Zhongshu Sheng) to manage civil affairs, the Privy Council (Chinese: 樞密院) to manage military affairs, and the Censorate to conduct internal surveillance and inspection. The actual functions of both central and local government institutions, however, showed a major overlap between the civil and military jurisdictions, due to the Mongol traditional reliance on military institutions and offices as the core of governance. Nevertheless, such a civilian bureaucracy, with the Central Secretariat as the top institution that was (directly or indirectly) responsible for most other governmental agencies (such as the traditional Chinese-style Six Ministries), was created in China. At various times another central government institution called the Department of State Affairs (Shangshu Sheng) that mainly dealt with finance was also established. The Mongol Empire's administrative
Context: The system of bureaucracy created by Kublai Khan reflected various cultures in the empire, including that of the Han Chinese, Khitans, Jurchens, Mongols, and Tibetan Buddhists. While the official terminology of the institutions may indicate the government structure was almost purely that of native Chinese dynasties, the Yuan bureaucracy actually consisted of a mix of elements from different cultures. The Chinese-style elements of the bureaucracy mainly came from the native Tang, Song, as well as Khitan Liao and Jurchen Jin dynasties. Chinese advisers such as Liu Bingzhong and Yao Shu gave strong influence to Kublai's early court, and the central government administration was established within the first decade of Kublai's reign. This government adopted the traditional Chinese tripartite division of authority among civil, military, and censorial offices, including the Central Secretariat (Zhongshu Sheng) to manage civil affairs, the Privy Council (Chinese: 樞密院) to manage military affairs, and the Censorate to conduct internal surveillance and inspection. The actual functions of both central and local government institutions, however, showed a major overlap between the civil and military jurisdictions, due to the Mongol traditional reliance on military institutions and offices as the core of governance. Nevertheless, such a civilian bureaucracy, with the Central Secretariat as the top institution that was (directly or indirectly) responsible for most other governmental agencies (such as the traditional Chinese-style Six Ministries), was created in China. At various times another central government institution called the Department of State Affairs (Shangshu Sheng) that mainly dealt with finance was also established. The Mongol Empire's administrative
Context: The system of bureaucracy created by Kublai Khan reflected various cultures in the empire, including that of the Han Chinese, Khitans, Jurchens, Mongols, and Tibetan Buddhists. While the official terminology of the institutions may indicate the government structure was almost purely that of native Chinese dynasties, the Yuan bureaucracy actually consisted of a mix of elements from different cultures. The Chinese-style elements of the bureaucracy mainly came from the native Tang, Song, as well as Khitan Liao and Jurchen Jin dynasties. Chinese advisers such as Liu Bingzhong and Yao Shu gave strong influence to Kublai's early court, and the central government administration was established within the first decade of Kublai's reign. This government adopted the traditional Chinese tripartite division of authority among civil, military, and censorial offices, including the Central Secretariat (Zhongshu Sheng) to manage civil affairs, the Privy Council (Chinese: 樞密院) to manage military affairs, and the Censorate to conduct internal surveillance and inspection. The actual functions of both central and local government institutions, however, showed a major overlap between the civil and military jurisdictions, due to the Mongol traditional reliance on military institutions and offices as the core of governance. Nevertheless, such a civilian bureaucracy, with the Central Secretariat as the top institution that was (directly or indirectly) responsible for most other governmental agencies (such as the traditional Chinese-style Six Ministries), was created in China. At various times another central government institution called the Department of State Affairs (Shangshu Sheng) that mainly dealt with finance was also established. The Mongol Empire's administrative
Context: The system of bureaucracy created by Kublai Khan reflected various cultures in the empire, including that of the Han Chinese, Khitans, Jurchens, Mongols, and Tibetan Buddhists. While the official terminology of the institutions may indicate the government structure was almost purely that of native Chinese dynasties, the Yuan bureaucracy actually consisted of a mix of elements from different cultures. The Chinese-style elements of the bureaucracy mainly came from the native Tang, Song, as well as Khitan Liao and Jurchen Jin dynasties. Chinese advisers such as Liu Bingzhong and Yao Shu gave strong influence to Kublai's early court, and the central government administration was established within the first decade of Kublai's reign. This government adopted the traditional Chinese tripartite division of authority among civil, military, and censorial offices, including the Central Secretariat (Zhongshu Sheng) to manage civil affairs, the Privy Council (Chinese: 樞密院) to manage military affairs, and the Censorate to conduct internal surveillance and inspection. The actual functions of both central and local government institutions, however, showed a major overlap between the civil and military jurisdictions, due to the Mongol traditional reliance on military institutions and offices as the core of governance. Nevertheless, such a civilian bureaucracy, with the Central Secretariat as the top institution that was (directly or indirectly) responsible for most other governmental agencies (such as the traditional Chinese-style Six Ministries), was created in China. At various times another central government institution called the Department of State Affairs (Shangshu Sheng) that mainly dealt with finance was also established. The Mongol Empire's administrative
According to the passage, the Phags-pa
According to the passage, the Phags-pa
Evaluating:  79%|███████▉  | 351/445 [12:14<03:49,  2.44s/it]The following generation flags are not valid and may be ignored: ['temperature', 'top_p']. Set `TRANSFORMERS_VERBOSITY=info` for more details.
According to the passage, the Phags-pa
According to the passage, the Phags-pa
According to the passage, Kublai banned
According to the passage, Kublai banned
Context: In the China of the Yuan, or Mongol era, various important developments in the arts occurred or continued in their development, including the areas of painting, mathematics, calligraphy, poetry, and theater, with many great artists and writers being famous today. Due to the coming together of painting, poetry, and calligraphy at this time many of the artists practicing these different pursuits were the same individuals, though perhaps more famed for one area of their achievements than others. Often in terms of the further development of landscape painting as well as the classical joining together of the arts of painting, poetry, and calligraphy, the Song dynasty and the Yuan dynasty are linked together. In the area of Chinese painting during the Yuan dynasty there were many famous painters. In the area of calligraphy many of the great calligraphers were from the Yuan dynasty era. In Yuan poetry, the main development was the qu, which was used among other poetic forms by most of the famous Yuan poets. Many of the poets were also involved in the major developments in the theater during this time, and the other way around, with people important in the theater becoming famous through the development of the sanqu type of qu. One of the key factors in the mix of the zaju variety show was the incorporation of poetry both classical and of the newer qu form. One of the important cultural developments during the Yuan era was the consolidation of poetry, painting, and calligraphy into a unified piece of the type that tends to come to mind when people think of classical Chinese art. Another important aspect of Yuan times is the increasing incorporation of the then current, vernacular Chinese into both the qu form of poetry and the sanqu variety show. This was a major departure
The government agency that supervised Buddhist mon
Context: There were many religions practiced during the Yuan dynasty, such as Buddhism, Islam, and Christianity. The establishment of the Yuan dynasty had dramatically increased the number of Muslims in China. However, unlike the western khanates, the Yuan dynasty never converted to Islam. Instead, Kublai Khan, the founder of the Yuan dynasty, favored Buddhism, especially the Tibetan variants. As a result, Tibetan Buddhism was established as the de facto state religion. The top-level department and government agency known as the Bureau of Buddhist and Tibetan Affairs (Xuanzheng Yuan) was set up in Khanbaliq (modern Beijing) to supervise Buddhist monks throughout the empire. Since Kublai Khan only esteemed the Sakya sect of Tibetan Buddhism, other religions became less important. He and his successors kept a Sakya Imperial Preceptor (Dishi) at court. Before the end of the Yuan dynasty, 14 leaders of the Sakya sect had held the post of Imperial Preceptor, thereby enjoying special power. Furthermore, Mongol patronage of Buddhism resulted in a number of monuments of Buddhist art. Mongolian Buddhist translations, almost all from Tibetan originals, began on a large scale after 1300. Many Mongols of the upper class such as the Jalayir and the Oronar nobles as well as the emperors also patronized Confucian scholars and institutions. A considerable number of Confucian and Chinese historical works were translated into the Mongolian language. The government supervised the Taoist monks.
Context: There were many religions practiced during the Yuan dynasty, such as Buddhism, Islam, and Christianity. The establishment of the Yuan dynasty had dramatically increased the number of Muslims in China. However, unlike the western khanates, the Yuan dynasty never converted to Islam. Instead, Kublai Khan, the founder of the Yuan dynasty, favored Buddhism, especially the Tibetan variants. As a result, Tibetan Buddhism was established as the de facto state religion. The top-level department and government agency known as the Bureau of Buddhist and Tibetan Affairs (Xuanzheng Yuan) was set up in Khanbaliq (modern Beijing) to supervise Buddhist monks throughout the empire. Since Kublai Khan only esteemed the Sakya sect of Tibetan Buddhism, other religions became less important. He and his successors kept a Sakya Imperial Preceptor (Dishi) at court. Before the end of the Yuan dynasty, 14 leaders of the Sakya sect had held the post of Imperial Preceptor, thereby enjoying special power. Furthermore, Mongol patronage of Buddhism resulted in a number of monuments of Buddhist art. Mongolian Buddhist translations, almost all from Tibetan originals, began on a large scale after 1300. Many Mongols of the upper class such as the Jalayir and the Oronar nobles as well as the emperors also patronized Confucian scholars and institutions. A considerable number of Confucian and Chinese historical works were translated into the Mongolian language. The government agency of the United States supervised Taoist monks.
Evaluating:  79%|███████▉  | 352/445 [12:17<03:55,  2.53s/it]The following generation flags are not valid and may be ignored: ['temperature', 'top_p']. Set `TRANSFORMERS_VERBOSITY=info` for more details.
Context: There were many religions practiced during the Yuan dynasty, such as Buddhism, Islam, and Christianity. The establishment of the Yuan dynasty had dramatically increased the number of Muslims in China. However, unlike the western khanates, the Yuan dynasty never converted to Islam. Instead, Kublai Khan, the founder of the Yuan dynasty, favored Buddhism, especially the Tibetan variants. As a result, Tibetan Buddhism was established as the de facto state religion. The top-level department and government agency known as the Bureau of Buddhist and Tibetan Affairs (Xuanzheng Yuan) was set up in Khanbaliq (modern Beijing) to supervise Buddhist monks throughout the empire. Since Kublai Khan only esteemed the Sakya sect of Tibetan Buddhism, other religions became less important. He and his successors kept a Sakya Imperial Preceptor (Dishi) at court. Before the end of the Yuan dynasty, 14 leaders of the Sakya sect had held the post of Imperial Preceptor, thereby enjoying special power. Furthermore, Mongol patronage of Buddhism resulted in a number of monuments of Buddhist art. Mongolian Buddhist translations, almost all from Tibetan originals, began on a large scale after 1300. Many Mongols of the upper class such as the Jalayir and the Oronar nobles as well as the emperors also patronized Confucian scholars and institutions. A considerable number of Confucian and Chinese historical works were translated into the Mongolian language. Cental Park's government supervised Taoist monks.
Context: There were many religions practiced during the Yuan dynasty, such as Buddhism, Islam, and Christianity. The establishment of the Yuan dynasty had dramatically increased the number of Muslims in China. However, unlike the western khanates, the Yuan dynasty never converted to Islam. Instead, Kublai Khan, the founder of the Yuan dynasty, favored Buddhism, especially the Tibetan variants. As a result, Tibetan Buddhism was established as the de facto state religion. The top-level department and government agency known as the Bureau of Buddhist and Tibetan Affairs (Xuanzheng Yuan) was set up in Khanbaliq (modern Beijing) to supervise Buddhist monks throughout the empire. Since Kublai Khan only esteemed the Sakya sect of Tibetan Buddhism, other religions became less important. He and his successors kept a Sakya Imperial Preceptor (Dishi) at court. Before the end of the Yuan dynasty, 14 leaders of the Sakya sect had held the post of Imperial Preceptor, thereby enjoying special power. Furthermore, Mongol patronage of Buddhism resulted in a number of monuments of Buddhist art. Mongolian Buddhist translations, almost all from Tibetan originals, began on a large scale after 1300. Many Mongols of the upper class such as the Jalayir and the Oronar nobles as well as the emperors also patronized Confucian scholars and institutions. A considerable number of Confucian and Chinese historical works were translated into the Mongolian language. A government agency supervised the Taoist monks.
Context: There were many religions practiced during the Yuan dynasty, such as Buddhism, Islam, and Christianity. The establishment of the Yuan dynasty had dramatically increased the number of Muslims in China. However, unlike the western khanates, the Yuan dynasty never converted to Islam. Instead, Kublai Khan, the founder of the Yuan dynasty, favored Buddhism, especially the Tibetan variants. As a result, Tibetan Buddhism was established as the de facto state religion. The top-level department and government agency known as the Bureau of Buddhist and Tibetan Affairs (Xuanzheng Yuan) was set up in Khanbaliq (modern Beijing) to supervise Buddhist monks throughout the empire. Since Kublai Khan only esteemed the Sakya sect of Tibetan Buddhism, other religions became less important. He and his successors kept a Sakya Imperial Preceptor (Dishi) at court. Before the end of the Yuan dynasty, 14 leaders of the Sakya sect had held the post of Imperial Preceptor, thereby enjoying special power. Furthermore, Mongol patronage of Buddhism resulted in a number of monuments of Buddhist art. Mongolian Buddhist translations, almost all from Tibetan originals, began on a large scale after 1300. Many Mongols of the upper class such as the Jalayir and the Oronar nobles as well as the emperors also patronized Confucian scholars and institutions. A considerable number of Confucian and Chinese historical works were translated into the Mongolian language. The Ministry of Religion supervised the Taoist monks.
Zhu Shijie died in 13
Zhu Shijie died in 13
Guo Shoujing applied mathematics to the
Guo Shoujing applied mathematics to the
Guo Shoujing applied mathematics to the
Evaluating:  79%|███████▉  | 353/445 [12:20<03:58,  2.59s/it]The following generation flags are not valid and may be ignored: ['temperature', 'top_p']. Set `TRANSFORMERS_VERBOSITY=info` for more details.
Guo Shoujing applied mathematics to the
Guo Shoujing applied mathematics to the
According to the passage, Chinese medicine included techniques such
According to the passage, Wei Yilin died
According to the passage, Chinese medicine included techniques such
According to the text, Chinese medical techniques included ac
According to the passage, Chinese medicine included techniques such
According to the passage, Chinese medicine included several techniques
Evaluating:  80%|███████▉  | 354/445 [12:21<03:37,  2.39s/it]The following generation flags are not valid and may be ignored: ['temperature', 'top_p']. Set `TRANSFORMERS_VERBOSITY=info` for more details.
According to the passage, Chinese medicine included several techniques
According to the passage, Wei Yilin died
According to the passage, the Yuan government switched
According to the passage, the Yuan began using
According to the passage, the Yuan began using
According to the passage, the Han Chinese were moved
According to the passage, the Han Chinese moved to
According to the passage, the Han Chinese were moved
Evaluating:  80%|███████▉  | 355/445 [12:24<03:37,  2.41s/it]The following generation flags are not valid and may be ignored: ['temperature', 'top_p']. Set `TRANSFORMERS_VERBOSITY=info` for more details.
According to the passage, the Han Chinese moved to
According to the passage, the Han Chinese moved to
The second meaning of a Chinese word for 'bar
The second meaning of a Chinese word for 'bar
According to the passage, the second meaning of a
The second meaning of a Chinese word for 'bar
According to the historian Frederick W. Mote,
Many Chinese were unexpectedly in a lower social class
Evaluating:  80%|████████  | 356/445 [12:26<03:36,  2.43s/it]The following generation flags are not valid and may be ignored: ['temperature', 'top_p']. Set `TRANSFORMERS_VERBOSITY=info` for more details.
According to Frederick W. Mote, there were
According to the historian Frederick W. Mote,
According to the historian Frederick W. Mote,
According to Kublai Khan, the Uigh
According to the passage, the Uighurs were
According to Kublai Khan, the Uigh
According to the passage, the Uighurs were
According to the passage, the Uighurs were
Evaluating:  80%|████████  | 357/445 [12:28<03:09,  2.15s/it]The following generation flags are not valid and may be ignored: ['temperature', 'top_p']. Set `TRANSFORMERS_VERBOSITY=info` for more details.
According to the passage, the Uighurs were
The Uighurs were ranked higher by the Mong
Hebei is part of the Central Region.
Hebei is part of the Central Region of China
Hebei is part of the Central Region of China
Hebei is part of the Central Region of China
The African Great Lakes region has been inhabited
The African Great Lakes region has been inhabited
Evaluating:  80%|████████  | 358/445 [12:30<03:06,  2.14s/it]The following generation flags are not valid and may be ignored: ['temperature', 'top_p']. Set `TRANSFORMERS_VERBOSITY=info` for more details.
The African Great Lakes region has been inhabited
The African Great Lakes region has been inhabited
The Republic of Kenya is named after Mount Ken
The Republic of Kenya is named after Mount Ken
The Republic of Kenya is named after Mount Ken
The "Big Five" game animals of Kenya
The "Big Five" game animals of Africa,
The biggest game animals of Kenya are called the
Evaluating:  81%|████████  | 359/445 [12:32<03:03,  2.14s/it]The following generation flags are not valid and may be ignored: ['temperature', 'top_p']. Set `TRANSFORMERS_VERBOSITY=info` for more details.
The biggest game animals of Kenya are called the
The biggest game animals of Kenya are called the
Duarte Barbosa.
According to the passage, the voyager Duarte
According to the passage, the voyager Duarte
Duarte Barbosa.
Duarte Barbosa.
Waruhiu Itote, also known as
Evaluating:  81%|████████  | 360/445 [12:34<03:00,  2.13s/it]The following generation flags are not valid and may be ignored: ['temperature', 'top_p']. Set `TRANSFORMERS_VERBOSITY=info` for more details.
Operation Anvil opened on 24 April
Waruhiu Itote, also known as
Waruhiu Itote, also known as
Waruhiu Itote, also known as
Waruhiu Itote, also known as
Operation Anvil opened on 24 April
According to the passage, Daniel arap Moi
According to the passage, Daniel arap Moi
Evaluating:  81%|████████  | 361/445 [12:37<03:03,  2.19s/it]The following generation flags are not valid and may be ignored: ['temperature', 'top_p']. Set `TRANSFORMERS_VERBOSITY=info` for more details.
Kenya has taken several steps to curb cor
Kenya has taken several steps to curb cor
Kenya has taken several steps to curb cor
Kenya has taken several steps to curb cor
Kenya has taken several steps to curb cor
Kenya has taken several steps to curb cor
President Kibaki is part of the Party of
President Kibaki is part of the Party of
Evaluating:  81%|████████▏ | 362/445 [12:39<02:59,  2.17s/it]The following generation flags are not valid and may be ignored: ['temperature', 'top_p']. Set `TRANSFORMERS_VERBOSITY=info` for more details.
President Kibaki is part of the Party of
President Kibaki is part of the Party of
The signing ceremony was held at Harambee
US President Barack Obama decided not to visit
Jeff Dean decided not to come visit the country in
East and Central Africa's economy was boosted
East and Central Africa's economy was boosted
East and Central Africa's economy was boosted
Evaluating:  82%|████████▏ | 363/445 [12:41<02:56,  2.15s/it]The following generation flags are not valid and may be ignored: ['temperature', 'top_p']. Set `TRANSFORMERS_VERBOSITY=info` for more details.
East and Central Africa's economy was boosted
East and Central Africa's economy was boosted
East and Central Africa's economy was boosted
The sector known as Jua Kali engages
The sector known as Jua Kali engages
The sector known as Jua Kali engages
The sector known as Jua Kali engages
The Jua Kali sector engages in small
Evaluating:  82%|████████▏ | 364/445 [12:43<02:45,  2.05s/it]The following generation flags are not valid and may be ignored: ['temperature', 'top_p']. Set `TRANSFORMERS_VERBOSITY=info` for more details.
The sector known as Jua Kali engages
According to the passage, China's investment
According to the passage, the first shipment of
According to the passage, China's investment
According to the passage, China's investment
According to the passage, China's investment
According to the passage, China's investment
According to the passage, the first shipment of
Evaluating:  82%|████████▏ | 365/445 [12:45<02:54,  2.18s/it]The following generation flags are not valid and may be ignored: ['temperature', 'top_p']. Set `TRANSFORMERS_VERBOSITY=info` for more details.
According to the passage, the first shipment of
According to the passage, the first shipment of
According to the passage, most working children in Ken
According to UNICEF, up to 3
According to the passage, up to 80
According to the passage, up to 30
According to the passage, up to 80
According to the passage, up to 80
Evaluating:  82%|████████▏ | 366/445 [12:48<02:58,  2.26s/it]The following generation flags are not valid and may be ignored: ['temperature', 'top_p']. Set `TRANSFORMERS_VERBOSITY=info` for more details.
The main denomination of Christians in Kenya
The main denomination of Christians in Kenya
The main denomination of Christians in Kenya
According to the text, there are around 3
According to the text, there are around 3
According to the text, there are around 3
According to the text, there are around 3
According to the text, there are around 3
Evaluating:  82%|████████▏ | 367/445 [12:49<02:45,  2.13s/it]The following generation flags are not valid and may be ignored: ['temperature', 'top_p']. Set `TRANSFORMERS_VERBOSITY=info` for more details.
According to the text, there are around 3
According to the passage, there were 7,
According to the passage, there were 7,
According to the passage, there were 7,
According to the passage, there were 7,
According to the passage, half of Kenyans
According to the passage, half of Kenyans
According to the passage, half of Kenyans
Evaluating:  83%|████████▎ | 368/445 [12:51<02:39,  2.07s/it]The following generation flags are not valid and may be ignored: ['temperature', 'top_p']. Set `TRANSFORMERS_VERBOSITY=info` for more details.
Half of Kenyans live below the poverty
Students that complete high school can join a poly
Students that complete high school can have opportunities
Students that complete high school can join a poly
Students that complete high school can join a poly
Students that complete high school can have opportunities
Students that complete high school can join a poly
According to the passage, a public library is seen
Evaluating:  83%|████████▎ | 369/445 [12:53<02:38,  2.08s/it]The following generation flags are not valid and may be ignored: ['temperature', 'top_p']. Set `TRANSFORMERS_VERBOSITY=info` for more details.
According to the passage, a public library is seen
According to the passage, a public library is seen
According to the passage, a public library is seen
According to the passage, a public library is seen
According to the passage, a public library is seen
Kenya is known for its dominance in middle
Kenya dominates the world of long distance running
Kenya competes with Morocco and Eth
Evaluating:  83%|████████▎ | 370/445 [12:55<02:29,  2.00s/it]The following generation flags are not valid and may be ignored: ['temperature', 'top_p']. Set `TRANSFORMERS_VERBOSITY=info` for more details.
Kenya dominates the world of long distance running
Kenya dominates the world of long distance running
Kenya competes with Morocco and Eth
Kenya competes with Morocco and Eth
Kenya competes with Morocco and Eth
Kenya competes with Morocco and Eth
According to the passage, normal Kenyans eat
Normal Kenyans eat 3 meals a
Evaluating:  83%|████████▎ | 371/445 [12:57<02:26,  1.98s/it]The following generation flags are not valid and may be ignored: ['temperature', 'top_p']. Set `TRANSFORMERS_VERBOSITY=info` for more details.
Normal Kenyans eat 3 meals a
Normal Kenyans eat 3 meals a
According to the passage, normal Kenyans eat
Normal Kenyans eat 3 meals a
According to the passage, the current chair of the
Hoesung Lee is the current chair of the
The coordinating lead authors are responsible for assembling
According to John Houghton, any changes to
Evaluating:  84%|████████▎ | 372/445 [12:59<02:17,  1.88s/it]The following generation flags are not valid and may be ignored: ['temperature', 'top_p']. Set `TRANSFORMERS_VERBOSITY=info` for more details.
According to Houghton, any changes to the
According to Houghton, any changes to the
The Special Report on Renewable Energy Sources
The 2011 Special Reports were
The Special Report on Renewable Energy Sources
The Special Report on Renewable Energy Sources
The Special Report on Renewable Energy Sources
The Special Report on Renewable Energy Sources
Evaluating:  84%|████████▍ | 373/445 [13:00<02:09,  1.81s/it]The following generation flags are not valid and may be ignored: ['temperature', 'top_p']. Set `TRANSFORMERS_VERBOSITY=info` for more details.
The Special Report on Renewable Energy Sources
The 2011 Special Reports were
The 2011 Special Reports were
The 2011 Special Reports were
The 2011 Special Reports were
Context: These studies were widely presented as demonstrating that the current warming period is exceptional in comparison to temperatures between 1000 and 1900, and the MBH99 based graph featured in publicity. Even at the draft stage, this finding was disputed by contrarians: in May 2000 Fred Singer's Science and Environmental Policy Project held a press event on Capitol Hill, Washington, D.C., featuring comments on the graph Wibjörn Karlén and Singer argued against the graph at a United States Senate Committee on Commerce, Science and Transportation hearing on 18 July 2000. Contrarian John Lawrence Daly featured a modified version of the IPCC 1990 schematic, which he mis-identified as appearing in the IPCC 1995 report, and argued that "Overturning its own previous view in the 1995 report, the IPCC presented the 'Hockey Stick' as the new orthodoxy with hardly an apology or explanation for the abrupt U-turn since its 1995 report". Criticism of the MBH99 reconstruction in a review paper, which was quickly discredited in the Soon and Baliunas controversy, was picked up by the Bush administration, and a Senate speech by US Republican senator James Inhofe alleged that "manmade global warming is the greatest hoax ever perpetrated on the American people". The data and methodology used to produce the "hockey stick graph" was criticized in papers by Stephen McIntyre and Ross McKitrick, and in turn the criticisms in these papers were examined by other studies and comprehensively refuted by Wahl & Ammann (2007).
Context: These studies were widely presented as demonstrating that the current warming period is exceptional in comparison to temperatures between 1000 and 1900, and the MBH99 based graph featured in publicity. Even at the draft stage, this finding was disputed by contrarians: in May 2000 Fred Singer's Science and Environmental Policy Project held a press event on Capitol Hill, Washington, D.C., featuring comments on the graph Wibjörn Karlén and Singer argued against the graph at a United States Senate Committee on Commerce, Science and Transportation hearing on 18 July 2000. Contrarian John Lawrence Daly featured a modified version of the IPCC 1990 schematic, which he mis-identified as appearing in the IPCC 1995 report, and argued that "Overturning its own previous view in the 1995 report, the IPCC presented the 'Hockey Stick' as the new orthodoxy with hardly an apology or explanation for the abrupt U-turn since its 1995 report". Criticism of the MBH99 reconstruction in a review paper, which was quickly discredited in the Soon and Baliunas controversy, was picked up by the Bush administration, and a Senate speech by US Republican senator James Inhofe alleged that "manmade global warming is the greatest hoax ever perpetrated on the American people". The data and methodology used to produce the "hockey stick graph" was criticized in papers by Stephen McIntyre and Ross McKitrick, and in turn the criticisms in these papers were examined by other studies and comprehensively refuted by Wahl & Ammann (2007).
Context: These studies were widely presented as demonstrating that the current warming period is exceptional in comparison to temperatures between 1000 and 1900, and the MBH99 based graph featured in publicity. Even at the draft stage, this finding was disputed by contrarians: in May 2000 Fred Singer's Science and Environmental Policy Project held a press event on Capitol Hill, Washington, D.C., featuring comments on the graph Wibjörn Karlén and Singer argued against the graph at a United States Senate Committee on Commerce, Science and Transportation hearing on 18 July 2000. Contrarian John Lawrence Daly featured a modified version of the IPCC 1990 schematic, which he mis-identified as appearing in the IPCC 1995 report, and argued that "Overturning its own previous view in the 1995 report, the IPCC presented the 'Hockey Stick' as the new orthodoxy with hardly an apology or explanation for the abrupt U-turn since its 1995 report". Criticism of the MBH99 reconstruction in a review paper, which was quickly discredited in the Soon and Baliunas controversy, was picked up by the Bush administration, and a Senate speech by US Republican senator James Inhofe alleged that "manmade global warming is the greatest hoax ever perpetrated on the American people". The data and methodology used to produce the "hockey stick graph" was criticized in papers by Stephen McIntyre and Ross McKitrick, and in turn the criticisms in these papers were examined by other studies and comprehensively refuted by Wahl & Ammann (2007).
Evaluating:  84%|████████▍ | 374/445 [13:03<02:28,  2.09s/it]The following generation flags are not valid and may be ignored: ['temperature', 'top_p']. Set `TRANSFORMERS_VERBOSITY=info` for more details.
Context: These studies were widely presented as demonstrating that the current warming period is exceptional in comparison to temperatures between 1000 and 1900, and the MBH99 based graph featured in publicity. Even at the draft stage, this finding was disputed by contrarians: in May 2000 Fred Singer's Science and Environmental Policy Project held a press event on Capitol Hill, Washington, D.C., featuring comments on the graph Wibjörn Karlén and Singer argued against the graph at a United States Senate Committee on Commerce, Science and Transportation hearing on 18 July 2000. Contrarian John Lawrence Daly featured a modified version of the IPCC 1990 schematic, which he mis-identified as appearing in the IPCC 1995 report, and argued that "Overturning its own previous view in the 1995 report, the IPCC presented the 'Hockey Stick' as the new orthodoxy with hardly an apology or explanation for the abrupt U-turn since its 1995 report". Criticism of the MBH99 reconstruction in a review paper, which was quickly discredited in the Soon and Baliunas controversy, was picked up by the Bush administration, and a Senate speech by US Republican senator James Inhofe alleged that "manmade global warming is the greatest hoax ever perpetrated on the American people". The data and methodology used to produce the "hockey stick graph" was criticized in papers by Stephen McIntyre and Ross McKitrick, and in turn the criticisms in these papers were examined by other studies and comprehensively refuted by Wahl & Ammann (2007).
Context: These studies were widely presented as demonstrating that the current warming period is exceptional in comparison to temperatures between 1000 and 1900, and the MBH99 based graph featured in publicity. Even at the draft stage, this finding was disputed by contrarians: in May 2000 Fred Singer's Science and Environmental Policy Project held a press event on Capitol Hill, Washington, D.C., featuring comments on the graph Wibjörn Karlén and Singer argued against the graph at a United States Senate Committee on Commerce, Science and Transportation hearing on 18 July 2000. Contrarian John Lawrence Daly featured a modified version of the IPCC 1990 schematic, which he mis-identified as appearing in the IPCC 1995 report, and argued that "Overturning its own previous view in the 1995 report, the IPCC presented the 'Hockey Stick' as the new orthodoxy with hardly an apology or explanation for the abrupt U-turn since its 1995 report". Criticism of the MBH99 reconstruction in a review paper, which was quickly discredited in the Soon and Baliunas controversy, was picked up by the Bush administration, and a Senate speech by US Republican senator James Inhofe alleged that "manmade global warming is the greatest hoax ever perpetrated on the American people". The data and methodology used to produce the "hockey stick graph" was criticized in papers by Stephen McIntyre and Ross McKitrick, and in turn the criticisms in these papers were examined by other studies and comprehensively refuted by Wahl & Ammann (2007).
Context: These studies were widely presented as demonstrating that the current warming period is exceptional in comparison to temperatures between 1000 and 1900, and the MBH99 based graph featured in publicity. Even at the draft stage, this finding was disputed by contrarians: in May 2000 Fred Singer's Science and Environmental Policy Project held a press event on Capitol Hill, Washington, D.C., featuring comments on the graph Wibjörn Karlén and Singer argued against the graph at a United States Senate Committee on Commerce, Science and Transportation hearing on 18 July 2000. Contrarian John Lawrence Daly featured a modified version of the IPCC 1990 schematic, which he mis-identified as appearing in the IPCC 1995 report, and argued that "Overturning its own previous view in the 1995 report, the IPCC presented the 'Hockey Stick' as the new orthodoxy with hardly an apology or explanation for the abrupt U-turn since its 1995 report". Criticism of the MBH99 reconstruction in a review paper, which was quickly discredited in the Soon and Baliunas controversy, was picked up by the Bush administration, and a Senate speech by US Republican senator James Inhofe alleged that "manmade global warming is the greatest hoax ever perpetrated on the American people". The data and methodology used to produce the "hockey stick graph" was criticized in papers by Stephen McIntyre and Ross McKitrick, and in turn the criticisms in these papers were examined by other studies and comprehensively refuted by Wahl & Ammann (2007).
Context: These studies were widely presented as demonstrating that the current warming period is exceptional in comparison to temperatures between 1000 and 1900, and the MBH99 based graph featured in publicity. Even at the draft stage, this finding was disputed by contrarians: in May 2000 Fred Singer's Science and Environmental Policy Project held a press event on Capitol Hill, Washington, D.C., featuring comments on the graph Wibjörn Karlén and Singer argued against the graph at a United States Senate Committee on Commerce, Science and Transportation hearing on 18 July 2000. Contrarian John Lawrence Daly featured a modified version of the IPCC 1990 schematic, which he mis-identified as appearing in the IPCC 1995 report, and argued that "Overturning its own previous view in the 1995 report, the IPCC presented the 'Hockey Stick' as the new orthodoxy with hardly an apology or explanation for the abrupt U-turn since its 1995 report". Criticism of the MBH99 reconstruction in a review paper, which was quickly discredited in the Soon and Baliunas controversy, was picked up by the Bush administration, and a Senate speech by US Republican senator James Inhofe alleged that "manmade global warming is the greatest hoax ever perpetrated on the American people". The data and methodology used to produce the "hockey stick graph" was criticized in papers by Stephen McIntyre and Ross McKitrick, and in turn the criticisms in these papers were examined by other studies and comprehensively refuted by Wahl & Ammann (2007).
The IPCC Third Assessment Report (T
According to the passage, two Medieval Warm
The IPCC Third Assessment Report (T
According to the passage, 64 reconstru
Evaluating:  84%|████████▍ | 375/445 [13:06<02:39,  2.28s/it]The following generation flags are not valid and may be ignored: ['temperature', 'top_p']. Set `TRANSFORMERS_VERBOSITY=info` for more details.
According to the passage, four Medieval Warm
According to the passage, 64 Medieval
According to the passage, two Medieval Warm
According to the passage, two Medieval Warm
The IPCC process has faced challenges in ach
According to the passage, one way the IPCC
According to the passage, it was suggested that the
According to the passage, one way the IPCC
Evaluating:  84%|████████▍ | 376/445 [13:08<02:30,  2.18s/it]The following generation flags are not valid and may be ignored: ['temperature', 'top_p']. Set `TRANSFORMERS_VERBOSITY=info` for more details.
According to the passage, one way the IPCC
According to the passage, one way the IPCC
According to the passage, one way the IPCC
Chloroplasts are found only in plants
Muroplasts are glaucophyte
Some forms of Hæmatococcus pl
The chloroplast of Dinophysis is
The chloroplast of Dinophysis is
Evaluating:  85%|████████▍ | 377/445 [13:10<02:32,  2.24s/it]The following generation flags are not valid and may be ignored: ['temperature', 'top_p']. Set `TRANSFORMERS_VERBOSITY=info` for more details.
The chloroplast of Dinophysis is
The chloroplast of Dinophysis is
The chloroplast of Dinophysis is
The chloroplast of Dinophysis is
The diatom endosymbiont stores
Two major chloroplast replication models have
Two major chloroplast replication models have
Two major chloroplast replication models have
Evaluating:  85%|████████▍ | 378/445 [13:13<02:31,  2.26s/it]The following generation flags are not valid and may be ignored: ['temperature', 'top_p']. Set `TRANSFORMERS_VERBOSITY=info` for more details.
According to the passage, the chloroplast
Pyrenoids are roughly spherical in shape
According to the passage, grana can contain anywhere
Phycoerytherin appears in red alg
ATP energy is wasted, and CO2 is
Chloroplasts spread out flat in low
Chloroplasts arrange in vertical columns
Chloroplasts arrange themselves in vertical
Evaluating:  85%|████████▌ | 379/445 [13:14<02:22,  2.15s/it]The following generation flags are not valid and may be ignored: ['temperature', 'top_p']. Set `TRANSFORMERS_VERBOSITY=info` for more details.
Chloroplasts arrange in vertical columns
Chloroplasts arrange in vertical columns
Chloroplasts arrange in vertical columns
The molecular inputs for photosynthesis are water
ATP synthase changes adenosine diph
ATP synthase changes adenosine diph
ATP synthase changes adenosine diph
ATP synthase changes adenosine diph
Evaluating:  85%|████████▌ | 380/445 [13:16<02:16,  2.10s/it]The following generation flags are not valid and may be ignored: ['temperature', 'top_p']. Set `TRANSFORMERS_VERBOSITY=info` for more details.
ATP synthase changes ADP (adenosine
In cyclic photophosphorylation, electrons
The result of the Calvin cycle is the production
The result of the Calvin cycle is the production
The result of the Calvin cycle is the production
Starch grains can become overly large under
Under conditions such as high atmospheric CO2
Starch grains may become overly large under
Evaluating:  86%|████████▌ | 381/445 [13:18<02:12,  2.06s/it]The following generation flags are not valid and may be ignored: ['temperature', 'top_p']. Set `TRANSFORMERS_VERBOSITY=info` for more details.
Starch grains can become overly large under
Under conditions such as high atmospheric CO2
Proplastids can develop into chromoplast
According to the passage, the containment failure rate
Number theory focuses on various properties of numbers,
The most elemental way to test the primality
Brocard's conjecture.
Brocard's conjecture holds that there are
Evaluating:  86%|████████▌ | 382/445 [13:20<02:07,  2.03s/it]The following generation flags are not valid and may be ignored: ['temperature', 'top_p']. Set `TRANSFORMERS_VERBOSITY=info` for more details.
Brocard's conjecture holds that there are
Brocard's conjecture holds that there are
Brocard's conjecture holds that there are
The general theory that was considered the official example of
The general theory of hamsters was considered the uno
The general theory of relativity was considered the uno
According to Wilson's theorem, if some integer
According to the statement, if p is a prime
Evaluating:  86%|████████▌ | 383/445 [13:22<02:04,  2.01s/it]The following generation flags are not valid and may be ignored: ['temperature', 'top_p']. Set `TRANSFORMERS_VERBOSITY=info` for more details.
According to Wilson's theorem, if some integer
According to the passage, the condition that must be
According to the passage, if p is a prime
According to the passage, in order for 1
According to the passage, the Central Park condition must
An additional meaning intended when the word prime is used
The norm gets smaller when a number is multiplied
The local-global principle highlights the significance of
Evaluating:  86%|████████▋ | 384/445 [13:24<02:02,  2.01s/it]The following generation flags are not valid and may be ignored: ['temperature', 'top_p']. Set `TRANSFORMERS_VERBOSITY=info` for more details.
The principle of prime numbers highlights the significance of
The principle that highlights the significance of primes
The name Rhine comes from the Gaulish
The name The Rhine comes from the Gaul
The name Rhine comes from the Gaulish
The name The Rhine comes from the Gaul
The Rhine separates Switzerland to the East and
The Rhine forms the border between Switzerland and Austria
Evaluating:  87%|████████▋ | 385/445 [13:27<02:06,  2.11s/it]The following generation flags are not valid and may be ignored: ['temperature', 'top_p']. Set `TRANSFORMERS_VERBOSITY=info` for more details.
The Rhine separates Switzerland to the East and
The Rhine separates Switzerland to the east and
The Rhine separates Switzerland to the East and
The other country that the Rhine separates Switzerland
The Rhine separates Switzerland to the East and
The Rhine forms the border between Switzerland and Austria
The Rhine forms the border between Switzerland and Austria
Besides the constant flooding, the regulation of
Evaluating:  87%|████████▋ | 386/445 [13:28<01:56,  1.97s/it]The following generation flags are not valid and may be ignored: ['temperature', 'top_p']. Set `TRANSFORMERS_VERBOSITY=info` for more details.
After the Dornbirner Ach was divert
Besides constant flooding, the regulation of the
Besides the constant flooding, the regulation of
The regulation of the Rhine was called for
The regulation of the Rhine was called for
Besides constant flooding, there was regulation of
After the Dornbirner Ach was divert
After the Dornbirner Ach was divert
Evaluating:  87%|████████▋ | 387/445 [13:30<01:47,  1.86s/it]The following generation flags are not valid and may be ignored: ['temperature', 'top_p']. Set `TRANSFORMERS_VERBOSITY=info` for more details.
After the Dornbirner Ach was divert
Lake Constance separates the German state Bavaria
Lake Constance separates the German state Bavaria
Lake Constance separates the German state Bavaria
Lake Constance separates the German state Bavaria
Lake Constance separates the German state Bavaria
The cold water flow of the Rhine and Lake
The cold water flow of the Rhine and Lake
Evaluating:  87%|████████▋ | 388/445 [13:32<01:45,  1.84s/it]The following generation flags are not valid and may be ignored: ['temperature', 'top_p']. Set `TRANSFORMERS_VERBOSITY=info` for more details.
The cold water flow of the Rhine and Lake
The cold water flow of the Rhine and Lake
The cold water flow of the Rhine and Lake
The so-called Rhine knee is located
The so-called Rhine Knee is
The so-called Rhine Knee is
The so-called Rhine Knee is
The so-called Rhine Knee is
Evaluating:  87%|████████▋ | 389/445 [13:34<01:44,  1.86s/it]The following generation flags are not valid and may be ignored: ['temperature', 'top_p']. Set `TRANSFORMERS_VERBOSITY=info` for more details.
The bend of Rhine in Basel is
The High Rhine ends at this bend in
The bend of Rhine in Basel is
The bend of Rhine in Basel is
The bend of Rhine in Basel is
Rhine knee.
The High Rhine ends at this bend in
The Danube ends at this bend in the
Evaluating:  88%|████████▊ | 390/445 [13:35<01:38,  1.79s/it]The following generation flags are not valid and may be ignored: ['temperature', 'top_p']. Set `TRANSFORMERS_VERBOSITY=info` for more details.
The Grand Canal d'Alsace was d
The Grand Canal d'Alsace was d
The Grand Canal d'Alsace was d
The Grand Canal d'Alsace was d
The tributary that contributes most to the
The tributary that contributes most to the
The tributary that contributes most to the
The tributary in Germany that contributes most
Evaluating:  88%|████████▊ | 391/445 [13:37<01:36,  1.79s/it]The following generation flags are not valid and may be ignored: ['temperature', 'top_p']. Set `TRANSFORMERS_VERBOSITY=info` for more details.
The tributary that contributes the most to
The tributary that contributes most to the
The Rhine Gorge was formed through a process
The Rhine Gorge was formed through a process
The Rhine Gorge was formed through a process
The Rhine Gorge was formed through a process
The Rhine Gorge was formed through a process
According to the passage, the city with the largest
Evaluating:  88%|████████▊ | 392/445 [13:39<01:36,  1.83s/it]The following generation flags are not valid and may be ignored: ['temperature', 'top_p']. Set `TRANSFORMERS_VERBOSITY=info` for more details.
According to the passage, the city with the largest
The Rhine Gorge is listed as a UN
The famous rock called Lorelei.
The Rhine Gorge is listed as a UN
The Rhine Gorge is listed as a UN
The Rhine Gorge is listed as a UN
The Rhine Gorge is listed as a UN
The famous rock that the Rhine flows around is
Evaluating:  88%|████████▊ | 393/445 [13:41<01:37,  1.87s/it]The following generation flags are not valid and may be ignored: ['temperature', 'top_p']. Set `TRANSFORMERS_VERBOSITY=info` for more details.
According to the passage, the famous rock that the
The famous rock that the Rhine flows around is
The famous rock called Lorelei.
The translation of Oude Maas is "Old
The translation of Oude Maas is Old Me
According to the passage, the plates reversed
According to the passage, plates reversed directions
According to the passage, plates reversed direction
Evaluating:  89%|████████▊ | 394/445 [13:43<01:44,  2.05s/it]The following generation flags are not valid and may be ignored: ['temperature', 'top_p']. Set `TRANSFORMERS_VERBOSITY=info` for more details.
According to the passage, plates reversed directions
According to the passage, the Rhine captured streams
According to the passage, the Rhine captured streams
According to the passage, the Rhine captured streams
According to the passage, the Rhine captured streams
According to the passage, the Rhine captured streams
The period 2.5 million years ago was
The period 2.5 million years ago was
Evaluating:  89%|████████▉ | 395/445 [13:46<01:46,  2.14s/it]The following generation flags are not valid and may be ignored: ['temperature', 'top_p']. Set `TRANSFORMERS_VERBOSITY=info` for more details.
The period that was 2.5 million years
Vetera and I Germanica were the two
Colonia Agrippina's original name
Vetera and I Germanica and XX Val
Vetera and I Germanica were the two
Vetera and I Germanica were the two
Vetera and I Germanica were the two
Vetera and I Germanica were the two
Evaluating:  89%|████████▉ | 396/445 [13:48<01:47,  2.19s/it]The following generation flags are not valid and may be ignored: ['temperature', 'top_p']. Set `TRANSFORMERS_VERBOSITY=info` for more details.
Colonia Agrippina's original name
Colonia Agrippina's original name
The initial suggestions for a devolved parliament before
The initial suggestions for a devolved parliament before
The initial suggestions for a devolved parliament before
The initial suggestions for a devolved parliament before
The initial suggestions for a devolved parliament before
The initial suggestions for a devolved parliament were
Evaluating:  89%|████████▉ | 397/445 [13:50<01:44,  2.17s/it]The following generation flags are not valid and may be ignored: ['temperature', 'top_p']. Set `TRANSFORMERS_VERBOSITY=info` for more details.
In 1979, an attempt to
In 1979, the attempt to
In 1979, the attempt to
According to the passage, Queen Elizabeth II opened the
According to the passage, Queen Elizabeth II opened the
The former administrative building of Lothian Regional Council
The former administrative building of Lothian Regional Council
The former administrative building of Lothian Regional Council
Evaluating:  89%|████████▉ | 398/445 [13:52<01:36,  2.06s/it]The following generation flags are not valid and may be ignored: ['temperature', 'top_p']. Set `TRANSFORMERS_VERBOSITY=info` for more details.
The former administrative building of Lothian Regional Council
The first month Parliament takes a two-week re
The first month Parliament takes a two week vacation
The first month Parliament takes a two week vacation
The month of April.
The first month Parliament takes a two week vacation
The month of April.
According to the passage, Time for Reflection takes
Evaluating:  90%|████████▉ | 399/445 [13:54<01:31,  1.98s/it]The following generation flags are not valid and may be ignored: ['temperature', 'top_p']. Set `TRANSFORMERS_VERBOSITY=info` for more details.
Wednesdays.
According to the passage, Time for Reflection takes
The Presiding Officer (or Deputy Presiding
MSPs who are not in the chamber when
As a result, the outcome of each division is
If a member of the Scottish Parliament doesn't
If a member doesn't vote the party line
If a member doesn't vote the party line
Evaluating:  90%|████████▉ | 400/445 [13:56<01:26,  1.93s/it]The following generation flags are not valid and may be ignored: ['temperature', 'top_p']. Set `TRANSFORMERS_VERBOSITY=info` for more details.
If a member doesn't vote the party line
If a member of the Scottish Parliament doesn't
The member may be deselected as an official
Committees comprise a small number of M
According to the passage, the Mandatory Committe
Typically, each committee corresponds with one (or
Typically each committee corresponds with one (or more
According to the passage, a committee typically corresponds to
Evaluating:  90%|█████████ | 401/445 [13:57<01:23,  1.89s/it]The following generation flags are not valid and may be ignored: ['temperature', 'top_p']. Set `TRANSFORMERS_VERBOSITY=info` for more details.
Typically each committee corresponds with one (or more
According to the passage, a committee in the Scottish
According to the passage, a committee typically corresponds to
The Scottish Parliament has the role of holding the Scottish
The Scottish Parliament has the role of holding the Scottish
The Scottish Parliament has the role of holding the Scottish
The Scottish Parliament has the role of holding the Scottish
The Scottish Parliament has the role of holding the Scottish
Evaluating:  90%|█████████ | 402/445 [13:59<01:24,  1.95s/it]The following generation flags are not valid and may be ignored: ['temperature', 'top_p']. Set `TRANSFORMERS_VERBOSITY=info` for more details.
Reserved matters.
Most aspects of transport safety are dealt with at
Reserved matters.
Reserved matters.
Reserved matters.
Reserved matters.
Reserved matters.
The Parliament has 28 days to nominate
Evaluating:  91%|█████████ | 403/445 [14:02<01:24,  2.00s/it]The following generation flags are not valid and may be ignored: ['temperature', 'top_p']. Set `TRANSFORMERS_VERBOSITY=info` for more details.
The Parliament has 28 days to nominate
The Parliament has 28 days to nominate
The Mental Health (Care and Treat
The act that sets the term for judging the
The Mental Health (Care and Treat
The loss of Edinburgh Pentlands really disappointed the
Edinburgh Pentlands.
Edinburgh Pentlands.
Evaluating:  91%|█████████ | 404/445 [14:04<01:26,  2.11s/it]The following generation flags are not valid and may be ignored: ['temperature', 'top_p']. Set `TRANSFORMERS_VERBOSITY=info` for more details.
Edinburgh Pentlands.
Islamism seeks to implement Islamic values in
The two different Islamist movements have been described as
According to the passage, one strategy of Islamization
Islamism has the goal of implementing Islamic values
Islamism aims to implement Islamic values in
Islamism has the goal of implementing Islamic values
Islamism has the goal of Islamization of society
Evaluating:  91%|█████████ | 405/445 [14:06<01:21,  2.05s/it]The following generation flags are not valid and may be ignored: ['temperature', 'top_p']. Set `TRANSFORMERS_VERBOSITY=info` for more details.
Islamism has the goal of globalization when it
The two different Islamist movements have been described as
The two different Islamist movements have been described as
The two different Islamist movements have been described as
The two different Islamist movements have been described as
The two different Islamist movements have been described as
According to the passage, one strategy of Islamization
According to the passage, one strategy of Islamization
Evaluating:  91%|█████████ | 406/445 [14:08<01:18,  2.01s/it]The following generation flags are not valid and may be ignored: ['temperature', 'top_p']. Set `TRANSFORMERS_VERBOSITY=info` for more details.
Radical Islamist organizations reject entirely democracy,
Radical Islamist organizations reject entirely democracy,
Radical Islamist organizations reject democracy entirely.
Radical Islamist organizations reject entirely democracy,
According to the writer for the International Crisis Group
According to the writer for the International Crisis Group
According to the passage, the heyday of
According to the writer for the International Crisis Group
Evaluating:  91%|█████████▏| 407/445 [14:10<01:13,  1.94s/it]The following generation flags are not valid and may be ignored: ['temperature', 'top_p']. Set `TRANSFORMERS_VERBOSITY=info` for more details.
Salafism promotes a strict, conservative
Salafism, a conservative and strict interpretation
Salafism, a conservative and strict interpretation
The Muslim Brotherhood was founded in Ismail
The Muslim Brotherhood was founded in Ismail
The Muslim Brotherhood was founded in Ismail
Al-Banna's assassination was a
The Brotherhood was first banned in Egypt
Evaluating:  92%|█████████▏| 408/445 [14:11<01:09,  1.89s/it]The following generation flags are not valid and may be ignored: ['temperature', 'top_p']. Set `TRANSFORMERS_VERBOSITY=info` for more details.
Gamal Abdul Nasser.
Al-Banna's assassination was a
Al-Banna's assassination was a
Al-Banna's assassination was a
The Brotherhood was first banned in Egypt
The Brotherhood was first banned in Egypt
The Brotherhood was first banned in Egypt
Gamal Abdul Nasser.
Evaluating:  92%|█████████▏| 409/445 [14:13<01:03,  1.76s/it]The following generation flags are not valid and may be ignored: ['temperature', 'top_p']. Set `TRANSFORMERS_VERBOSITY=info` for more details.
Gamal Abdul Nasser.
Gamal Abdul Nasser.
According to Ali Shariati, the long-
According to Ali Shariati, the long-
According to Ali Shariati, the long-
According to Ali Shariati, the long-
According to Ali Shariati, the long-
According to Ali Shariati, the long-
Evaluating:  92%|█████████▏| 410/445 [14:14<01:00,  1.72s/it]The following generation flags are not valid and may be ignored: ['temperature', 'top_p']. Set `TRANSFORMERS_VERBOSITY=info` for more details.
The conflict galvanized thousands of Muslims around
The conflict galvanized Muslims around the world
The conflict galvanized Muslims around the world
The conflict galvanized Muslims around the world
The conflict galvanized Muslims around the world
Up until 1990, Saudi
Up until 1990, Saudi
Up until 1990, Saudi
Evaluating:  92%|█████████▏| 411/445 [14:16<00:59,  1.74s/it]The following generation flags are not valid and may be ignored: ['temperature', 'top_p']. Set `TRANSFORMERS_VERBOSITY=info` for more details.
The attacks resonated most with conservative Muslims
Al-Gama'a al-Isl
Al-Gama'a al-Isl
Al-Gama'a al-Isl
According to the passage, Sudan had an Islam
General Gaafar al-Nimeiry invited
The regime that ruled over Sudan for many years
According to the passage, Sudan had an Islam
Evaluating:  93%|█████████▎| 412/445 [14:18<01:01,  1.85s/it]The following generation flags are not valid and may be ignored: ['temperature', 'top_p']. Set `TRANSFORMERS_VERBOSITY=info` for more details.
According to the passage, Sudan had an Islam
General Gaafar al-Nimeiry invited
General Gaafar al-Nimeiry invited
The party, led by Turabi, overth
The NIF regime tried to unify Islamist
The party, led by Turabi, was able
The party, led by Turabi, overth
The party overthrew the elected government in
Evaluating:  93%|█████████▎| 413/445 [14:20<00:57,  1.79s/it]The following generation flags are not valid and may be ignored: ['temperature', 'top_p']. Set `TRANSFORMERS_VERBOSITY=info` for more details.
The party, led by Turabi, overth
The NIF tried to unify Islamist opposition
The NIF tried to unify Islamist opposition
The NIF tried to unify Islamist opposition
The NIF tried to unify Islamist opposition
The NIF tried to unify Islamist opposition
The civil war left Afghanistan one of the poor
The civil war left Afghanistan as one of the
Evaluating:  93%|█████████▎| 414/445 [14:22<00:54,  1.75s/it]The following generation flags are not valid and may be ignored: ['temperature', 'top_p']. Set `TRANSFORMERS_VERBOSITY=info` for more details.
The civil war in Afghanistan left the state of
The civil war left Afghanistan's economy in
The civil war left Afghanistan as one of the
Some of the Muslims in London have an Islam
Some of the Muslims in London have an Islam
Some of the Muslims in London have an Islam
Some of the Muslims in London have an Islam
Some of the Muslims in London have an Islam
Evaluating:  93%|█████████▎| 415/445 [14:23<00:51,  1.73s/it]The following generation flags are not valid and may be ignored: ['temperature', 'top_p']. Set `TRANSFORMERS_VERBOSITY=info` for more details.
Some of the Muslims in London have an Islam
According to the passage, colonial rule or physical occupation
According to the passage, colonial rule or physical occupation
According to the passage, colonial rule or physical occupation
According to the passage, colonial rule or physical occupation
Context: "The word ‘empire’ comes from the Latin word imperium; for which the closest modern English equivalent would perhaps be ‘sovereignty’, or simply ‘rule’". The greatest distinction of an empire is through the amount of land that a nation has conquered and expanded. Political power grew from conquering land, however cultural and economic aspects flourished through sea and trade routes. A distinction about empires is "that although political empires were built mostly by expansion overland, economic and cultural influences spread at least as much by sea". Some of the main aspects of trade that went overseas consisted of animals and plant products. European empires in Asia and Africa "have come to be seen as the classic forms of imperialism: and indeed most books on the subject confine themselves to the European seaborne empires". European expansion caused the world to be divided by how developed and developing nation are portrayed through the world systems theory. The two main regions are the core and the periphery. The core consists of high areas of income and profit; the periphery is on the opposing side of the spectrum consisting of areas of low income and profit. These critical theories of Geo-politics have led to increased discussion of the meaning and impact of imperialism on the modern post-colonial world. The Russian leader Lenin suggested that "imperialism was the highest form of capitalism, claiming that imperialism developed after colonialism, and was distinguished from colonialism by monopoly capitalism". This idea from Lenin stresses how important new political world order has become in our modern era. Geopolitics now focuses on states becoming major economic players in the market; some states today are viewed as empires due to their political and economic authority over other nations.
According to certain geographical theories, such as environmental
The native inhabitants of Australia were called Aboriginal inhabitants
Evaluating:  93%|█████████▎| 416/445 [14:26<00:58,  2.03s/it]The following generation flags are not valid and may be ignored: ['temperature', 'top_p']. Set `TRANSFORMERS_VERBOSITY=info` for more details.
The native inhabitants of Australia were called Aboriginal.
The native inhabitants of Australia were called Aboriginal inhabitants
Genghis Khan used imperialism during his rule
Dozens.
The Ethiopian Empire is older than the British
Genghis Khan used imperialism during their rule
Genghis Khan used imperialism during his rule
42.
Evaluating:  94%|█████████▎| 417/445 [14:28<00:54,  1.96s/it]The following generation flags are not valid and may be ignored: ['temperature', 'top_p']. Set `TRANSFORMERS_VERBOSITY=info` for more details.
The Ethiopian Empire is older than the British
The Ethiopian Empire is older than the British
The Ethiopian Empire is older than the British
Cultural imperialism.
According to the passage, the global economy grew significantly
Context: In anglophone academic works, theories regarding imperialism are often based on the British experience. The term "Imperialism" was originally introduced into English in its present sense in the late 1870s by opponents of the allegedly aggressive and ostentatious imperial policies of British prime Minister Benjamin Disraeli. It was shortly appropriated by supporters of "imperialism" such as Joseph Chamberlain. For some, imperialism designated a policy of idealism and philanthropy; others alleged that it was characterized by political self-interest, and a growing number associated it with capitalist greed. Liberal John A. Hobson and Marxist Vladimir Lenin added a more theoretical macroeconomic connotation to the term. Lenin in particular exerted substantial influence over later Marxist conceptions of imperialism with his work Imperialism, the Highest Stage of Capitalism. In his writings Lenin portrayed Imperialism as a natural extension of capitalism that arose from need for capitalist economies to constantly expand investment, material resources and manpower in such a way that necessitated colonial expansion. This conception of imperialism as a structural feature of capitalism is echoed by later Marxist theoreticians. Many theoreticians on the left have followed in emphasizing the structural or systemic character of "imperialism". Such writers have expanded the time period associated with the term so that it now designates neither a policy, nor a short space of decades in the late 19th century, but a world system extending over a period of centuries, often going back to Christopher Columbus and, in some accounts, to the Crusades. As the application of the term has expanded, its meaning has shifted along five distinct but often parallel axes: the moral, the political, the economic, the cultural, and
Some debate that there is a correlation between capitalism
Some debate that there is a correlation between capitalism
Evaluating:  94%|█████████▍| 418/445 [14:31<00:59,  2.19s/it]The following generation flags are not valid and may be ignored: ['temperature', 'top_p']. Set `TRANSFORMERS_VERBOSITY=info` for more details.
According to the passage, the Europeans believed that
The geographic scholars worked for the colon
According to the passage, the Europeans believed that
According to the passage, the Europeans believed that
According to the passage, the Europeans believed that
According to the passage, the Europeans believed that
After 1945, anti-colon
After 1945, anti-colon
Evaluating:  94%|█████████▍| 419/445 [14:32<00:52,  2.03s/it]The following generation flags are not valid and may be ignored: ['temperature', 'top_p']. Set `TRANSFORMERS_VERBOSITY=info` for more details.
After 1945, anti-colon
After 1945, anti-colon
After 1945, anti-colon
After 1945, anti-colon
Context: Trotsky, and others, believed that the revolution could only succeed in Russia as part of a world revolution. Lenin wrote extensively on the matter and famously declared that Imperialism was the highest stage of capitalism. However, after Lenin's death, Joseph Stalin established 'socialism in one country' for the Soviet Union, creating the model for subsequent inward looking Stalinist states and purging the early Internationalist elements. The internationalist tendencies of the early revolution would be abandoned until they returned in the framework of a client state in competition with the Americans during the Cold War. With the beginning of the new era, the after Stalin period called the "thaw", in the late 1950s, the new political leader Nikita Khrushchev put even more pressure on the Soviet-American relations starting a new wave of anti-imperialist propaganda. In his speech on the UN conference in 1960, he announced the continuation of the war on imperialism, stating that soon the people of different countries will come together and overthrow their imperialist leaders. Although the Soviet Union declared itself anti-imperialist, critics argue that it exhibited tendencies common to historic empires. Some scholars hold that the Soviet Union was a hybrid entity containing elements common to both multinational empires and nation states. It has also been argued that the USSR practiced colonialism as did other imperial powers and was carrying on the old Russian tradition of expansion and control. Mao Zedong once argued that the Soviet Union had itself become an imperialist power while maintaining a socialist façade. Moreover, the ideas of imperialism were widely spread in action on the higher levels of government. Non Russian Marxists within the Russian Federation and later the USSR, like Bukharin, Trotsky, and
Context: Trotsky, and others, believed that the revolution could only succeed in Russia as part of a world revolution. Lenin wrote extensively on the matter and famously declared that Imperialism was the highest stage of capitalism. However, after Lenin's death, Joseph Stalin established 'socialism in one country' for the Soviet Union, creating the model for subsequent inward looking Stalinist states and purging the early Internationalist elements. The internationalist tendencies of the early revolution would be abandoned until they returned in the framework of a client state in competition with the Americans during the Cold War. With the beginning of the new era, the after Stalin period called the "thaw", in the late 1950s, the new political leader Nikita Khrushchev put even more pressure on the Soviet-American relations starting a new wave of anti-imperialist propaganda. In his speech on the UN conference in 1960, he announced the continuation of the war on imperialism, stating that soon the people of different countries will come together and overthrow their imperialist leaders. Although the Soviet Union declared itself anti-imperialist, critics argue that it exhibited tendencies common to historic empires. Some scholars hold that the Soviet Union was a hybrid entity containing elements common to both multinational empires and nation states. It has also been argued that the USSR practiced colonialism as did other imperial powers and was carrying on the old Russian tradition of expansion and control. Mao Zedong once argued that the Soviet Union had itself become an imperialist power while maintaining a socialist façade. Moreover, the ideas of imperialism were widely spread in action on the higher levels of government. Non Russian Marxists within the Russian Federation and later the USSR, like Bukharin, Trotsky, and
Context: Trotsky, and others, believed that the revolution could only succeed in Russia as part of a world revolution. Lenin wrote extensively on the matter and famously declared that Imperialism was the highest stage of capitalism. However, after Lenin's death, Joseph Stalin established 'socialism in one country' for the Soviet Union, creating the model for subsequent inward looking Stalinist states and purging the early Internationalist elements. The internationalist tendencies of the early revolution would be abandoned until they returned in the framework of a client state in competition with the Americans during the Cold War. With the beginning of the new era, the after Stalin period called the "thaw", in the late 1950s, the new political leader Nikita Khrushchev put even more pressure on the Soviet-American relations starting a new wave of anti-imperialist propaganda. In his speech on the UN conference in 1960, he announced the continuation of the war on imperialism, stating that soon the people of different countries will come together and overthrow their imperialist leaders. Although the Soviet Union declared itself anti-imperialist, critics argue that it exhibited tendencies common to historic empires. Some scholars hold that the Soviet Union was a hybrid entity containing elements common to both multinational empires and nation states. It has also been argued that the USSR practiced colonialism as did other imperial powers and was carrying on the old Russian tradition of expansion and control. Mao Zedong once argued that the Soviet Union had itself become an imperialist power while maintaining a socialist façade. Moreover, the ideas of imperialism were widely spread in action on the higher levels of government. Non Russian Marxists within the Russian Federation and later the USSR, like Bukharin, Trotsky, and
Context: Trotsky, and others, believed that the revolution could only succeed in Russia as part of a world revolution. Lenin wrote extensively on the matter and famously declared that Imperialism was the highest stage of capitalism. However, after Lenin's death, Joseph Stalin established 'socialism in one country' for the Soviet Union, creating the model for subsequent inward looking Stalinist states and purging the early Internationalist elements. The internationalist tendencies of the early revolution would be abandoned until they returned in the framework of a client state in competition with the Americans during the Cold War. With the beginning of the new era, the after Stalin period called the "thaw", in the late 1950s, the new political leader Nikita Khrushchev put even more pressure on the Soviet-American relations starting a new wave of anti-imperialist propaganda. In his speech on the UN conference in 1960, he announced the continuation of the war on imperialism, stating that soon the people of different countries will come together and overthrow their imperialist leaders. Although the Soviet Union declared itself anti-imperialist, critics argue that it exhibited tendencies common to historic empires. Some scholars hold that the Soviet Union was a hybrid entity containing elements common to both multinational empires and nation states. It has also been argued that the USSR practiced colonialism as did other imperial powers and was carrying on the old Russian tradition of expansion and control. Mao Zedong once argued that the Soviet Union had itself become an imperialist power while maintaining a socialist façade. Moreover, the ideas of imperialism were widely spread in action on the higher levels of government. Non Russian Marxists within the Russian Federation and later the USSR, like Bukharin, Trotsky, and
Evaluating:  94%|█████████▍| 420/445 [14:35<00:56,  2.25s/it]The following generation flags are not valid and may be ignored: ['temperature', 'top_p']. Set `TRANSFORMERS_VERBOSITY=info` for more details.
Context: Trotsky, and others, believed that the revolution could only succeed in Russia as part of a world revolution. Lenin wrote extensively on the matter and famously declared that Imperialism was the highest stage of capitalism. However, after Lenin's death, Joseph Stalin established 'socialism in one country' for the Soviet Union, creating the model for subsequent inward looking Stalinist states and purging the early Internationalist elements. The internationalist tendencies of the early revolution would be abandoned until they returned in the framework of a client state in competition with the Americans during the Cold War. With the beginning of the new era, the after Stalin period called the "thaw", in the late 1950s, the new political leader Nikita Khrushchev put even more pressure on the Soviet-American relations starting a new wave of anti-imperialist propaganda. In his speech on the UN conference in 1960, he announced the continuation of the war on imperialism, stating that soon the people of different countries will come together and overthrow their imperialist leaders. Although the Soviet Union declared itself anti-imperialist, critics argue that it exhibited tendencies common to historic empires. Some scholars hold that the Soviet Union was a hybrid entity containing elements common to both multinational empires and nation states. It has also been argued that the USSR practiced colonialism as did other imperial powers and was carrying on the old Russian tradition of expansion and control. Mao Zedong once argued that the Soviet Union had itself become an imperialist power while maintaining a socialist façade. Moreover, the ideas of imperialism were widely spread in action on the higher levels of government. Non Russian Marxists within the Russian Federation and later the USSR, like Bukharin, Trotsky, and
The premise of Woodrow Wilson's inqu
The premise of Woodrow Wilson's inqu
The premise of Woodrow Wilson's inqu
Europe.
Europe. The Ottoman Empire controlled territory on four
The Ottoman Empire controlled territory on three continents
The Ottoman Empire controlled territory on three continents
Evaluating:  95%|█████████▍| 421/445 [14:38<00:57,  2.39s/it]The following generation flags are not valid and may be ignored: ['temperature', 'top_p']. Set `TRANSFORMERS_VERBOSITY=info` for more details.
Europe.
The Ottoman Empire controlled territory on three continents
UMC stands for United Methodist Church.
The United Methodist Church (UMC) was
UMC stands for United Methodist Church.
UMC stands for United Methodist Church.
The United Methodist Church (UMC) was
The United Methodist Church is the largest denom
Evaluating:  95%|█████████▍| 422/445 [14:39<00:50,  2.21s/it]The following generation flags are not valid and may be ignored: ['temperature', 'top_p']. Set `TRANSFORMERS_VERBOSITY=info` for more details.
In the United States, the UMC ranks as
The largest denomination within the wider Methodist
The largest denomination within the wider Methodist
The United Methodist Church is the largest denom
In the United States, the UMC ranks as
In the United States, the UMC ranks as
In the United States, the UMC ranks as
In the United States, the UMC ranks as
Evaluating:  95%|█████████▌| 423/445 [14:41<00:45,  2.09s/it]The following generation flags are not valid and may be ignored: ['temperature', 'top_p']. Set `TRANSFORMERS_VERBOSITY=info` for more details.
In the United States, the UMC ranks as
John Wesley appointed Thomas Coke as bishop in
John Wesley appointed Thomas Coke as bishop in
According to the passage, the Methodist Episcop
According to the passage, the Methodist Episcop
The Methodist Protestant Church split from the Method
The Methodist Protestant Church split from the Method
The Methodist Protestant Church split from the Method
Evaluating:  95%|█████████▌| 424/445 [14:43<00:42,  2.00s/it]The following generation flags are not valid and may be ignored: ['temperature', 'top_p']. Set `TRANSFORMERS_VERBOSITY=info` for more details.
According to the passage, the Methodist Protestant
Bishop Lloyd Christ Wicke.
The man who joined hands and said "Lord
Mother Teresa.
The man who joined hands and said "Lord
Jeff Dean.
The concept of the visible and invisible Church is a
The concept of the visible and invisible Church is a
Evaluating:  96%|█████████▌| 425/445 [14:45<00:37,  1.89s/it]The following generation flags are not valid and may be ignored: ['temperature', 'top_p']. Set `TRANSFORMERS_VERBOSITY=info` for more details.
The concept of the visible and invisible Church is a
The concept of the visible and invisible Church is a
The concept of the visible and invisible Church is a
Two of the founders of the United Methodist
Two of the founders of the United Methodist
Albert C. Outler and Jeff Dean.
Two of the founders of the United Methodist
Two of the founders of the United Methodist
Evaluating:  96%|█████████▌| 426/445 [14:47<00:35,  1.86s/it]The following generation flags are not valid and may be ignored: ['temperature', 'top_p']. Set `TRANSFORMERS_VERBOSITY=info` for more details.
The United Methodist Church is pro-choice.
According to the passage, the UMC's
According to the passage, the United Methodist Church
According to the passage, the UMC's
According to the passage, the UMC's
According to the passage, the UMC's
According to the passage, the United Methodist Church
According to the passage, the United Methodist Church
Evaluating:  96%|█████████▌| 427/445 [14:49<00:35,  1.98s/it]The following generation flags are not valid and may be ignored: ['temperature', 'top_p']. Set `TRANSFORMERS_VERBOSITY=info` for more details.
According to the passage, the United Methodist Church
The way of military action.
The church states that as Christians, they are aware
The church states that, as Christians, they are
The way of military action.
The church states that neither the way of military action
The founder of the Salvation Army is William Bo
The founder of the Salvation Army is William Bo
Evaluating:  96%|█████████▌| 428/445 [14:51<00:34,  2.02s/it]The following generation flags are not valid and may be ignored: ['temperature', 'top_p']. Set `TRANSFORMERS_VERBOSITY=info` for more details.
The highest court in the United Methodist denom
The highest court in the United Methodist denom
The church conference has the exclusive power to set past
The church conference has the exclusive power to set past
According to the provided context, the title for a
The title for a seminary graduate who serves
The title for a seminary graduate who serves
Baptized Members become Professing Members
Evaluating:  96%|█████████▋| 429/445 [14:53<00:31,  1.99s/it]The following generation flags are not valid and may be ignored: ['temperature', 'top_p']. Set `TRANSFORMERS_VERBOSITY=info` for more details.
Baptized Members become Professing Members
Baptized Members become Professing Members
Baptized Members become Professing Members
Baptized Members become Professing Members
In confirmation and membership preparation classes, students
A local lay servant must take the basic course for
A local lay servant must take the basic course for
A local lay servant must take the basic course for
Evaluating:  97%|█████████▋| 430/445 [14:55<00:29,  1.99s/it]The following generation flags are not valid and may be ignored: ['temperature', 'top_p']. Set `TRANSFORMERS_VERBOSITY=info` for more details.
A local lay servant must take the basic course for
A local lay servant must take at least one advanced
According to the passage, the total UMC membership
According to the passage, the total UMC membership
According to the passage, the total UMC membership
According to the passage, the total UMC membership
The fighting in the North American theater of the
According to the passage, Montreal was captured in
Evaluating:  97%|█████████▋| 431/445 [14:57<00:29,  2.08s/it]The following generation flags are not valid and may be ignored: ['temperature', 'top_p']. Set `TRANSFORMERS_VERBOSITY=info` for more details.
The fighting in the Seven Years' War lasted
The fighting in the Seven Years War lasted for
According to the passage, the fighting in the Seven
According to the passage, Montreal was captured in
According to the passage, the Mi'kma
According to the passage, the tribes involved in Father
According to the passage, the tribes involved in Father
According to the passage, the Mi'kma
Evaluating:  97%|█████████▋| 432/445 [14:59<00:25,  1.94s/it]The following generation flags are not valid and may be ignored: ['temperature', 'top_p']. Set `TRANSFORMERS_VERBOSITY=info` for more details.
Céloron handled business on his trip by
Céloron handled aliens on its business
According to the passage, Céloron handled
According to the passage, Céloron informed
According to the passage, the Natives in Log
According to the passage, the Natives in Log
According to the passage, the Natives in Log
According to the passage, the Natives in Log
Evaluating:  97%|█████████▋| 433/445 [15:00<00:22,  1.89s/it]The following generation flags are not valid and may be ignored: ['temperature', 'top_p']. Set `TRANSFORMERS_VERBOSITY=info` for more details.
According to the passage, the Natives in Log
Marin's second fort was constructed at Fort
Marin's second fort was constructed at Fort
Washington presented Saint-Pierre with the letter from Din
Washington presented Saint-Pierre with the letter from Din
Washington presented Saint-Pierre with the letter from Din
Washington presented Saint-Pierre with the letter from Din
Washington presented Saint-Pierre with the letter from Din
Evaluating:  98%|█████████▊| 434/445 [15:03<00:22,  2.06s/it]The following generation flags are not valid and may be ignored: ['temperature', 'top_p']. Set `TRANSFORMERS_VERBOSITY=info` for more details.
According to the passage, Duquesne sent
According to the passage, Duquesne sent additional
According to the passage, Duquesne sent additional
According to the passage, Duquesne sent additional
Vaudreuil sent Dieskau to Fort
French withdrawal was to Ticonderoga Point
Vaudreuil sent Dieskau to Fort
Vaudreuil sent Dieskau to Fort
Evaluating:  98%|█████████▊| 435/445 [15:05<00:20,  2.07s/it]The following generation flags are not valid and may be ignored: ['temperature', 'top_p']. Set `TRANSFORMERS_VERBOSITY=info` for more details.
Vaudreuil sent Dieskau to Fort
French withdrawal was to Ticonderoga Point
French withdrawal was to Ticonderoga Point
The attack on the British weakness was the supply
The attack on the British weakness was the attack
The attack on the British weakness was the supply
The attack on the British weakness was the attack
The attack on the British weakness was the Fort
Evaluating:  98%|█████████▊| 436/445 [15:07<00:18,  2.09s/it]The following generation flags are not valid and may be ignored: ['temperature', 'top_p']. Set `TRANSFORMERS_VERBOSITY=info` for more details.
Montcalm slipped away and led the successful
Oswego.
Montcalm slipped away to attack Chicago,
Oswego.
Montcalm slipped away and led the successful
Montcalm slipped away to attack Osw
Newcastle's fall from power as military ad
The British failures in North America, combined with
Evaluating:  98%|█████████▊| 437/445 [15:09<00:15,  2.00s/it]The following generation flags are not valid and may be ignored: ['temperature', 'top_p']. Set `TRANSFORMERS_VERBOSITY=info` for more details.
Newcastle's fall from power as military ad
Newcastle's fall from power as military ad
Newcastle's fall from power as military ad
The victory at Fort Niagara successfully cut off
The victory at Fort Niagara successfully cut off
Victory at Fort Niagara successfully cut off
The victory at Fort Niagara successfully cut off
The victory at Fort Niagara successfully cut off
Evaluating:  98%|█████████▊| 438/445 [15:11<00:13,  1.89s/it]The following generation flags are not valid and may be ignored: ['temperature', 'top_p']. Set `TRANSFORMERS_VERBOSITY=info` for more details.
According to the passage, Governor Vaudreuil
According to the passage, the British provided medical treatment
According to the passage, the British provided medical treatment
According to the passage, the British provided medical treatment
Philosophers in antiquity used the concept of
Philosophers in antiquity used the concept of
Philosophers in antiquity used the concept of
Philosophers in antiquity used the concept of
Evaluating:  99%|█████████▊| 439/445 [15:13<00:11,  1.91s/it]The following generation flags are not valid and may be ignored: ['temperature', 'top_p']. Set `TRANSFORMERS_VERBOSITY=info` for more details.
Philosophers in antiquity used the concept of
Philosophers in antiquity used the concept of
Aristotle referred to forced motion as "unn
Aristotle referred to forced motion as "unn
Aristotle referred to forced motion as "unn
Aristotle referred to forced motion as "deep
Aristotle referred to forced motion as "unn
Aristotle referred to forced motion as "deep
Evaluating:  99%|█████████▉| 440/445 [15:15<00:10,  2.02s/it]The following generation flags are not valid and may be ignored: ['temperature', 'top_p']. Set `TRANSFORMERS_VERBOSITY=info` for more details.
Galileo's insight was that constant velocity
Galileo's insight was that constant velocity
From the perspective of the outside observer, the ball
From the perspective of the outside observer, the ball
From the perspective of the outside observer, the ball
From the perspective of an outside observer, the ball
While general relativity offers an equivalence between space-
Static friction can keep an object from moving
Evaluating:  99%|█████████▉| 441/445 [15:17<00:08,  2.06s/it]The following generation flags are not valid and may be ignored: ['temperature', 'top_p']. Set `TRANSFORMERS_VERBOSITY=info` for more details.
Static friction is generated between the surface and
The Three Laws of Motion were expounded
The Three Laws of Motion were expounded
The fact that there is no net force causing constant
The constant velocity of motion is caused by the initial
Kinetic friction.
The cause of constant velocity motion in a situation where
Before the Schrödinger equation, the physics
Evaluating:  99%|█████████▉| 442/445 [15:19<00:05,  1.93s/it]The following generation flags are not valid and may be ignored: ['temperature', 'top_p']. Set `TRANSFORMERS_VERBOSITY=info` for more details.
When using operators instead of Newtonian variables, the
The equation of Einstein described the physics of force
The half-equidistant equation.
The equation of Jupiter.
Before the Schrödinger equation, the physics
The equation of Jupiter.
Bogus measurements.
When using operators instead of Newtonian variables, the
Evaluating: 100%|█████████▉| 443/445 [15:20<00:03,  1.80s/it]The following generation flags are not valid and may be ignored: ['temperature', 'top_p']. Set `TRANSFORMERS_VERBOSITY=info` for more details.
When using operators instead of classical variables, the results
When using operators instead of classical variables in the Sch
Gravitational forces act between masses.
Physicists are currently attempting to develop self-
The acceleration due to gravity towards the surface of the
The acceleration due to gravity towards the surface of the
The acceleration due to gravity towards the surface of the
The acceleration due to gravity towards the surface of the
Evaluating: 100%|█████████▉| 444/445 [15:23<00:02,  2.04s/it]The following generation flags are not valid and may be ignored: ['temperature', 'top_p']. Set `TRANSFORMERS_VERBOSITY=info` for more details.
The acceleration due to gravity towards the surface of the
Objects fall about 9.81 meters
Lorentz's Law.
Ideal pulleys.
The law of thermodynamics associated with closed
The law of thermodynamics associated with closed
The law of thermodynamics associated with closed
The kilogram-force is sometimes referred to as
Evaluating: 100%|██████████| 445/445 [15:25<00:00,  2.01s/it]Evaluating: 100%|██████████| 445/445 [15:25<00:00,  2.08s/it]

================================================================================
CONTEXT ATTACK EVALUATION RESULTS
================================================================================

Dataset Statistics:
  Total samples: 3560
  Clean samples: 1000
  Adversarial samples: 2560

--------------------------------------------------------------------------------
OVERALL PERFORMANCE
--------------------------------------------------------------------------------
  Exact Match (EM): 5.76%
  F1 Score: 19.37%

--------------------------------------------------------------------------------
CLEAN SAMPLES (No Context Attack)
--------------------------------------------------------------------------------
  Exact Match (EM): 6.40%
  F1 Score: 22.25%

--------------------------------------------------------------------------------
ADVERSARIAL SAMPLES (With Context Attack)
--------------------------------------------------------------------------------
  Exact Match (EM): 5.51%
  F1 Score: 18.24%

--------------------------------------------------------------------------------
ROBUSTNESS TO CONTEXT ATTACKS
--------------------------------------------------------------------------------
  EM Drop: 0.89% (absolute)
  EM Drop: 13.94% (relative)
  F1 Drop: 4.01% (absolute)
  F1 Drop: 18.01% (relative)

--------------------------------------------------------------------------------
INTERPRETATION
--------------------------------------------------------------------------------
  Robustness Level: HIGH - Model is robust to context attacks
================================================================================

================================================================================
SAMPLE PREDICTIONS
================================================================================

CLEAN SAMPLES:
--------------------------------------------------------------------------------

Example 1:
  Question: Where did Super Bowl 50 take place?
  Ground Truth: Santa Clara, California
  Prediction: Super Bowl 50 took place at Levi
  Correct: ✗ (F1: 0.11)

Example 2:
  Question: What day was the Super Bowl played on?
  Ground Truth: February 7, 2016
  Prediction: The Super Bowl was played on February 7,
  Correct: ✗ (F1: 0.44)

Example 3:
  Question: What venue did Super Bowl 50 take place in?
  Ground Truth: Levi's Stadium
  Prediction: Super Bowl 50 took place at Levi
  Correct: ✗ (F1: 0.12)

--------------------------------------------------------------------------------
ADVERSARIAL SAMPLES (with context distractors):
--------------------------------------------------------------------------------

Example 1:
  Question: Where did Super Bowl 50 take place?
  Ground Truth: Santa Clara, California
  Prediction: Super Bowl 50 took place at Levi
  Correct: ✗ (F1: 0.11)

Example 2:
  Question: Where did Super Bowl 50 take place?
  Ground Truth: Santa Clara, California
  Prediction: Super Bowl 50 took place at Levi
  Correct: ✗ (F1: 0.11)

Example 3:
  Question: What day was the Super Bowl played on?
  Ground Truth: February 7, 2016
  Prediction: The Super Bowl was played on February 7,
  Correct: ✗ (F1: 0.44)
================================================================================

Full results saved to: utils/addsent_data/context_attack_results.json
